ffmpeg started on 2025-11-23 at 15:20:01
Report written to "ffmpeg-20251123-152001.log"
Log level: 48
Command line:
ffmpeg -report -i "uploads\\file-fe6560c7-2155-44d6-9ad5-9033099f61da.mp4" -codec:v libx264 -codec:a aac -hls_time 10 -hls_playlist_type vod -hls_segment_filename "./uploads/art/06bf5f12-7b13-4496-898b-37a6aac259cf/segment%03d.ts" -start_number 0 ./uploads/art/06bf5f12-7b13-4496-898b-37a6aac259cf/index.m3u8
ffmpeg version 7.1.1-essentials_build-www.gyan.dev Copyright (c) 2000-2025 the FFmpeg developers
  built with gcc 14.2.0 (Rev1, Built by MSYS2 project)
  configuration: --enable-gpl --enable-version3 --enable-static --disable-w32threads --disable-autodetect --enable-fontconfig --enable-iconv --enable-gnutls --enable-libxml2 --enable-gmp --enable-bzlib --enable-lzma --enable-zlib --enable-libsrt --enable-libssh --enable-libzmq --enable-avisynth --enable-sdl2 --enable-libwebp --enable-libx264 --enable-libx265 --enable-libxvid --enable-libaom --enable-libopenjpeg --enable-libvpx --enable-mediafoundation --enable-libass --enable-libfreetype --enable-libfribidi --enable-libharfbuzz --enable-libvidstab --enable-libvmaf --enable-libzimg --enable-amf --enable-cuda-llvm --enable-cuvid --enable-dxva2 --enable-d3d11va --enable-d3d12va --enable-ffnvcodec --enable-libvpl --enable-nvdec --enable-nvenc --enable-vaapi --enable-libgme --enable-libopenmpt --enable-libopencore-amrwb --enable-libmp3lame --enable-libtheora --enable-libvo-amrwbenc --enable-libgsm --enable-libopencore-amrnb --enable-libopus --enable-libspeex --enable-libvorbis --enable-librubberband
  libavutil      59. 39.100 / 59. 39.100
  libavcodec     61. 19.101 / 61. 19.101
  libavformat    61.  7.100 / 61.  7.100
  libavdevice    61.  3.100 / 61.  3.100
  libavfilter    10.  4.100 / 10.  4.100
  libswscale      8.  3.100 /  8.  3.100
  libswresample   5.  3.100 /  5.  3.100
  libpostproc    58.  3.100 / 58.  3.100
Splitting the commandline.
Reading option '-report' ... matched as option 'report' (generate a report) with argument '1'.
Reading option '-i' ... matched as input url with argument 'uploads\file-fe6560c7-2155-44d6-9ad5-9033099f61da.mp4'.
Reading option '-codec:v' ... matched as option 'codec' (alias for -c (select encoder/decoder)) with argument 'libx264'.
Reading option '-codec:a' ... matched as option 'codec' (alias for -c (select encoder/decoder)) with argument 'aac'.
Reading option '-hls_time' ... matched as AVOption 'hls_time' with argument '10'.
Reading option '-hls_playlist_type' ... matched as AVOption 'hls_playlist_type' with argument 'vod'.
Reading option '-hls_segment_filename' ... matched as AVOption 'hls_segment_filename' with argument './uploads/art/06bf5f12-7b13-4496-898b-37a6aac259cf/segment%03d.ts'.
Reading option '-start_number' ... matched as AVOption 'start_number' with argument '0'.
Reading option './uploads/art/06bf5f12-7b13-4496-898b-37a6aac259cf/index.m3u8' ... matched as output url.
Finished splitting the commandline.
Parsing a group of options: global .
Applying option report (generate a report) with argument 1.
Successfully parsed a group of options.
Parsing a group of options: input url uploads\file-fe6560c7-2155-44d6-9ad5-9033099f61da.mp4.
Successfully parsed a group of options.
Opening an input file: uploads\file-fe6560c7-2155-44d6-9ad5-9033099f61da.mp4.
[AVFormatContext @ 0000020054c9fcc0] Opening 'uploads\file-fe6560c7-2155-44d6-9ad5-9033099f61da.mp4' for reading
[file @ 0000020054ca0380] Setting default whitelist 'file,crypto,data'
[mov,mp4,m4a,3gp,3g2,mj2 @ 0000020054c9fcc0] Format mov,mp4,m4a,3gp,3g2,mj2 probed with size=2048 and score=100
[mov,mp4,m4a,3gp,3g2,mj2 @ 0000020054c9fcc0] ISO: File Type Major Brand: mp42
[mov,mp4,m4a,3gp,3g2,mj2 @ 0000020054c9fcc0] Unknown dref type 0x206c7275 size 12
[mov,mp4,m4a,3gp,3g2,mj2 @ 0000020054c9fcc0] Processing st: 0, edit list 0 - media time: 7500, duration: 2880000
[mov,mp4,m4a,3gp,3g2,mj2 @ 0000020054c9fcc0] Offset DTS by 7500 to make first pts zero.
[mov,mp4,m4a,3gp,3g2,mj2 @ 0000020054c9fcc0] Setting codecpar->delay to 2 for stream st: 0
[mov,mp4,m4a,3gp,3g2,mj2 @ 0000020054c9fcc0] Unknown dref type 0x206c7275 size 12
[mov,mp4,m4a,3gp,3g2,mj2 @ 0000020054c9fcc0] Processing st: 1, edit list 0 - media time: 1024, duration: 1536000
[mov,mp4,m4a,3gp,3g2,mj2 @ 0000020054c9fcc0] drop a frame at curr_cts: 0 @ 0
[mov,mp4,m4a,3gp,3g2,mj2 @ 0000020054c9fcc0] Before avformat_find_stream_info() pos: 11937027 bytes read:57172 seeks:1 nb_streams:2
[h264 @ 0000020054ca0e80] nal_unit_type: 7(SPS), nal_ref_idc: 3
[h264 @ 0000020054ca0e80] Decoding VUI
[h264 @ 0000020054ca0e80] nal_unit_type: 8(PPS), nal_ref_idc: 3
Transform tree:
    mdct_inv_float_avx2 - type: mdct_float, len: 64, factors[2]: [2, any], flags: [aligned, out_of_place, inv_only]
        fft32_asm_float_fma3 - type: fft_float, len: 32, factor: 2, flags: [aligned, inplace, out_of_place, preshuf, asm_call]
Transform tree:
    mdct_inv_float_avx2 - type: mdct_float, len: 64, factors[2]: [2, any], flags: [aligned, out_of_place, inv_only]
        fft32_asm_float_fma3 - type: fft_float, len: 32, factor: 2, flags: [aligned, inplace, out_of_place, preshuf, asm_call]
Transform tree:
    mdct_pfa_3xM_inv_float_c - type: mdct_float, len: 96, factors[2]: [3, any], flags: [unaligned, out_of_place, inv_only]
        fft16_ns_float_fma3 - type: fft_float, len: 16, factor: 2, flags: [aligned, inplace, out_of_place, preshuf]
Transform tree:
    mdct_inv_float_avx2 - type: mdct_float, len: 120, factors[2]: [2, any], flags: [aligned, out_of_place, inv_only]
        fft_pfa_15xM_asm_float_avx2 - type: fft_float, len: 60, factors[2]: [15, 2], flags: [aligned, inplace, out_of_place, preshuf, asm_call]
            fft4_fwd_asm_float_sse2 - type: fft_float, len: 4, factor: 2, flags: [aligned, inplace, out_of_place, preshuf, asm_call]
Transform tree:
    mdct_inv_float_avx2 - type: mdct_float, len: 128, factors[2]: [2, any], flags: [aligned, out_of_place, inv_only]
        fft_sr_asm_float_fma3 - type: fft_float, len: 64, factor: 2, flags: [aligned, inplace, out_of_place, preshuf, asm_call]
Transform tree:
    mdct_inv_float_avx2 - type: mdct_float, len: 480, factors[2]: [2, any], flags: [aligned, out_of_place, inv_only]
        fft_pfa_15xM_asm_float_avx2 - type: fft_float, len: 240, factors[2]: [15, 2], flags: [aligned, inplace, out_of_place, preshuf, asm_call]
            fft16_asm_float_fma3 - type: fft_float, len: 16, factor: 2, flags: [aligned, inplace, out_of_place, preshuf, asm_call]
Transform tree:
    mdct_inv_float_avx2 - type: mdct_float, len: 512, factors[2]: [2, any], flags: [aligned, out_of_place, inv_only]
        fft_sr_asm_float_fma3 - type: fft_float, len: 256, factor: 2, flags: [aligned, inplace, out_of_place, preshuf, asm_call]
Transform tree:
    mdct_pfa_3xM_inv_float_c - type: mdct_float, len: 768, factors[2]: [3, any], flags: [unaligned, out_of_place, inv_only]
        fft_sr_ns_float_fma3 - type: fft_float, len: 128, factor: 2, flags: [aligned, inplace, out_of_place, preshuf]
Transform tree:
    mdct_inv_float_avx2 - type: mdct_float, len: 960, factors[2]: [2, any], flags: [aligned, out_of_place, inv_only]
        fft_pfa_15xM_asm_float_avx2 - type: fft_float, len: 480, factors[2]: [15, 2], flags: [aligned, inplace, out_of_place, preshuf, asm_call]
            fft32_asm_float_fma3 - type: fft_float, len: 32, factor: 2, flags: [aligned, inplace, out_of_place, preshuf, asm_call]
Transform tree:
    mdct_inv_float_avx2 - type: mdct_float, len: 1024, factors[2]: [2, any], flags: [aligned, out_of_place, inv_only]
        fft_sr_asm_float_fma3 - type: fft_float, len: 512, factor: 2, flags: [aligned, inplace, out_of_place, preshuf, asm_call]
Transform tree:
    mdct_fwd_float_c - type: mdct_float, len: 1024, factors[2]: [2, any], flags: [unaligned, out_of_place, fwd_only]
        fft_sr_ns_float_fma3 - type: fft_float, len: 512, factor: 2, flags: [aligned, inplace, out_of_place, preshuf]
[h264 @ 0000020054ca0e80] nal_unit_type: 7(SPS), nal_ref_idc: 3
[h264 @ 0000020054ca0e80] Decoding VUI
[h264 @ 0000020054ca0e80] nal_unit_type: 8(PPS), nal_ref_idc: 3
[h264 @ 0000020054ca0e80] nal_unit_type: 6(SEI), nal_ref_idc: 0
[h264 @ 0000020054ca0e80] nal_unit_type: 5(IDR), nal_ref_idc: 3
[h264 @ 0000020054ca0e80] Format yuv420p chosen by get_format().
[h264 @ 0000020054ca0e80] Reinit context to 1920x1088, pix_fmt: yuv420p
[h264 @ 0000020054ca0e80] no picture 
[mov,mp4,m4a,3gp,3g2,mj2 @ 0000020054c9fcc0] demuxer injecting skip 1024 / discard 0
[aac @ 0000020054ccde00] skip 1024 / discard 0 samples due to side data
[mov,mp4,m4a,3gp,3g2,mj2 @ 0000020054c9fcc0] All info found
[mov,mp4,m4a,3gp,3g2,mj2 @ 0000020054c9fcc0] After avformat_find_stream_info() pos: 265711 bytes read:355580 seeks:2 frames:3
Input #0, mov,mp4,m4a,3gp,3g2,mj2, from 'uploads\file-fe6560c7-2155-44d6-9ad5-9033099f61da.mp4':
  Metadata:
    major_brand     : mp42
    minor_version   : 512
    compatible_brands: mp42iso2avc1mp41
    creation_time   : 2023-08-28T10:17:08.000000Z
    encoder         : HandBrake 1.6.1 2023012300
  Duration: 00:00:32.00, start: 0.000000, bitrate: 2984 kb/s
  Stream #0:0[0x1](und), 2, 1/90000: Video: h264 (Main) (avc1 / 0x31637661), yuv420p(tv, bt709, progressive), 1920x1080 [SAR 153:152 DAR 34:19], 2852 kb/s, 24 fps, 24 tbr, 90k tbn (default)
      Metadata:
        creation_time   : 2023-08-28T10:17:08.000000Z
        handler_name    : VideoHandler
        vendor_id       : [0][0][0][0]
  Stream #0:1[0x2](eng), 1, 1/48000: Audio: aac (LC) (mp4a / 0x6134706D), 48000 Hz, stereo, fltp, 125 kb/s (default)
      Metadata:
        creation_time   : 2023-08-28T10:17:08.000000Z
        handler_name    : Stereo
        vendor_id       : [0][0][0][0]
Successfully opened the file.
Parsing a group of options: output url ./uploads/art/06bf5f12-7b13-4496-898b-37a6aac259cf/index.m3u8.
Applying option codec:v (alias for -c (select encoder/decoder)) with argument libx264.
Applying option codec:a (alias for -c (select encoder/decoder)) with argument aac.
Successfully parsed a group of options.
Opening an output file: ./uploads/art/06bf5f12-7b13-4496-898b-37a6aac259cf/index.m3u8.
[out#0/hls @ 0000020054ccdf00] No explicit maps, mapping streams automatically...
[vost#0:0/libx264 @ 0000020054ca7880] Created video stream from input stream 0:0
detected 16 logical cores
[h264 @ 000002005514e980] nal_unit_type: 7(SPS), nal_ref_idc: 3
[h264 @ 000002005514e980] Decoding VUI
[h264 @ 000002005514e980] nal_unit_type: 8(PPS), nal_ref_idc: 3
[aost#0:1/aac @ 0000020054f4f000] Created audio stream from input stream 0:1
Transform tree:
    mdct_inv_float_avx2 - type: mdct_float, len: 64, factors[2]: [2, any], flags: [aligned, out_of_place, inv_only]
        fft32_asm_float_fma3 - type: fft_float, len: 32, factor: 2, flags: [aligned, inplace, out_of_place, preshuf, asm_call]
Transform tree:
    mdct_inv_float_avx2 - type: mdct_float, len: 64, factors[2]: [2, any], flags: [aligned, out_of_place, inv_only]
        fft32_asm_float_fma3 - type: fft_float, len: 32, factor: 2, flags: [aligned, inplace, out_of_place, preshuf, asm_call]
Transform tree:
    mdct_pfa_3xM_inv_float_c - type: mdct_float, len: 96, factors[2]: [3, any], flags: [unaligned, out_of_place, inv_only]
        fft16_ns_float_fma3 - type: fft_float, len: 16, factor: 2, flags: [aligned, inplace, out_of_place, preshuf]
Transform tree:
    mdct_inv_float_avx2 - type: mdct_float, len: 120, factors[2]: [2, any], flags: [aligned, out_of_place, inv_only]
        fft_pfa_15xM_asm_float_avx2 - type: fft_float, len: 60, factors[2]: [15, 2], flags: [aligned, inplace, out_of_place, preshuf, asm_call]
            fft4_fwd_asm_float_sse2 - type: fft_float, len: 4, factor: 2, flags: [aligned, inplace, out_of_place, preshuf, asm_call]
Transform tree:
    mdct_inv_float_avx2 - type: mdct_float, len: 128, factors[2]: [2, any], flags: [aligned, out_of_place, inv_only]
        fft_sr_asm_float_fma3 - type: fft_float, len: 64, factor: 2, flags: [aligned, inplace, out_of_place, preshuf, asm_call]
Transform tree:
    mdct_inv_float_avx2 - type: mdct_float, len: 480, factors[2]: [2, any], flags: [aligned, out_of_place, inv_only]
        fft_pfa_15xM_asm_float_avx2 - type: fft_float, len: 240, factors[2]: [15, 2], flags: [aligned, inplace, out_of_place, preshuf, asm_call]
            fft16_asm_float_fma3 - type: fft_float, len: 16, factor: 2, flags: [aligned, inplace, out_of_place, preshuf, asm_call]
Transform tree:
    mdct_inv_float_avx2 - type: mdct_float, len: 512, factors[2]: [2, any], flags: [aligned, out_of_place, inv_only]
        fft_sr_asm_float_fma3 - type: fft_float, len: 256, factor: 2, flags: [aligned, inplace, out_of_place, preshuf, asm_call]
Transform tree:
    mdct_pfa_3xM_inv_float_c - type: mdct_float, len: 768, factors[2]: [3, any], flags: [unaligned, out_of_place, inv_only]
        fft_sr_ns_float_fma3 - type: fft_float, len: 128, factor: 2, flags: [aligned, inplace, out_of_place, preshuf]
Transform tree:
    mdct_inv_float_avx2 - type: mdct_float, len: 960, factors[2]: [2, any], flags: [aligned, out_of_place, inv_only]
        fft_pfa_15xM_asm_float_avx2 - type: fft_float, len: 480, factors[2]: [15, 2], flags: [aligned, inplace, out_of_place, preshuf, asm_call]
            fft32_asm_float_fma3 - type: fft_float, len: 32, factor: 2, flags: [aligned, inplace, out_of_place, preshuf, asm_call]
Transform tree:
    mdct_inv_float_avx2 - type: mdct_float, len: 1024, factors[2]: [2, any], flags: [aligned, out_of_place, inv_only]
        fft_sr_asm_float_fma3 - type: fft_float, len: 512, factor: 2, flags: [aligned, inplace, out_of_place, preshuf, asm_call]
Transform tree:
    mdct_fwd_float_c - type: mdct_float, len: 1024, factors[2]: [2, any], flags: [unaligned, out_of_place, fwd_only]
        fft_sr_ns_float_fma3 - type: fft_float, len: 512, factor: 2, flags: [aligned, inplace, out_of_place, preshuf]
Successfully opened the file.
Stream mapping:
  Stream #0:0 -> #0:0 (h264 (native) -> h264 (libx264))
  Stream #0:1 -> #0:1 (aac (native) -> aac (native))
[vost#0:0/libx264 @ 0000020054ca7880] Starting thread...
[aost#0:1/aac @ 0000020054f4f000] Starting thread...
[vf#0:0 @ 0000020054f50200] Starting thread...
[af#0:1 @ 0000020055102d80] Starting thread...
[vist#0:0/h264 @ 0000020054f6edc0] [dec:h264 @ 0000020054cadd80] Starting thread...
[aist#0:1/aac @ 0000020054d68980] [dec:aac @ 0000020055b638c0] Starting thread...
[in#0/mov,mp4,m4a,3gp,3g2,mj2 @ 0000020054c9f8c0] Starting thread...
Press [q] to stop, [?] for help
[aac @ 0000020054f0e640] skip 1024 / discard 0 samples due to side data
[h264 @ 000002005514e980] nal_unit_type: 6(SEI), nal_ref_idc: 0
[h264 @ 000002005514e980] nal_unit_type: 5(IDR), nal_ref_idc: 3
[h264 @ 000002005514e980] Format yuv420p chosen by get_format().
[h264 @ 000002005514e980] Reinit context to 1920x1088, pix_fmt: yuv420p
[h264 @ 000002005514e980] no picture 
[h264 @ 0000020054cab3c0] nal_unit_type: 1(Coded slice of a non-IDR picture), nal_ref_idc: 2
[h264 @ 0000020054cab3c0] no picture 
[graph_-1_in_0:1 @ 0000020054f4f280] Setting 'time_base' to value '1/48000'
[graph_-1_in_0:1 @ 0000020054f4f280] Setting 'sample_rate' to value '48000'
[graph_-1_in_0:1 @ 0000020054f4f280] Setting 'sample_fmt' to value 'fltp'
[graph_-1_in_0:1 @ 0000020054f4f280] Setting 'channel_layout' to value 'stereo'
[graph_-1_in_0:1 @ 0000020054f4f280] tb:1/48000 samplefmt:fltp samplerate:48000 chlayout:stereo
[format_out_#0:1 @ 000002005654b780] Setting 'sample_fmts' to value 'fltp'
[format_out_#0:1 @ 000002005654b780] Setting 'sample_rates' to value '96000|88200|64000|48000|44100|32000|24000|22050|16000|12000|11025|8000|7350'
[AVFilterGraph @ 0000020054e60f40] query_formats: 4 queried, 6 merged, 3 already done, 0 delayed
Transform tree:
    mdct_fwd_float_c - type: mdct_float, len: 1024, factors[2]: [2, any], flags: [unaligned, out_of_place, fwd_only]
        fft_sr_ns_float_fma3 - type: fft_float, len: 512, factor: 2, flags: [aligned, inplace, out_of_place, preshuf]
[h264 @ 0000020054d31000] nal_unit_type: 1(Coded slice of a non-IDR picture), nal_ref_idc: 2
Transform tree:
    mdct_fwd_float_c - type: mdct_float, len: 128, factors[2]: [2, any], flags: [unaligned, out_of_place, fwd_only]
        fft_sr_ns_float_fma3 - type: fft_float, len: 64, factor: 2, flags: [aligned, inplace, out_of_place, preshuf]
[out#0/hls @ 0000020054ccdf00] sq: send 1 ts 0.0213333
[out#0/hls @ 0000020054ccdf00] sq: receive 1 ts 0.0213333 queue head -1 ts N/A
[out#0/hls @ 0000020054ccdf00] sq: send 1 ts 0.0426667
[out#0/hls @ 0000020054ccdf00] sq: receive 1 ts 0.0426667 queue head -1 ts N/A
[out#0/hls @ 0000020054ccdf00] sq: send 1 ts 0.064
[out#0/hls @ 0000020054ccdf00] sq: receive 1 ts 0.064 queue head -1 ts N/A
[out#0/hls @ 0000020054ccdf00] sq: send 1 ts 0.0853333
[out#0/hls @ 0000020054ccdf00] sq: receive 1 ts 0.0853333 queue head -1 ts N/A
[out#0/hls @ 0000020054ccdf00] sq: send 1 ts 0.106667
[out#0/hls @ 0000020054ccdf00] sq: receive 1 ts 0.106667 queue head -1 ts N/A
[out#0/hls @ 0000020054ccdf00] sq: send 1 ts 0.128
[out#0/hls @ 0000020054ccdf00] sq: receive 1 ts 0.128 queue head -1 ts N/A
[out#0/hls @ 0000020054ccdf00] sq: send 1 ts 0.149333
[out#0/hls @ 0000020054ccdf00] sq: receive 1 ts 0.149333 queue head -1 ts N/A
[out#0/hls @ 0000020054ccdf00] sq: send 1 ts 0.170667
[out#0/hls @ 0000020054ccdf00] sq: receive 1 ts 0.170667 queue head -1 ts N/A
[out#0/hls @ 0000020054ccdf00] sq: send 1 ts 0.192
[out#0/hls @ 0000020054ccdf00] sq: receive 1 ts 0.192 queue head -1 ts N/A
[out#0/hls @ 0000020054ccdf00] sq: send 1 ts 0.213333
[out#0/hls @ 0000020054ccdf00] sq: receive 1 ts 0.213333 queue head -1 ts N/A
[out#0/hls @ 0000020054ccdf00] sq: send 1 ts 0.234667
[out#0/hls @ 0000020054ccdf00] sq: receive 1 ts 0.234667 queue head -1 ts N/A
[out#0/hls @ 0000020054ccdf00] sq: send 1 ts 0.256
[out#0/hls @ 0000020054ccdf00] sq: receive 1 ts 0.256 queue head -1 ts N/A
[out#0/hls @ 0000020054ccdf00] sq: send 1 ts 0.277333
[out#0/hls @ 0000020054ccdf00] sq: receive 1 ts 0.277333 queue head -1 ts N/A
[out#0/hls @ 0000020054ccdf00] sq: send 1 ts 0.298667
[out#0/hls @ 0000020054ccdf00] sq: receive 1 ts 0.298667 queue head -1 ts N/A
[out#0/hls @ 0000020054ccdf00] sq: send 1 ts 0.32
[out#0/hls @ 0000020054ccdf00] sq: receive 1 ts 0.32 queue head -1 ts N/A
[out#0/hls @ 0000020054ccdf00] sq: send 1 ts 0.341333
[out#0/hls @ 0000020054ccdf00] sq: receive 1 ts 0.341333 queue head -1 ts N/A
[out#0/hls @ 0000020054ccdf00] sq: send 1 ts 0.362667
[h264 @ 0000020054d316c0] nal_unit_type: 1(Coded slice of a non-IDR picture), nal_ref_idc: 0
[out#0/hls @ 0000020054ccdf00] sq: receive 1 ts 0.362667 queue head -1 ts N/A
[out#0/hls @ 0000020054ccdf00] sq: send 1 ts 0.384
[out#0/hls @ 0000020054ccdf00] sq: receive 1 ts 0.384 queue head -1 ts N/A
[out#0/hls @ 0000020054ccdf00] sq: send 1 ts 0.405333
[out#0/hls @ 0000020054ccdf00] sq: receive 1 ts 0.405333 queue head -1 ts N/A
[out#0/hls @ 0000020054ccdf00] sq: send 1 ts 0.426667
[out#0/hls @ 0000020054ccdf00] sq: receive 1 ts 0.426667 queue head -1 ts N/A
[out#0/hls @ 0000020054ccdf00] sq: send 1 ts 0.448
[out#0/hls @ 0000020054ccdf00] sq: receive 1 ts 0.448 queue head -1 ts N/A
[out#0/hls @ 0000020054ccdf00] sq: send 1 ts 0.469333
[out#0/hls @ 0000020054ccdf00] sq: receive 1 ts 0.469333 queue head -1 ts N/A
[h264 @ 0000020055207440] nal_unit_type: 1(Coded slice of a non-IDR picture), nal_ref_idc: 0
[out#0/hls @ 0000020054ccdf00] sq: send 1 ts 0.490667
[out#0/hls @ 0000020054ccdf00] sq: receive 1 ts 0.490667 queue head -1 ts N/A
[out#0/hls @ 0000020054ccdf00] sq: send 1 ts 0.512
[out#0/hls @ 0000020054ccdf00] sq: receive 1 ts 0.512 queue head -1 ts N/A
[out#0/hls @ 0000020054ccdf00] sq: send 1 ts 0.533333
[out#0/hls @ 0000020054ccdf00] sq: receive 1 ts 0.533333 queue head -1 ts N/A
[h264 @ 0000020054f6de40] nal_unit_type: 1(Coded slice of a non-IDR picture), nal_ref_idc: 2
[out#0/hls @ 0000020054ccdf00] sq: send 1 ts 0.554667
[out#0/hls @ 0000020054ccdf00] sq: receive 1 ts 0.554667 queue head -1 ts N/A
[out#0/hls @ 0000020054ccdf00] sq: send 1 ts 0.576
[out#0/hls @ 0000020054ccdf00] sq: receive 1 ts 0.576 queue head -1 ts N/A
[out#0/hls @ 0000020054ccdf00] sq: send 1 ts 0.597333
[out#0/hls @ 0000020054ccdf00] sq: receive 1 ts 0.597333 queue head -1 ts N/A
[h264 @ 0000020054f6e940] nal_unit_type: 1(Coded slice of a non-IDR picture), nal_ref_idc: 2
[out#0/hls @ 0000020054ccdf00] sq: send 1 ts 0.618667
[out#0/hls @ 0000020054ccdf00] sq: receive 1 ts 0.618667 queue head -1 ts N/A
[h264 @ 0000020054cc1180] nal_unit_type: 1(Coded slice of a non-IDR picture), nal_ref_idc: 0
[out#0/hls @ 0000020054ccdf00] sq: send 1 ts 0.64
[out#0/hls @ 0000020054ccdf00] sq: receive 1 ts 0.64 queue head -1 ts N/A
[h264 @ 0000020054cc1c80] nal_unit_type: 1(Coded slice of a non-IDR picture), nal_ref_idc: 0
[out#0/hls @ 0000020054ccdf00] sq: send 1 ts 0.661333
[out#0/hls @ 0000020054ccdf00] sq: receive 1 ts 0.661333 queue head -1 ts N/A
[out#0/hls @ 0000020054ccdf00] sq: send 1 ts 0.682667
[out#0/hls @ 0000020054ccdf00] sq: receive 1 ts 0.682667 queue head -1 ts N/A
[out#0/hls @ 0000020054ccdf00] sq: send 1 ts 0.704
[h264 @ 0000020054e28880] nal_unit_type: 1(Coded slice of a non-IDR picture), nal_ref_idc: 2
[out#0/hls @ 0000020054ccdf00] sq: receive 1 ts 0.704 queue head -1 ts N/A
[out#0/hls @ 0000020054ccdf00] sq: send 1 ts 0.725333
[out#0/hls @ 0000020054ccdf00] sq: receive 1 ts 0.725333 queue head -1 ts N/A
[out#0/hls @ 0000020054ccdf00] sq: send 1 ts 0.746667
[h264 @ 0000020054e29240] nal_unit_type: 1(Coded slice of a non-IDR picture), nal_ref_idc: 2
[out#0/hls @ 0000020054ccdf00] sq: receive 1 ts 0.746667 queue head -1 ts N/A
[out#0/hls @ 0000020054ccdf00] sq: send 1 ts 0.768
[out#0/hls @ 0000020054ccdf00] sq: receive 1 ts 0.768 queue head -1 ts N/A
[out#0/hls @ 0000020054ccdf00] sq: send 1 ts 0.789333
[h264 @ 0000020054f4d980] nal_unit_type: 1(Coded slice of a non-IDR picture), nal_ref_idc: 0
[out#0/hls @ 0000020054ccdf00] sq: receive 1 ts 0.789333 queue head -1 ts N/A
[out#0/hls @ 0000020054ccdf00] sq: send 1 ts 0.810667
[out#0/hls @ 0000020054ccdf00] sq: receive 1 ts 0.810667 queue head -1 ts N/A
[h264 @ 0000020054f4e480] nal_unit_type: 1(Coded slice of a non-IDR picture), nal_ref_idc: 0
[out#0/hls @ 0000020054ccdf00] sq: send 1 ts 0.832
[out#0/hls @ 0000020054ccdf00] sq: receive 1 ts 0.832 queue head -1 ts N/A
[out#0/hls @ 0000020054ccdf00] sq: send 1 ts 0.853333
[out#0/hls @ 0000020054ccdf00] sq: receive 1 ts 0.853333 queue head -1 ts N/A
[out#0/hls @ 0000020054ccdf00] sq: send 1 ts 0.874667
[h264 @ 0000020054f0edc0] nal_unit_type: 1(Coded slice of a non-IDR picture), nal_ref_idc: 2
[out#0/hls @ 0000020054ccdf00] sq: receive 1 ts 0.874667 queue head -1 ts N/A
[out#0/hls @ 0000020054ccdf00] sq: send 1 ts 0.896
[out#0/hls @ 0000020054ccdf00] sq: receive 1 ts 0.896 queue head -1 ts N/A
[out#0/hls @ 0000020054ccdf00] sq: send 1 ts 0.917333
[out#0/hls @ 0000020054ccdf00] sq: receive 1 ts 0.917333 queue head -1 ts N/A
[h264 @ 0000020054f0df00] nal_unit_type: 1(Coded slice of a non-IDR picture), nal_ref_idc: 2
[h264 @ 0000020054f0f140] nal_unit_type: 1(Coded slice of a non-IDR picture), nal_ref_idc: 0
[out#0/hls @ 0000020054ccdf00] sq: send 1 ts 0.938667
[out#0/hls @ 0000020054ccdf00] sq: receive 1 ts 0.938667 queue head -1 ts N/A
[out#0/hls @ 0000020054ccdf00] sq: send 1 ts 0.96
[out#0/hls @ 0000020054ccdf00] sq: receive 1 ts 0.96 queue head -1 ts N/A
[h264 @ 000002005514e980] nal_unit_type: 1(Coded slice of a non-IDR picture), nal_ref_idc: 0
[out#0/hls @ 0000020054ccdf00] sq: send 1 ts 0.981333
[out#0/hls @ 0000020054ccdf00] sq: receive 1 ts 0.981333 queue head -1 ts N/A
[out#0/hls @ 0000020054ccdf00] sq: send 1 ts 1.002667
[out#0/hls @ 0000020054ccdf00] sq: receive 1 ts 1.002667 queue head -1 ts N/A
[out#0/hls @ 0000020054ccdf00] sq: send 1 ts 1.024
[h264 @ 0000020054cab3c0] nal_unit_type: 1(Coded slice of a non-IDR picture), nal_ref_idc: 2
[out#0/hls @ 0000020054ccdf00] sq: receive 1 ts 1.024 queue head -1 ts N/A
[out#0/hls @ 0000020054ccdf00] sq: send 1 ts 1.045333
[out#0/hls @ 0000020054ccdf00] sq: receive 1 ts 1.045333 queue head -1 ts N/A
[h264 @ 0000020054d31000] nal_unit_type: 1(Coded slice of a non-IDR picture), nal_ref_idc: 2
[out#0/hls @ 0000020054ccdf00] sq: send 1 ts 1.066667
[out#0/hls @ 0000020054ccdf00] sq: receive 1 ts 1.066667 queue head -1 ts N/A
[out#0/hls @ 0000020054ccdf00] sq: send 1 ts 1.088
[out#0/hls @ 0000020054ccdf00] sq: receive 1 ts 1.088 queue head -1 ts N/A
[h264 @ 0000020054d316c0] nal_unit_type: 1(Coded slice of a non-IDR picture), nal_ref_idc: 0
[out#0/hls @ 0000020054ccdf00] sq: send 1 ts 1.109333
[out#0/hls @ 0000020054ccdf00] sq: receive 1 ts 1.109333 queue head -1 ts N/A
[out#0/hls @ 0000020054ccdf00] sq: send 1 ts 1.130667
[out#0/hls @ 0000020054ccdf00] sq: receive 1 ts 1.130667 queue head -1 ts N/A
[h264 @ 0000020055207440] nal_unit_type: 1(Coded slice of a non-IDR picture), nal_ref_idc: 0
[out#0/hls @ 0000020054ccdf00] sq: send 1 ts 1.152
[out#0/hls @ 0000020054ccdf00] sq: receive 1 ts 1.152 queue head -1 ts N/A
[out#0/hls @ 0000020054ccdf00] sq: send 1 ts 1.173333
[out#0/hls @ 0000020054ccdf00] sq: receive 1 ts 1.173333 queue head -1 ts N/A
[graph -1 input from stream 0:0 @ 000002005654a180] Setting 'video_size' to value '1920x1080'
[graph -1 input from stream 0:0 @ 000002005654a180] Setting 'pix_fmt' to value '0'
[graph -1 input from stream 0:0 @ 000002005654a180] Setting 'time_base' to value '1/90000'
[graph -1 input from stream 0:0 @ 000002005654a180] Setting 'pixel_aspect' to value '153/152'
[graph -1 input from stream 0:0 @ 000002005654a180] Setting 'colorspace' to value '1'
[graph -1 input from stream 0:0 @ 000002005654a180] Setting 'range' to value '1'
[graph -1 input from stream 0:0 @ 000002005654a180] Setting 'frame_rate' to value '24/1'
[graph -1 input from stream 0:0 @ 000002005654a180] w:1920 h:1080 pixfmt:yuv420p tb:1/90000 fr:24/1 sar:153/152 csp:bt709 range:tv
[format @ 000002005654b180] Setting 'pix_fmts' to value 'yuv420p|yuvj420p|yuv422p|yuvj422p|yuv444p|yuvj444p|nv12|nv16|nv21|yuv420p10le|yuv422p10le|yuv444p10le|nv20le|gray|gray10le'
[format @ 000002005654b180] Setting 'color_ranges' to value 'tv|pc'
[AVFilterGraph @ 0000020059b48500] query_formats: 4 queried, 9 merged, 0 already done, 0 delayed
[graph -1 input from stream 0:0 @ 000002005654a180] video frame properties congruent with link at pts_time: 0
[libx264 @ 0000020054ca7b00] using mv_range_thread = 24
[libx264 @ 0000020054ca7b00] using SAR=153/152
[h264 @ 0000020054f6de40] nal_unit_type: 1(Coded slice of a non-IDR picture), nal_ref_idc: 2
[out#0/hls @ 0000020054ccdf00] sq: send 1 ts 1.194667
[out#0/hls @ 0000020054ccdf00] sq: receive 1 ts 1.194667 queue head -1 ts N/A
[out#0/hls @ 0000020054ccdf00] sq: send 1 ts 1.216
[out#0/hls @ 0000020054ccdf00] sq: receive 1 ts 1.216 queue head -1 ts N/A
[libx264 @ 0000020054ca7b00] using cpu capabilities: MMX2 SSE2Fast SSSE3 SSE4.2 AVX FMA3 BMI2 AVX2
[h264 @ 0000020054f6e940] nal_unit_type: 1(Coded slice of a non-IDR picture), nal_ref_idc: 2
[out#0/hls @ 0000020054ccdf00] sq: send 1 ts 1.237333
[out#0/hls @ 0000020054ccdf00] sq: receive 1 ts 1.237333 queue head -1 ts N/A
[out#0/hls @ 0000020054ccdf00] sq: send 1 ts 1.258667
[out#0/hls @ 0000020054ccdf00] sq: receive 1 ts 1.258667 queue head -1 ts N/A
[h264 @ 0000020054cc1180] nal_unit_type: 1(Coded slice of a non-IDR picture), nal_ref_idc: 0
[out#0/hls @ 0000020054ccdf00] sq: send 1 ts 1.28
[out#0/hls @ 0000020054ccdf00] sq: receive 1 ts 1.28 queue head -1 ts N/A
[out#0/hls @ 0000020054ccdf00] sq: send 1 ts 1.301333
[out#0/hls @ 0000020054ccdf00] sq: receive 1 ts 1.301333 queue head -1 ts N/A
[h264 @ 0000020054cc1c80] nal_unit_type: 1(Coded slice of a non-IDR picture), nal_ref_idc: 0
[out#0/hls @ 0000020054ccdf00] sq: send 1 ts 1.322667
[out#0/hls @ 0000020054ccdf00] sq: receive 1 ts 1.322667 queue head -1 ts N/A
[out#0/hls @ 0000020054ccdf00] sq: send 1 ts 1.344
[out#0/hls @ 0000020054ccdf00] sq: receive 1 ts 1.344 queue head -1 ts N/A
[h264 @ 0000020054e28880] nal_unit_type: 1(Coded slice of a non-IDR picture), nal_ref_idc: 2
[out#0/hls @ 0000020054ccdf00] sq: send 1 ts 1.365333
[out#0/hls @ 0000020054ccdf00] sq: receive 1 ts 1.365333 queue head -1 ts N/A
[out#0/hls @ 0000020054ccdf00] sq: send 1 ts 1.386667
[out#0/hls @ 0000020054ccdf00] sq: receive 1 ts 1.386667 queue head -1 ts N/A
[h264 @ 0000020054e29240] nal_unit_type: 1(Coded slice of a non-IDR picture), nal_ref_idc: 2
[libx264 @ 0000020054ca7b00] profile High, level 4.0, 4:2:0, 8-bit
[libx264 @ 0000020054ca7b00] 264 - core 164 r3204 373697b - H.264/MPEG-4 AVC codec - Copyleft 2003-2025 - http://www.videolan.org/x264.html - options: cabac=1 ref=3 deblock=1:0:0 analyse=0x3:0x113 me=hex subme=7 psy=1 psy_rd=1.00:0.00 mixed_ref=1 me_range=16 chroma_me=1 trellis=1 8x8dct=1 cqm=0 deadzone=21,11 fast_pskip=1 chroma_qp_offset=-2 threads=24 lookahead_threads=4 sliced_threads=0 nr=0 decimate=1 interlaced=0 bluray_compat=0 constrained_intra=0 bframes=3 b_pyramid=2 b_adapt=1 b_bias=0 direct=1 weightb=1 open_gop=0 weightp=2 keyint=250 keyint_min=24 scenecut=40 intra_refresh=0 rc_lookahead=40 rc=crf mbtree=1 crf=23.0 qcomp=0.60 qpmin=0 qpmax=69 qpstep=4 ip_ratio=1.40 aq=1:1.00
[mpegts @ 0000020057cc5740] service 1 using PCR in pid=256, pcr_period=0ms
[mpegts @ 0000020057cc5740] muxrate VBR, sdt every 1073741822000 ms, pat/pmt every 1073741822000 ms
Output #0, hls, to './uploads/art/06bf5f12-7b13-4496-898b-37a6aac259cf/index.m3u8':
  Metadata:
    major_brand     : mp42
    minor_version   : 512
    compatible_brands: mp42iso2avc1mp41
    encoder         : Lavf61.7.100
  Stream #0:0(und), 0, 1/90000: Video: h264, yuv420p(tv, bt709, progressive), 1920x1080 [SAR 153:152 DAR 34:19], q=2-31, 24 fps, 90k tbn (default)
      Metadata:
        creation_time   : 2023-08-28T10:17:08.000000Z
        handler_name    : VideoHandler
        vendor_id       : [0][0][0][0]
        encoder         : Lavc61.19.101 libx264
      Side data:
        cpb: bitrate max/min/avg: 0/0/0 buffer size: 0 vbv_delay: N/A
  Stream #0:1(eng), 0, 1/90000: Audio: aac (LC), 48000 Hz, stereo, fltp, 128 kb/s (default)
      Metadata:
        creation_time   : 2023-08-28T10:17:08.000000Z
        handler_name    : Stereo
        vendor_id       : [0][0][0][0]
        encoder         : Lavc61.19.101 aac
[out#0/hls @ 0000020054ccdf00] Starting thread...
[out#0/hls @ 0000020054ccdf00] sq: send 0 ts 0.0416667
[out#0/hls @ 0000020054ccdf00] sq: receive 0 ts 0.0416667 queue head -1 ts N/A
[out#0/hls @ 0000020054ccdf00] sq: send 0 ts 0.0833333
[out#0/hls @ 0000020054ccdf00] sq: receive 0 ts 0.0833333 queue head -1 ts N/A
[out#0/hls @ 0000020054ccdf00] sq: send 0 ts 0.125
[out#0/hls @ 0000020054ccdf00] sq: receive 0 ts 0.125 queue head -1 ts N/A
[out#0/hls @ 0000020054ccdf00] sq: send 0 ts 0.166667
[out#0/hls @ 0000020054ccdf00] sq: receive 0 ts 0.166667 queue head -1 ts N/A
[out#0/hls @ 0000020054ccdf00] sq: send 0 ts 0.208333
[out#0/hls @ 0000020054ccdf00] sq: receive 0 ts 0.208333 queue head -1 ts N/A
[out#0/hls @ 0000020054ccdf00] sq: send 0 ts 0.25
[out#0/hls @ 0000020054ccdf00] sq: receive 0 ts 0.25 queue head -1 ts N/A
[out#0/hls @ 0000020054ccdf00] sq: send 0 ts 0.291667
[out#0/hls @ 0000020054ccdf00] sq: receive 0 ts 0.291667 queue head -1 ts N/A
[out#0/hls @ 0000020054ccdf00] sq: send 0 ts 0.333333
[h264 @ 0000020054f4d980] nal_unit_type: 1(Coded slice of a non-IDR picture), nal_ref_idc: 0
[out#0/hls @ 0000020054ccdf00] sq: receive 0 ts 0.333333 queue head -1 ts N/A
[out#0/hls @ 0000020054ccdf00] sq: send 1 ts 1.408
[out#0/hls @ 0000020054ccdf00] sq: receive 1 ts 1.408 queue head -1 ts N/A
[out#0/hls @ 0000020054ccdf00] sq: send 1 ts 1.429333
[out#0/hls @ 0000020054ccdf00] sq: receive 1 ts 1.429333 queue head -1 ts N/A
[out#0/hls @ 0000020054ccdf00] sq: send 0 ts 0.375
[out#0/hls @ 0000020054ccdf00] sq: receive 0 ts 0.375 queue head -1 ts N/A
[out#0/hls @ 0000020054ccdf00] sq: send 0 ts 0.416667
[out#0/hls @ 0000020054ccdf00] sq: receive 0 ts 0.416667 queue head -1 ts N/A
[h264 @ 0000020054f4e480] nal_unit_type: 1(Coded slice of a non-IDR picture), nal_ref_idc: 0
[h264 @ 0000020054f0edc0] nal_unit_type: 1(Coded slice of a non-IDR picture), nal_ref_idc: 2
[out#0/hls @ 0000020054ccdf00] sq: send 1 ts 1.450667
[out#0/hls @ 0000020054ccdf00] sq: receive 1 ts 1.450667 queue head -1 ts N/A
[out#0/hls @ 0000020054ccdf00] sq: send 0 ts 0.458333
[out#0/hls @ 0000020054ccdf00] sq: receive 0 ts 0.458333 queue head -1 ts N/A
[h264 @ 0000020054f0df00] nal_unit_type: 1(Coded slice of a non-IDR picture), nal_ref_idc: 2
[h264 @ 0000020054f0f140] nal_unit_type: 1(Coded slice of a non-IDR picture), nal_ref_idc: 0
[h264 @ 000002005514e980] nal_unit_type: 1(Coded slice of a non-IDR picture), nal_ref_idc: 0
[h264 @ 0000020054cab3c0] nal_unit_type: 1(Coded slice of a non-IDR picture), nal_ref_idc: 2
[out#0/hls @ 0000020054ccdf00] sq: send 1 ts 1.472
[out#0/hls @ 0000020054ccdf00] sq: receive 1 ts 1.472 queue head -1 ts N/A
[h264 @ 0000020054d31000] nal_unit_type: 1(Coded slice of a non-IDR picture), nal_ref_idc: 2
[out#0/hls @ 0000020054ccdf00] sq: send 0 ts 0.5
[out#0/hls @ 0000020054ccdf00] sq: receive 0 ts 0.5 queue head -1 ts N/A
[h264 @ 0000020054d316c0] nal_unit_type: 1(Coded slice of a non-IDR picture), nal_ref_idc: 0
[h264 @ 0000020055207440] nal_unit_type: 1(Coded slice of a non-IDR picture), nal_ref_idc: 0
[h264 @ 0000020054f6de40] nal_unit_type: 1(Coded slice of a non-IDR picture), nal_ref_idc: 2
[out#0/hls @ 0000020054ccdf00] sq: send 1 ts 1.493333
[out#0/hls @ 0000020054ccdf00] sq: receive 1 ts 1.493333 queue head -1 ts N/A
[out#0/hls @ 0000020054ccdf00] sq: send 0 ts 0.541667
[out#0/hls @ 0000020054ccdf00] sq: receive 0 ts 0.541667 queue head -1 ts N/A
[h264 @ 0000020054f6e940] nal_unit_type: 1(Coded slice of a non-IDR picture), nal_ref_idc: 2
[out#0/hls @ 0000020054ccdf00] sq: send 1 ts 1.514667
[out#0/hls @ 0000020054ccdf00] sq: receive 1 ts 1.514667 queue head -1 ts N/A
[out#0/hls @ 0000020054ccdf00] sq: send 0 ts 0.583333
[h264 @ 0000020054cc1180] nal_unit_type: 1(Coded slice of a non-IDR picture), nal_ref_idc: 0
[out#0/hls @ 0000020054ccdf00] sq: receive 0 ts 0.583333 queue head -1 ts N/A
[out#0/hls @ 0000020054ccdf00] sq: send 1 ts 1.536
[out#0/hls @ 0000020054ccdf00] sq: receive 1 ts 1.536 queue head -1 ts N/A
[out#0/hls @ 0000020054ccdf00] sq: send 0 ts 0.625
[h264 @ 0000020054cc1c80] nal_unit_type: 1(Coded slice of a non-IDR picture), nal_ref_idc: 0
[out#0/hls @ 0000020054ccdf00] sq: receive 0 ts 0.625 queue head -1 ts N/A
[out#0/hls @ 0000020054ccdf00] sq: send 1 ts 1.557333
[out#0/hls @ 0000020054ccdf00] sq: receive 1 ts 1.557333 queue head -1 ts N/A
[h264 @ 0000020054e28880] nal_unit_type: 1(Coded slice of a non-IDR picture), nal_ref_idc: 2
[out#0/hls @ 0000020054ccdf00] sq: send 0 ts 0.666667
[out#0/hls @ 0000020054ccdf00] sq: receive 0 ts 0.666667 queue head -1 ts N/A
[out#0/hls @ 0000020054ccdf00] sq: send 1 ts 1.578667
[out#0/hls @ 0000020054ccdf00] sq: receive 1 ts 1.578667 queue head -1 ts N/A
[out#0/hls @ 0000020054ccdf00] sq: send 0 ts 0.708333
[h264 @ 0000020054e29240] nal_unit_type: 1(Coded slice of a non-IDR picture), nal_ref_idc: 2
[out#0/hls @ 0000020054ccdf00] sq: receive 0 ts 0.708333 queue head -1 ts N/A
[out#0/hls @ 0000020054ccdf00] sq: send 1 ts 1.6
[out#0/hls @ 0000020054ccdf00] sq: receive 1 ts 1.6 queue head -1 ts N/A
[out#0/hls @ 0000020054ccdf00] sq: send 1 ts 1.621333
[out#0/hls @ 0000020054ccdf00] sq: receive 1 ts 1.621333 queue head -1 ts N/A
[out#0/hls @ 0000020054ccdf00] sq: send 1 ts 1.642667
[h264 @ 0000020054f4d980] nal_unit_type: 1(Coded slice of a non-IDR picture), nal_ref_idc: 0
[out#0/hls @ 0000020054ccdf00] sq: receive 1 ts 1.642667 queue head -1 ts N/A
[out#0/hls @ 0000020054ccdf00] sq: send 0 ts 0.75
[out#0/hls @ 0000020054ccdf00] sq: receive 0 ts 0.75 queue head -1 ts N/A
[out#0/hls @ 0000020054ccdf00] sq: send 1 ts 1.664
[out#0/hls @ 0000020054ccdf00] sq: receive 1 ts 1.664 queue head -1 ts N/A
[out#0/hls @ 0000020054ccdf00] sq: send 1 ts 1.685333
[out#0/hls @ 0000020054ccdf00] sq: receive 1 ts 1.685333 queue head -1 ts N/A
[out#0/hls @ 0000020054ccdf00] sq: send 0 ts 0.791667
[h264 @ 0000020054f4e480] nal_unit_type: 1(Coded slice of a non-IDR picture), nal_ref_idc: 0
[out#0/hls @ 0000020054ccdf00] sq: receive 0 ts 0.791667 queue head -1 ts N/A
[out#0/hls @ 0000020054ccdf00] sq: send 1 ts 1.706667
[out#0/hls @ 0000020054ccdf00] sq: receive 1 ts 1.706667 queue head -1 ts N/A
[out#0/hls @ 0000020054ccdf00] sq: send 0 ts 0.833333
[out#0/hls @ 0000020054ccdf00] sq: receive 0 ts 0.833333 queue head -1 ts N/A
[h264 @ 0000020054f0edc0] nal_unit_type: 1(Coded slice of a non-IDR picture), nal_ref_idc: 2
[out#0/hls @ 0000020054ccdf00] sq: send 1 ts 1.728
[out#0/hls @ 0000020054ccdf00] sq: receive 1 ts 1.728 queue head -1 ts N/A
[out#0/hls @ 0000020054ccdf00] sq: send 0 ts 0.875
[out#0/hls @ 0000020054ccdf00] sq: receive 0 ts 0.875 queue head -1 ts N/A
[h264 @ 0000020054f0df00] nal_unit_type: 1(Coded slice of a non-IDR picture), nal_ref_idc: 2
[out#0/hls @ 0000020054ccdf00] sq: send 1 ts 1.749333
[out#0/hls @ 0000020054ccdf00] sq: receive 1 ts 1.749333 queue head -1 ts N/A
[h264 @ 0000020054f0f140] nal_unit_type: 1(Coded slice of a non-IDR picture), nal_ref_idc: 0
[out#0/hls @ 0000020054ccdf00] sq: send 1 ts 1.770667
[out#0/hls @ 0000020054ccdf00] sq: receive 1 ts 1.770667 queue head -1 ts N/A
[out#0/hls @ 0000020054ccdf00] sq: send 1 ts 1.792
[out#0/hls @ 0000020054ccdf00] sq: receive 1 ts 1.792 queue head -1 ts N/A
[out#0/hls @ 0000020054ccdf00] sq: send 1 ts 1.813333
[out#0/hls @ 0000020054ccdf00] sq: receive 1 ts 1.813333 queue head -1 ts N/A
[out#0/hls @ 0000020054ccdf00] sq: send 1 ts 1.834667
[out#0/hls @ 0000020054ccdf00] sq: receive 1 ts 1.834667 queue head -1 ts N/A
[out#0/hls @ 0000020054ccdf00] sq: send 1 ts 1.856
[out#0/hls @ 0000020054ccdf00] sq: receive 1 ts 1.856 queue head -1 ts N/A
[out#0/hls @ 0000020054ccdf00] sq: send 1 ts 1.877333
[out#0/hls @ 0000020054ccdf00] sq: receive 1 ts 1.877333 queue head -1 ts N/A
[out#0/hls @ 0000020054ccdf00] sq: send 1 ts 1.898667
[out#0/hls @ 0000020054ccdf00] sq: receive 1 ts 1.898667 queue head -1 ts N/A
[out#0/hls @ 0000020054ccdf00] sq: send 1 ts 1.92
[out#0/hls @ 0000020054ccdf00] sq: receive 1 ts 1.92 queue head -1 ts N/A
[out#0/hls @ 0000020054ccdf00] sq: send 1 ts 1.941333
[out#0/hls @ 0000020054ccdf00] sq: receive 1 ts 1.941333 queue head -1 ts N/A
[out#0/hls @ 0000020054ccdf00] sq: send 1 ts 1.962667
[out#0/hls @ 0000020054ccdf00] sq: receive 1 ts 1.962667 queue head -1 ts N/A
[out#0/hls @ 0000020054ccdf00] sq: send 0 ts 0.916667
[out#0/hls @ 0000020054ccdf00] sq: receive 0 ts 0.916667 queue head -1 ts N/A
[out#0/hls @ 0000020054ccdf00] sq: send 1 ts 1.984
[out#0/hls @ 0000020054ccdf00] sq: receive 1 ts 1.984 queue head -1 ts N/A
[out#0/hls @ 0000020054ccdf00] sq: send 0 ts 0.958333
[h264 @ 000002005514e980] nal_unit_type: 1(Coded slice of a non-IDR picture), nal_ref_idc: 0
[out#0/hls @ 0000020054ccdf00] sq: receive 0 ts 0.958333 queue head -1 ts N/A
[out#0/hls @ 0000020054ccdf00] sq: send 1 ts 2.005333
[out#0/hls @ 0000020054ccdf00] sq: receive 1 ts 2.005333 queue head -1 ts N/A
[out#0/hls @ 0000020054ccdf00] sq: send 0 ts 1
[out#0/hls @ 0000020054ccdf00] sq: receive 0 ts 1 queue head -1 ts N/A
[h264 @ 0000020054cab3c0] nal_unit_type: 1(Coded slice of a non-IDR picture), nal_ref_idc: 2
[out#0/hls @ 0000020054ccdf00] sq: send 1 ts 2.026667
[out#0/hls @ 0000020054ccdf00] sq: receive 1 ts 2.026667 queue head -1 ts N/A
[out#0/hls @ 0000020054ccdf00] sq: send 0 ts 1.041667
[h264 @ 0000020054d31000] nal_unit_type: 1(Coded slice of a non-IDR picture), nal_ref_idc: 2
[out#0/hls @ 0000020054ccdf00] sq: receive 0 ts 1.041667 queue head -1 ts N/A
[out#0/hls @ 0000020054ccdf00] sq: send 1 ts 2.048
[out#0/hls @ 0000020054ccdf00] sq: receive 1 ts 2.048 queue head -1 ts N/A
[out#0/hls @ 0000020054ccdf00] sq: send 0 ts 1.083333
[out#0/hls @ 0000020054ccdf00] sq: receive 0 ts 1.083333 queue head -1 ts N/A
[h264 @ 0000020054d316c0] nal_unit_type: 1(Coded slice of a non-IDR picture), nal_ref_idc: 0
[out#0/hls @ 0000020054ccdf00] sq: send 1 ts 2.069333
[out#0/hls @ 0000020054ccdf00] sq: receive 1 ts 2.069333 queue head -1 ts N/A
[out#0/hls @ 0000020054ccdf00] sq: send 0 ts 1.125
[out#0/hls @ 0000020054ccdf00] sq: receive 0 ts 1.125 queue head -1 ts N/A
[h264 @ 0000020055207440] nal_unit_type: 1(Coded slice of a non-IDR picture), nal_ref_idc: 0
[out#0/hls @ 0000020054ccdf00] sq: send 1 ts 2.090667
[out#0/hls @ 0000020054ccdf00] sq: receive 1 ts 2.090667 queue head -1 ts N/A
[out#0/hls @ 0000020054ccdf00] sq: send 0 ts 1.166667
[out#0/hls @ 0000020054ccdf00] sq: receive 0 ts 1.166667 queue head -1 ts N/A
[h264 @ 0000020054f6de40] nal_unit_type: 1(Coded slice of a non-IDR picture), nal_ref_idc: 2
[out#0/hls @ 0000020054ccdf00] sq: send 1 ts 2.112
[out#0/hls @ 0000020054ccdf00] sq: receive 1 ts 2.112 queue head -1 ts N/A
[out#0/hls @ 0000020054ccdf00] sq: send 1 ts 2.133333
[out#0/hls @ 0000020054ccdf00] sq: receive 1 ts 2.133333 queue head -1 ts N/A
[h264 @ 0000020054f6e940] nal_unit_type: 1(Coded slice of a non-IDR picture), nal_ref_idc: 2
[out#0/hls @ 0000020054ccdf00] sq: send 1 ts 2.154667
[out#0/hls @ 0000020054ccdf00] sq: receive 1 ts 2.154667 queue head -1 ts N/A
[out#0/hls @ 0000020054ccdf00] sq: send 0 ts 1.208333
[out#0/hls @ 0000020054ccdf00] sq: receive 0 ts 1.208333 queue head -1 ts N/A
[out#0/hls @ 0000020054ccdf00] sq: send 1 ts 2.176
[out#0/hls @ 0000020054ccdf00] sq: receive 1 ts 2.176 queue head -1 ts N/A
[out#0/hls @ 0000020054ccdf00] sq: send 0 ts 1.25
[h264 @ 0000020054cc1180] nal_unit_type: 1(Coded slice of a non-IDR picture), nal_ref_idc: 0
[out#0/hls @ 0000020054ccdf00] sq: receive 0 ts 1.25 queue head -1 ts N/A
[out#0/hls @ 0000020054ccdf00] sq: send 1 ts 2.197333
[out#0/hls @ 0000020054ccdf00] sq: receive 1 ts 2.197333 queue head -1 ts N/A
[h264 @ 0000020054cc1c80] nal_unit_type: 1(Coded slice of a non-IDR picture), nal_ref_idc: 0
[out#0/hls @ 0000020054ccdf00] sq: send 1 ts 2.218667
[out#0/hls @ 0000020054ccdf00] sq: receive 1 ts 2.218667 queue head -1 ts N/A
[out#0/hls @ 0000020054ccdf00] sq: send 1 ts 2.24
[out#0/hls @ 0000020054ccdf00] sq: receive 1 ts 2.24 queue head -1 ts N/A
[out#0/hls @ 0000020054ccdf00] sq: send 1 ts 2.261333
[out#0/hls @ 0000020054ccdf00] sq: receive 1 ts 2.261333 queue head -1 ts N/A
[out#0/hls @ 0000020054ccdf00] sq: send 1 ts 2.282667
[out#0/hls @ 0000020054ccdf00] sq: receive 1 ts 2.282667 queue head -1 ts N/A
[out#0/hls @ 0000020054ccdf00] sq: send 1 ts 2.304
[out#0/hls @ 0000020054ccdf00] sq: receive 1 ts 2.304 queue head -1 ts N/A
[out#0/hls @ 0000020054ccdf00] sq: send 1 ts 2.325333
[out#0/hls @ 0000020054ccdf00] sq: receive 1 ts 2.325333 queue head -1 ts N/A
[out#0/hls @ 0000020054ccdf00] sq: send 1 ts 2.346667
[out#0/hls @ 0000020054ccdf00] sq: receive 1 ts 2.346667 queue head -1 ts N/A
[out#0/hls @ 0000020054ccdf00] sq: send 1 ts 2.368
[out#0/hls @ 0000020054ccdf00] sq: receive 1 ts 2.368 queue head -1 ts N/A
[out#0/hls @ 0000020054ccdf00] sq: send 1 ts 2.389333
[out#0/hls @ 0000020054ccdf00] sq: receive 1 ts 2.389333 queue head -1 ts N/A
[out#0/hls @ 0000020054ccdf00] sq: send 1 ts 2.410667
[out#0/hls @ 0000020054ccdf00] sq: receive 1 ts 2.410667 queue head -1 ts N/A
[out#0/hls @ 0000020054ccdf00] sq: send 0 ts 1.291667
[out#0/hls @ 0000020054ccdf00] sq: receive 0 ts 1.291667 queue head -1 ts N/A
[out#0/hls @ 0000020054ccdf00] sq: send 1 ts 2.432
[out#0/hls @ 0000020054ccdf00] sq: receive 1 ts 2.432 queue head -1 ts N/A
[out#0/hls @ 0000020054ccdf00] sq: send 0 ts 1.333333
[out#0/hls @ 0000020054ccdf00] sq: receive 0 ts 1.333333 queue head -1 ts N/A
[h264 @ 0000020054e28880] nal_unit_type: 1(Coded slice of a non-IDR picture), nal_ref_idc: 2
[out#0/hls @ 0000020054ccdf00] sq: send 1 ts 2.453333
[out#0/hls @ 0000020054ccdf00] sq: receive 1 ts 2.453333 queue head -1 ts N/A
[h264 @ 0000020054e29240] nal_unit_type: 1(Coded slice of a non-IDR picture), nal_ref_idc: 2
[out#0/hls @ 0000020054ccdf00] sq: send 0 ts 1.375
[out#0/hls @ 0000020054ccdf00] sq: receive 0 ts 1.375 queue head -1 ts N/A
[out#0/hls @ 0000020054ccdf00] sq: send 1 ts 2.474667
[out#0/hls @ 0000020054ccdf00] sq: receive 1 ts 2.474667 queue head -1 ts N/A
[out#0/hls @ 0000020054ccdf00] sq: send 0 ts 1.416667
[out#0/hls @ 0000020054ccdf00] sq: receive 0 ts 1.416667 queue head -1 ts N/A
[h264 @ 0000020054f4d980] nal_unit_type: 1(Coded slice of a non-IDR picture), nal_ref_idc: 0
[out#0/hls @ 0000020054ccdf00] sq: send 1 ts 2.496
[h264 @ 0000020054f4e480] nal_unit_type: 1(Coded slice of a non-IDR picture), nal_ref_idc: 0
[out#0/hls @ 0000020054ccdf00] sq: receive 1 ts 2.496 queue head -1 ts N/A
[out#0/hls @ 0000020054ccdf00] sq: send 0 ts 1.458333
[out#0/hls @ 0000020054ccdf00] sq: receive 0 ts 1.458333 queue head -1 ts N/A
[out#0/hls @ 0000020054ccdf00] sq: send 1 ts 2.517333
[out#0/hls @ 0000020054ccdf00] sq: receive 1 ts 2.517333 queue head -1 ts N/A
[out#0/hls @ 0000020054ccdf00] sq: send 0 ts 1.5
[out#0/hls @ 0000020054ccdf00] sq: receive 0 ts 1.5 queue head -1 ts N/A
[h264 @ 0000020054f0edc0] nal_unit_type: 1(Coded slice of a non-IDR picture), nal_ref_idc: 2
[out#0/hls @ 0000020054ccdf00] sq: send 1 ts 2.538667
[out#0/hls @ 0000020054ccdf00] sq: receive 1 ts 2.538667 queue head -1 ts N/A
[out#0/hls @ 0000020054ccdf00] sq: send 0 ts 1.541667
[h264 @ 0000020054f0df00] nal_unit_type: 1(Coded slice of a non-IDR picture), nal_ref_idc: 2
[out#0/hls @ 0000020054ccdf00] sq: receive 0 ts 1.541667 queue head -1 ts N/A
[out#0/hls @ 0000020054ccdf00] sq: send 1 ts 2.56
[out#0/hls @ 0000020054ccdf00] sq: receive 1 ts 2.56 queue head -1 ts N/A
[out#0/hls @ 0000020054ccdf00] sq: send 0 ts 1.583333
[h264 @ 0000020054f0f140] nal_unit_type: 1(Coded slice of a non-IDR picture), nal_ref_idc: 0
[out#0/hls @ 0000020054ccdf00] sq: receive 0 ts 1.583333 queue head -1 ts N/A
[out#0/hls @ 0000020054ccdf00] sq: send 1 ts 2.581333
[out#0/hls @ 0000020054ccdf00] sq: receive 1 ts 2.581333 queue head -1 ts N/A
[out#0/hls @ 0000020054ccdf00] sq: send 0 ts 1.625
[h264 @ 000002005514e980] nal_unit_type: 1(Coded slice of a non-IDR picture), nal_ref_idc: 0
[out#0/hls @ 0000020054ccdf00] sq: receive 0 ts 1.625 queue head -1 ts N/A
[out#0/hls @ 0000020054ccdf00] sq: send 1 ts 2.602667
[out#0/hls @ 0000020054ccdf00] sq: receive 1 ts 2.602667 queue head -1 ts N/A
[out#0/hls @ 0000020054ccdf00] sq: send 0 ts 1.666667
[out#0/hls @ 0000020054ccdf00] sq: receive 0 ts 1.666667 queue head -1 ts N/A
[h264 @ 0000020054cab3c0] nal_unit_type: 1(Coded slice of a non-IDR picture), nal_ref_idc: 2
[out#0/hls @ 0000020054ccdf00] sq: send 1 ts 2.624
[out#0/hls @ 0000020054ccdf00] sq: receive 1 ts 2.624 queue head -1 ts N/A
[out#0/hls @ 0000020054ccdf00] sq: send 0 ts 1.708333
[out#0/hls @ 0000020054ccdf00] sq: receive 0 ts 1.708333 queue head -1 ts N/A
[h264 @ 0000020054d31000] nal_unit_type: 1(Coded slice of a non-IDR picture), nal_ref_idc: 2
[out#0/hls @ 0000020054ccdf00] sq: send 1 ts 2.645333
[out#0/hls @ 0000020054ccdf00] sq: receive 1 ts 2.645333 queue head -1 ts N/A
[h264 @ 0000020054d316c0] nal_unit_type: 1(Coded slice of a non-IDR picture), nal_ref_idc: 0
[out#0/hls @ 0000020054ccdf00] sq: send 0 ts 1.75
[out#0/hls @ 0000020054ccdf00] sq: receive 0 ts 1.75 queue head -1 ts N/A
[out#0/hls @ 0000020054ccdf00] sq: send 1 ts 2.666667
[out#0/hls @ 0000020054ccdf00] sq: receive 1 ts 2.666667 queue head -1 ts N/A
[out#0/hls @ 0000020054ccdf00] sq: send 0 ts 1.791667
[h264 @ 0000020055207440] nal_unit_type: 1(Coded slice of a non-IDR picture), nal_ref_idc: 0
[out#0/hls @ 0000020054ccdf00] sq: receive 0 ts 1.791667 queue head -1 ts N/A
[out#0/hls @ 0000020054ccdf00] sq: send 1 ts 2.688
[out#0/hls @ 0000020054ccdf00] sq: receive 1 ts 2.688 queue head -1 ts N/A
[out#0/hls @ 0000020054ccdf00] sq: send 0 ts 1.833333
[h264 @ 0000020054f6de40] nal_unit_type: 1(Coded slice of a non-IDR picture), nal_ref_idc: 2
[out#0/hls @ 0000020054ccdf00] sq: receive 0 ts 1.833333 queue head -1 ts N/A
[out#0/hls @ 0000020054ccdf00] sq: send 1 ts 2.709333
[out#0/hls @ 0000020054ccdf00] sq: receive 1 ts 2.709333 queue head -1 ts N/A
[out#0/hls @ 0000020054ccdf00] sq: send 0 ts 1.875
[out#0/hls @ 0000020054ccdf00] sq: receive 0 ts 1.875 queue head -1 ts N/A
[h264 @ 0000020054f6e940] nal_unit_type: 1(Coded slice of a non-IDR picture), nal_ref_idc: 2
[out#0/hls @ 0000020054ccdf00] sq: send 1 ts 2.730667
[out#0/hls @ 0000020054ccdf00] sq: receive 1 ts 2.730667 queue head -1 ts N/A
[h264 @ 0000020054cc1180] nal_unit_type: 1(Coded slice of a non-IDR picture), nal_ref_idc: 0
[out#0/hls @ 0000020054ccdf00] sq: send 0 ts 1.916667
[out#0/hls @ 0000020054ccdf00] sq: receive 0 ts 1.916667 queue head -1 ts N/A
[out#0/hls @ 0000020054ccdf00] sq: send 1 ts 2.752
[out#0/hls @ 0000020054ccdf00] sq: receive 1 ts 2.752 queue head -1 ts N/A
[out#0/hls @ 0000020054ccdf00] sq: send 0 ts 1.958333
[out#0/hls @ 0000020054ccdf00] sq: receive 0 ts 1.958333 queue head -1 ts N/A
[h264 @ 0000020054cc1c80] nal_unit_type: 1(Coded slice of a non-IDR picture), nal_ref_idc: 0
[out#0/hls @ 0000020054ccdf00] sq: send 1 ts 2.773333
[out#0/hls @ 0000020054ccdf00] sq: receive 1 ts 2.773333 queue head -1 ts N/A
[out#0/hls @ 0000020054ccdf00] sq: send 0 ts 2
[h264 @ 0000020054e28880] nal_unit_type: 1(Coded slice of a non-IDR picture), nal_ref_idc: 2
[out#0/hls @ 0000020054ccdf00] sq: receive 0 ts 2 queue head -1 ts N/A
[out#0/hls @ 0000020054ccdf00] sq: send 1 ts 2.794667
[out#0/hls @ 0000020054ccdf00] sq: receive 1 ts 2.794667 queue head -1 ts N/A
[out#0/hls @ 0000020054ccdf00] sq: send 1 ts 2.816
[out#0/hls @ 0000020054ccdf00] sq: receive 1 ts 2.816 queue head -1 ts N/A
[h264 @ 0000020054e29240] nal_unit_type: 1(Coded slice of a non-IDR picture), nal_ref_idc: 2
[out#0/hls @ 0000020054ccdf00] sq: send 1 ts 2.837333
[out#0/hls @ 0000020054ccdf00] sq: receive 1 ts 2.837333 queue head -1 ts N/A
[out#0/hls @ 0000020054ccdf00] sq: send 1 ts 2.858667
[out#0/hls @ 0000020054ccdf00] sq: receive 1 ts 2.858667 queue head -1 ts N/A
[out#0/hls @ 0000020054ccdf00] sq: send 1 ts 2.88
[out#0/hls @ 0000020054ccdf00] sq: receive 1 ts 2.88 queue head -1 ts N/A
[out#0/hls @ 0000020054ccdf00] sq: send 1 ts 2.901333
[out#0/hls @ 0000020054ccdf00] sq: receive 1 ts 2.901333 queue head -1 ts N/A
[out#0/hls @ 0000020054ccdf00] sq: send 1 ts 2.922667
[out#0/hls @ 0000020054ccdf00] sq: receive 1 ts 2.922667 queue head -1 ts N/A
[out#0/hls @ 0000020054ccdf00] sq: send 1 ts 2.944
[out#0/hls @ 0000020054ccdf00] sq: receive 1 ts 2.944 queue head -1 ts N/A
[out#0/hls @ 0000020054ccdf00] sq: send 1 ts 2.965333
[out#0/hls @ 0000020054ccdf00] sq: receive 1 ts 2.965333 queue head -1 ts N/A
[out#0/hls @ 0000020054ccdf00] sq: send 0 ts 2.041667
[out#0/hls @ 0000020054ccdf00] sq: receive 0 ts 2.041667 queue head -1 ts N/A
[out#0/hls @ 0000020054ccdf00] sq: send 1 ts 2.986667
[out#0/hls @ 0000020054ccdf00] sq: receive 1 ts 2.986667 queue head -1 ts N/A
[out#0/hls @ 0000020054ccdf00] sq: send 0 ts 2.083333
[out#0/hls @ 0000020054ccdf00] sq: receive 0 ts 2.083333 queue head -1 ts N/A
[h264 @ 0000020054f4d980] nal_unit_type: 1(Coded slice of a non-IDR picture), nal_ref_idc: 0
[out#0/hls @ 0000020054ccdf00] sq: send 1 ts 3.008
[out#0/hls @ 0000020054ccdf00] sq: receive 1 ts 3.008 queue head -1 ts N/A
[out#0/hls @ 0000020054ccdf00] sq: send 0 ts 2.125
[h264 @ 0000020054f4e480] nal_unit_type: 1(Coded slice of a non-IDR picture), nal_ref_idc: 0
[out#0/hls @ 0000020054ccdf00] sq: receive 0 ts 2.125 queue head -1 ts N/A
[out#0/hls @ 0000020054ccdf00] sq: send 1 ts 3.029333
[out#0/hls @ 0000020054ccdf00] sq: receive 1 ts 3.029333 queue head -1 ts N/A
[out#0/hls @ 0000020054ccdf00] sq: send 1 ts 3.050667
[out#0/hls @ 0000020054ccdf00] sq: receive 1 ts 3.050667 queue head -1 ts N/A
[h264 @ 0000020054f0edc0] nal_unit_type: 1(Coded slice of a non-IDR picture), nal_ref_idc: 2
[out#0/hls @ 0000020054ccdf00] sq: send 1 ts 3.072
[out#0/hls @ 0000020054ccdf00] sq: receive 1 ts 3.072 queue head -1 ts N/A
[out#0/hls @ 0000020054ccdf00] sq: send 1 ts 3.093333
[out#0/hls @ 0000020054ccdf00] sq: receive 1 ts 3.093333 queue head -1 ts N/A
[out#0/hls @ 0000020054ccdf00] sq: send 1 ts 3.114667
[out#0/hls @ 0000020054ccdf00] sq: receive 1 ts 3.114667 queue head -1 ts N/A
[out#0/hls @ 0000020054ccdf00] sq: send 1 ts 3.136
[out#0/hls @ 0000020054ccdf00] sq: receive 1 ts 3.136 queue head -1 ts N/A
[out#0/hls @ 0000020054ccdf00] sq: send 1 ts 3.157333
[out#0/hls @ 0000020054ccdf00] sq: receive 1 ts 3.157333 queue head -1 ts N/A
[out#0/hls @ 0000020054ccdf00] sq: send 1 ts 3.178667
[out#0/hls @ 0000020054ccdf00] sq: receive 1 ts 3.178667 queue head -1 ts N/A
[out#0/hls @ 0000020054ccdf00] sq: send 0 ts 2.166667
[out#0/hls @ 0000020054ccdf00] sq: receive 0 ts 2.166667 queue head -1 ts N/A
[out#0/hls @ 0000020054ccdf00] sq: send 1 ts 3.2
[out#0/hls @ 0000020054ccdf00] sq: receive 1 ts 3.2 queue head -1 ts N/A
[out#0/hls @ 0000020054ccdf00] sq: send 1 ts 3.221333
[out#0/hls @ 0000020054ccdf00] sq: receive 1 ts 3.221333 queue head -1 ts N/A
[h264 @ 0000020054f0df00] nal_unit_type: 1(Coded slice of a non-IDR picture), nal_ref_idc: 2
[out#0/hls @ 0000020054ccdf00] sq: send 0 ts 2.208333
[out#0/hls @ 0000020054ccdf00] sq: receive 0 ts 2.208333 queue head -1 ts N/A
[out#0/hls @ 0000020054ccdf00] sq: send 1 ts 3.242667
[out#0/hls @ 0000020054ccdf00] sq: receive 1 ts 3.242667 queue head -1 ts N/A
[h264 @ 0000020054f0f140] nal_unit_type: 1(Coded slice of a non-IDR picture), nal_ref_idc: 0
[out#0/hls @ 0000020054ccdf00] sq: send 0 ts 2.25
[out#0/hls @ 0000020054ccdf00] sq: receive 0 ts 2.25 queue head -1 ts N/A
[out#0/hls @ 0000020054ccdf00] sq: send 1 ts 3.264
[out#0/hls @ 0000020054ccdf00] sq: receive 1 ts 3.264 queue head -1 ts N/A
[h264 @ 000002005514e980] nal_unit_type: 1(Coded slice of a non-IDR picture), nal_ref_idc: 0
[out#0/hls @ 0000020054ccdf00] sq: send 0 ts 2.291667
[out#0/hls @ 0000020054ccdf00] sq: receive 0 ts 2.291667 queue head -1 ts N/A
[out#0/hls @ 0000020054ccdf00] sq: send 1 ts 3.285333
[out#0/hls @ 0000020054ccdf00] sq: receive 1 ts 3.285333 queue head -1 ts N/A
[out#0/hls @ 0000020054ccdf00] sq: send 0 ts 2.333333
[out#0/hls @ 0000020054ccdf00] sq: receive 0 ts 2.333333 queue head -1 ts N/A
[h264 @ 0000020054cab3c0] nal_unit_type: 1(Coded slice of a non-IDR picture), nal_ref_idc: 2
[out#0/hls @ 0000020054ccdf00] sq: send 1 ts 3.306667
[out#0/hls @ 0000020054ccdf00] sq: receive 1 ts 3.306667 queue head -1 ts N/A
[out#0/hls @ 0000020054ccdf00] sq: send 0 ts 2.375
[h264 @ 0000020054d31000] nal_unit_type: 1(Coded slice of a non-IDR picture), nal_ref_idc: 2
[out#0/hls @ 0000020054ccdf00] sq: receive 0 ts 2.375 queue head -1 ts N/A
[out#0/hls @ 0000020054ccdf00] sq: send 1 ts 3.328
[out#0/hls @ 0000020054ccdf00] sq: receive 1 ts 3.328 queue head -1 ts N/A
[h264 @ 0000020054d316c0] nal_unit_type: 1(Coded slice of a non-IDR picture), nal_ref_idc: 0
[out#0/hls @ 0000020054ccdf00] sq: send 0 ts 2.416667
[out#0/hls @ 0000020054ccdf00] sq: receive 0 ts 2.416667 queue head -1 ts N/A
[out#0/hls @ 0000020054ccdf00] sq: send 1 ts 3.349333
[out#0/hls @ 0000020054ccdf00] sq: receive 1 ts 3.349333 queue head -1 ts N/A
[h264 @ 0000020055207440] nal_unit_type: 1(Coded slice of a non-IDR picture), nal_ref_idc: 0
[out#0/hls @ 0000020054ccdf00] sq: send 0 ts 2.458333
[out#0/hls @ 0000020054ccdf00] sq: receive 0 ts 2.458333 queue head -1 ts N/A
[out#0/hls @ 0000020054ccdf00] sq: send 1 ts 3.370667
[out#0/hls @ 0000020054ccdf00] sq: receive 1 ts 3.370667 queue head -1 ts N/A
[out#0/hls @ 0000020054ccdf00] sq: send 0 ts 2.5
[out#0/hls @ 0000020054ccdf00] sq: receive 0 ts 2.5 queue head -1 ts N/A
[h264 @ 0000020054f6de40] nal_unit_type: 1(Coded slice of a non-IDR picture), nal_ref_idc: 2
[out#0/hls @ 0000020054ccdf00] sq: send 0 ts 2.541667
[out#0/hls @ 0000020054ccdf00] sq: receive 0 ts 2.541667 queue head -1 ts N/A
[h264 @ 0000020054f6e940] nal_unit_type: 1(Coded slice of a non-IDR picture), nal_ref_idc: 2
[out#0/hls @ 0000020054ccdf00] sq: send 1 ts 3.392
[out#0/hls @ 0000020054ccdf00] sq: receive 1 ts 3.392 queue head -1 ts N/A
[out#0/hls @ 0000020054ccdf00] sq: send 0 ts 2.583333
[out#0/hls @ 0000020054ccdf00] sq: receive 0 ts 2.583333 queue head -1 ts N/A
[h264 @ 0000020054cc1180] nal_unit_type: 1(Coded slice of a non-IDR picture), nal_ref_idc: 0
[out#0/hls @ 0000020054ccdf00] sq: send 1 ts 3.413333
[out#0/hls @ 0000020054ccdf00] sq: receive 1 ts 3.413333 queue head -1 ts N/A
[out#0/hls @ 0000020054ccdf00] sq: send 0 ts 2.625
[h264 @ 0000020054cc1c80] nal_unit_type: 1(Coded slice of a non-IDR picture), nal_ref_idc: 0
[out#0/hls @ 0000020054ccdf00] sq: receive 0 ts 2.625 queue head -1 ts N/A
[out#0/hls @ 0000020054ccdf00] sq: send 1 ts 3.434667
[out#0/hls @ 0000020054ccdf00] sq: receive 1 ts 3.434667 queue head -1 ts N/A
[out#0/hls @ 0000020054ccdf00] sq: send 0 ts 2.666667
[out#0/hls @ 0000020054ccdf00] sq: receive 0 ts 2.666667 queue head -1 ts N/A
[h264 @ 0000020054e28880] nal_unit_type: 1(Coded slice of a non-IDR picture), nal_ref_idc: 2
[out#0/hls @ 0000020054ccdf00] sq: send 1 ts 3.456
[out#0/hls @ 0000020054ccdf00] sq: receive 1 ts 3.456 queue head -1 ts N/A
[out#0/hls @ 0000020054ccdf00] sq: send 1 ts 3.477333
[out#0/hls @ 0000020054ccdf00] sq: receive 1 ts 3.477333 queue head -1 ts N/A
[out#0/hls @ 0000020054ccdf00] sq: send 1 ts 3.498667
[out#0/hls @ 0000020054ccdf00] sq: receive 1 ts 3.498667 queue head -1 ts N/A
[out#0/hls @ 0000020054ccdf00] sq: send 1 ts 3.52
[out#0/hls @ 0000020054ccdf00] sq: receive 1 ts 3.52 queue head -1 ts N/A
[out#0/hls @ 0000020054ccdf00] sq: send 1 ts 3.541333
[out#0/hls @ 0000020054ccdf00] sq: receive 1 ts 3.541333 queue head -1 ts N/A
[out#0/hls @ 0000020054ccdf00] sq: send 1 ts 3.562667
[out#0/hls @ 0000020054ccdf00] sq: receive 1 ts 3.562667 queue head -1 ts N/A
[out#0/hls @ 0000020054ccdf00] sq: send 1 ts 3.584
[out#0/hls @ 0000020054ccdf00] sq: receive 1 ts 3.584 queue head -1 ts N/A
[out#0/hls @ 0000020054ccdf00] sq: send 1 ts 3.605333
[out#0/hls @ 0000020054ccdf00] sq: receive 1 ts 3.605333 queue head -1 ts N/A
[out#0/hls @ 0000020054ccdf00] sq: send 1 ts 3.626667
[out#0/hls @ 0000020054ccdf00] sq: receive 1 ts 3.626667 queue head -1 ts N/A
[out#0/hls @ 0000020054ccdf00] sq: send 1 ts 3.648
[out#0/hls @ 0000020054ccdf00] sq: receive 1 ts 3.648 queue head -1 ts N/A
[h264 @ 0000020054e29240] nal_unit_type: 1(Coded slice of a non-IDR picture), nal_ref_idc: 2
[out#0/hls @ 0000020054ccdf00] sq: send 1 ts 3.669333
[out#0/hls @ 0000020054ccdf00] sq: receive 1 ts 3.669333 queue head -1 ts N/A
[out#0/hls @ 0000020054ccdf00] sq: send 1 ts 3.690667
[out#0/hls @ 0000020054ccdf00] sq: receive 1 ts 3.690667 queue head -1 ts N/A
[out#0/hls @ 0000020054ccdf00] sq: send 0 ts 2.708333
[out#0/hls @ 0000020054ccdf00] sq: receive 0 ts 2.708333 queue head -1 ts N/A
[out#0/hls @ 0000020054ccdf00] sq: send 1 ts 3.712
[out#0/hls @ 0000020054ccdf00] sq: receive 1 ts 3.712 queue head -1 ts N/A
[out#0/hls @ 0000020054ccdf00] sq: send 1 ts 3.733333
[out#0/hls @ 0000020054ccdf00] sq: receive 1 ts 3.733333 queue head -1 ts N/A
[h264 @ 0000020054f4d980] nal_unit_type: 1(Coded slice of a non-IDR picture), nal_ref_idc: 0
[out#0/hls @ 0000020054ccdf00] sq: send 1 ts 3.754667
[out#0/hls @ 0000020054ccdf00] sq: receive 1 ts 3.754667 queue head -1 ts N/A
[out#0/hls @ 0000020054ccdf00] sq: send 1 ts 3.776
[out#0/hls @ 0000020054ccdf00] sq: receive 1 ts 3.776 queue head -1 ts N/A
[out#0/hls @ 0000020054ccdf00] sq: send 0 ts 2.75
[out#0/hls @ 0000020054ccdf00] sq: receive 0 ts 2.75 queue head -1 ts N/A
[out#0/hls @ 0000020054ccdf00] sq: send 0 ts 2.791667
[out#0/hls @ 0000020054ccdf00] sq: receive 0 ts 2.791667 queue head -1 ts N/A
[h264 @ 0000020054f4e480] nal_unit_type: 1(Coded slice of a non-IDR picture), nal_ref_idc: 0
[out#0/hls @ 0000020054ccdf00] sq: send 1 ts 3.797333
[out#0/hls @ 0000020054ccdf00] sq: receive 1 ts 3.797333 queue head -1 ts N/A
[out#0/hls @ 0000020054ccdf00] sq: send 0 ts 2.833333
[out#0/hls @ 0000020054ccdf00] sq: receive 0 ts 2.833333 queue head -1 ts N/A
[h264 @ 0000020054f0edc0] nal_unit_type: 1(Coded slice of a non-IDR picture), nal_ref_idc: 2
[out#0/hls @ 0000020054ccdf00] sq: send 0 ts 2.875
[out#0/hls @ 0000020054ccdf00] sq: receive 0 ts 2.875 queue head -1 ts N/A
[h264 @ 0000020054f0df00] nal_unit_type: 1(Coded slice of a non-IDR picture), nal_ref_idc: 2
[out#0/hls @ 0000020054ccdf00] sq: send 0 ts 2.916667
[out#0/hls @ 0000020054ccdf00] sq: receive 0 ts 2.916667 queue head -1 ts N/A
[h264 @ 0000020054f0f140] nal_unit_type: 1(Coded slice of a non-IDR picture), nal_ref_idc: 0
[out#0/hls @ 0000020054ccdf00] sq: send 0 ts 2.958333
[out#0/hls @ 0000020054ccdf00] sq: receive 0 ts 2.958333 queue head -1 ts N/A
[h264 @ 000002005514e980] nal_unit_type: 1(Coded slice of a non-IDR picture), nal_ref_idc: 0
[out#0/hls @ 0000020054ccdf00] sq: send 1 ts 3.818667
[out#0/hls @ 0000020054ccdf00] sq: receive 1 ts 3.818667 queue head -1 ts N/A
[h264 @ 0000020054cab3c0] nal_unit_type: 1(Coded slice of a non-IDR picture), nal_ref_idc: 2
[out#0/hls @ 0000020054ccdf00] sq: send 1 ts 3.84
[out#0/hls @ 0000020054ccdf00] sq: receive 1 ts 3.84 queue head -1 ts N/A
[out#0/hls @ 0000020054ccdf00] sq: send 1 ts 3.861333
[out#0/hls @ 0000020054ccdf00] sq: receive 1 ts 3.861333 queue head -1 ts N/A
[out#0/hls @ 0000020054ccdf00] sq: send 1 ts 3.882667
[out#0/hls @ 0000020054ccdf00] sq: receive 1 ts 3.882667 queue head -1 ts N/A
[out#0/hls @ 0000020054ccdf00] sq: send 1 ts 3.904
[out#0/hls @ 0000020054ccdf00] sq: receive 1 ts 3.904 queue head -1 ts N/A
[out#0/hls @ 0000020054ccdf00] sq: send 1 ts 3.925333
[out#0/hls @ 0000020054ccdf00] sq: receive 1 ts 3.925333 queue head -1 ts N/A
[out#0/hls @ 0000020054ccdf00] sq: send 1 ts 3.946667
[out#0/hls @ 0000020054ccdf00] sq: receive 1 ts 3.946667 queue head -1 ts N/A
[out#0/hls @ 0000020054ccdf00] sq: send 1 ts 3.968
[out#0/hls @ 0000020054ccdf00] sq: receive 1 ts 3.968 queue head -1 ts N/A
[out#0/hls @ 0000020054ccdf00] sq: send 1 ts 3.989333
[out#0/hls @ 0000020054ccdf00] sq: receive 1 ts 3.989333 queue head -1 ts N/A
[out#0/hls @ 0000020054ccdf00] sq: send 1 ts 4.010667
[out#0/hls @ 0000020054ccdf00] sq: receive 1 ts 4.010667 queue head -1 ts N/A
[out#0/hls @ 0000020054ccdf00] sq: send 1 ts 4.032
[out#0/hls @ 0000020054ccdf00] sq: receive 1 ts 4.032 queue head -1 ts N/A
[out#0/hls @ 0000020054ccdf00] sq: send 1 ts 4.053333
[out#0/hls @ 0000020054ccdf00] sq: receive 1 ts 4.053333 queue head -1 ts N/A
[out#0/hls @ 0000020054ccdf00] sq: send 1 ts 4.074667
[out#0/hls @ 0000020054ccdf00] sq: receive 1 ts 4.074667 queue head -1 ts N/A
[out#0/hls @ 0000020054ccdf00] sq: send 1 ts 4.096
[out#0/hls @ 0000020054ccdf00] sq: receive 1 ts 4.096 queue head -1 ts N/A
[out#0/hls @ 0000020054ccdf00] sq: send 1 ts 4.117333
[out#0/hls @ 0000020054ccdf00] sq: receive 1 ts 4.117333 queue head -1 ts N/A
[out#0/hls @ 0000020054ccdf00] sq: send 1 ts 4.138667
[out#0/hls @ 0000020054ccdf00] sq: receive 1 ts 4.138667 queue head -1 ts N/A
[out#0/hls @ 0000020054ccdf00] sq: send 1 ts 4.16
[out#0/hls @ 0000020054ccdf00] sq: receive 1 ts 4.16 queue head -1 ts N/A
[out#0/hls @ 0000020054ccdf00] sq: send 0 ts 3
[out#0/hls @ 0000020054ccdf00] sq: receive 0 ts 3 queue head -1 ts N/A
[out#0/hls @ 0000020054ccdf00] sq: send 0 ts 3.041667
[out#0/hls @ 0000020054ccdf00] sq: receive 0 ts 3.041667 queue head -1 ts N/A
[h264 @ 0000020054d31000] nal_unit_type: 1(Coded slice of a non-IDR picture), nal_ref_idc: 2
[out#0/hls @ 0000020054ccdf00] sq: send 0 ts 3.083333
[out#0/hls @ 0000020054ccdf00] sq: receive 0 ts 3.083333 queue head -1 ts N/A
[h264 @ 0000020054d316c0] nal_unit_type: 1(Coded slice of a non-IDR picture), nal_ref_idc: 0
[out#0/hls @ 0000020054ccdf00] sq: send 0 ts 3.125
[out#0/hls @ 0000020054ccdf00] sq: receive 0 ts 3.125 queue head -1 ts N/A
[h264 @ 0000020055207440] nal_unit_type: 1(Coded slice of a non-IDR picture), nal_ref_idc: 0
[out#0/hls @ 0000020054ccdf00] sq: send 0 ts 3.166667
[out#0/hls @ 0000020054ccdf00] sq: receive 0 ts 3.166667 queue head -1 ts N/A
[h264 @ 0000020054f6de40] nal_unit_type: 1(Coded slice of a non-IDR picture), nal_ref_idc: 2
[out#0/hls @ 0000020054ccdf00] sq: send 0 ts 3.208333
[out#0/hls @ 0000020054ccdf00] sq: receive 0 ts 3.208333 queue head -1 ts N/A
[h264 @ 0000020054f6e940] nal_unit_type: 1(Coded slice of a non-IDR picture), nal_ref_idc: 2
[out#0/hls @ 0000020054ccdf00] sq: send 0 ts 3.25
[out#0/hls @ 0000020054ccdf00] sq: receive 0 ts 3.25 queue head -1 ts N/A
[h264 @ 0000020054cc1180] nal_unit_type: 1(Coded slice of a non-IDR picture), nal_ref_idc: 0
[libx264 @ 0000020054ca7b00] frame=   0 QP=21.47 NAL=3 Slice:I Poc:0   I:8160 P:0    SKIP:0    size=197047 bytes
[out#0/hls @ 0000020054ccdf00] sq: send 1 ts 4.181333
[out#0/hls @ 0000020054ccdf00] sq: receive 1 ts 4.181333 queue head -1 ts N/A
[out#0/hls @ 0000020054ccdf00] sq: send 1 ts 4.202667
[out#0/hls @ 0000020054ccdf00] sq: receive 1 ts 4.202667 queue head -1 ts N/A
[out#0/hls @ 0000020054ccdf00] sq: send 1 ts 4.224
[out#0/hls @ 0000020054ccdf00] sq: receive 1 ts 4.224 queue head -1 ts N/A
[out#0/hls @ 0000020054ccdf00] sq: send 1 ts 4.245333
[out#0/hls @ 0000020054ccdf00] sq: receive 1 ts 4.245333 queue head -1 ts N/A
[out#0/hls @ 0000020054ccdf00] sq: send 1 ts 4.266667
[out#0/hls @ 0000020054ccdf00] sq: receive 1 ts 4.266667 queue head -1 ts N/A
[out#0/hls @ 0000020054ccdf00] sq: send 1 ts 4.288
[out#0/hls @ 0000020054ccdf00] sq: receive 1 ts 4.288 queue head -1 ts N/A
[out#0/hls @ 0000020054ccdf00] sq: send 1 ts 4.309333
[out#0/hls @ 0000020054ccdf00] sq: receive 1 ts 4.309333 queue head -1 ts N/A
[out#0/hls @ 0000020054ccdf00] sq: send 1 ts 4.330667
[out#0/hls @ 0000020054ccdf00] sq: receive 1 ts 4.330667 queue head -1 ts N/A
[out#0/hls @ 0000020054ccdf00] sq: send 1 ts 4.352
[out#0/hls @ 0000020054ccdf00] sq: receive 1 ts 4.352 queue head -1 ts N/A
[h264 @ 0000020054cc1c80] nal_unit_type: 1(Coded slice of a non-IDR picture), nal_ref_idc: 0
[out#0/hls @ 0000020054ccdf00] sq: send 1 ts 4.373333
[out#0/hls @ 0000020054ccdf00] sq: receive 1 ts 4.373333 queue head -1 ts N/A
[out#0/hls @ 0000020054ccdf00] sq: send 1 ts 4.394667
[out#0/hls @ 0000020054ccdf00] sq: receive 1 ts 4.394667 queue head -1 ts N/A
[out#0/hls @ 0000020054ccdf00] sq: send 1 ts 4.416
[out#0/hls @ 0000020054ccdf00] sq: receive 1 ts 4.416 queue head -1 ts N/A
[libx264 @ 0000020054ca7b00] frame=   1 QP=23.14 NAL=2 Slice:P Poc:8   I:772  P:3886 SKIP:3502 size=43583 bytes
[out#0/hls @ 0000020054ccdf00] sq: send 1 ts 4.437333
[out#0/hls @ 0000020054ccdf00] sq: receive 1 ts 4.437333 queue head -1 ts N/A
[out#0/hls @ 0000020054ccdf00] sq: send 1 ts 4.458667
[out#0/hls @ 0000020054ccdf00] sq: receive 1 ts 4.458667 queue head -1 ts N/A
[out#0/hls @ 0000020054ccdf00] sq: send 1 ts 4.48
[out#0/hls @ 0000020054ccdf00] sq: receive 1 ts 4.48 queue head -1 ts N/A
[out#0/hls @ 0000020054ccdf00] sq: send 1 ts 4.501333
[out#0/hls @ 0000020054ccdf00] sq: receive 1 ts 4.501333 queue head -1 ts N/A
[out#0/hls @ 0000020054ccdf00] sq: send 1 ts 4.522667
[out#0/hls @ 0000020054ccdf00] sq: receive 1 ts 4.522667 queue head -1 ts N/A
[out#0/hls @ 0000020054ccdf00] sq: send 1 ts 4.544
[out#0/hls @ 0000020054ccdf00] sq: receive 1 ts 4.544 queue head -1 ts N/A
[out#0/hls @ 0000020054ccdf00] sq: send 0 ts 3.291667
[out#0/hls @ 0000020054ccdf00] sq: receive 0 ts 3.291667 queue head -1 ts N/A
[out#0/hls @ 0000020054ccdf00] sq: send 1 ts 4.565333
[out#0/hls @ 0000020054ccdf00] sq: receive 1 ts 4.565333 queue head -1 ts N/A
[h264 @ 0000020054e28880] nal_unit_type: 1(Coded slice of a non-IDR picture), nal_ref_idc: 2
[out#0/hls @ 0000020054ccdf00] sq: send 0 ts 3.333333
[out#0/hls @ 0000020054ccdf00] sq: receive 0 ts 3.333333 queue head -1 ts N/A
[libx264 @ 0000020054ca7b00] frame=   2 QP=27.43 NAL=2 Slice:B Poc:4   I:135  P:2688 SKIP:5337 size=10528 bytes
[out#0/hls @ 0000020054ccdf00] sq: send 1 ts 4.586667
[out#0/hls @ 0000020054ccdf00] sq: receive 1 ts 4.586667 queue head -1 ts N/A
[out#0/hls @ 0000020054ccdf00] sq: send 1 ts 4.608
[out#0/hls @ 0000020054ccdf00] sq: receive 1 ts 4.608 queue head -1 ts N/A
[out#0/hls @ 0000020054ccdf00] sq: send 1 ts 4.629333
[out#0/hls @ 0000020054ccdf00] sq: receive 1 ts 4.629333 queue head -1 ts N/A
[out#0/hls @ 0000020054ccdf00] sq: send 1 ts 4.650667
[out#0/hls @ 0000020054ccdf00] sq: receive 1 ts 4.650667 queue head -1 ts N/A
[out#0/hls @ 0000020054ccdf00] sq: send 1 ts 4.672
[out#0/hls @ 0000020054ccdf00] sq: receive 1 ts 4.672 queue head -1 ts N/A
[out#0/hls @ 0000020054ccdf00] sq: send 0 ts 3.375
[out#0/hls @ 0000020054ccdf00] sq: receive 0 ts 3.375 queue head -1 ts N/A
[h264 @ 0000020054e29240] nal_unit_type: 1(Coded slice of a non-IDR picture), nal_ref_idc: 2
[libx264 @ 0000020054ca7b00] frame=   3 QP=28.93 NAL=0 Slice:B Poc:2   I:58   P:2173 SKIP:5929 size=6076 bytes
[out#0/hls @ 0000020054ccdf00] sq: send 0 ts 3.416667
[out#0/hls @ 0000020054ccdf00] sq: receive 0 ts 3.416667 queue head -1 ts N/A
[h264 @ 0000020054f4d980] nal_unit_type: 1(Coded slice of a non-IDR picture), nal_ref_idc: 0
[libx264 @ 0000020054ca7b00] frame=   4 QP=28.25 NAL=0 Slice:B Poc:6   I:79   P:2210 SKIP:5871 size=6374 bytes
[out#0/hls @ 0000020054ccdf00] sq: send 0 ts 3.458333
[out#0/hls @ 0000020054ccdf00] sq: receive 0 ts 3.458333 queue head -1 ts N/A
[h264 @ 0000020054f4e480] nal_unit_type: 1(Coded slice of a non-IDR picture), nal_ref_idc: 0
frame=    5 fps=0.0 q=28.0 size=N/A time=00:00:00.12 bitrate=N/A speed=0.244x    [libx264 @ 0000020054ca7b00] frame=   5 QP=23.22 NAL=2 Slice:P Poc:16  I:659  P:4725 SKIP:2776 size=53389 bytes
[out#0/hls @ 0000020054ccdf00] sq: send 1 ts 4.693333
[out#0/hls @ 0000020054ccdf00] sq: receive 1 ts 4.693333 queue head -1 ts N/A
[out#0/hls @ 0000020054ccdf00] sq: send 1 ts 4.714667
[out#0/hls @ 0000020054ccdf00] sq: receive 1 ts 4.714667 queue head -1 ts N/A
[out#0/hls @ 0000020054ccdf00] sq: send 1 ts 4.736
[out#0/hls @ 0000020054ccdf00] sq: receive 1 ts 4.736 queue head -1 ts N/A
[out#0/hls @ 0000020054ccdf00] sq: send 1 ts 4.757333
[out#0/hls @ 0000020054ccdf00] sq: receive 1 ts 4.757333 queue head -1 ts N/A
[out#0/hls @ 0000020054ccdf00] sq: send 1 ts 4.778667
[out#0/hls @ 0000020054ccdf00] sq: receive 1 ts 4.778667 queue head -1 ts N/A
[out#0/hls @ 0000020054ccdf00] sq: send 1 ts 4.8
[out#0/hls @ 0000020054ccdf00] sq: receive 1 ts 4.8 queue head -1 ts N/A
[out#0/hls @ 0000020054ccdf00] sq: send 0 ts 3.5
[out#0/hls @ 0000020054ccdf00] sq: receive 0 ts 3.5 queue head -1 ts N/A
[h264 @ 0000020054f0edc0] nal_unit_type: 1(Coded slice of a non-IDR picture), nal_ref_idc: 2
[libx264 @ 0000020054ca7b00] frame=   6 QP=26.86 NAL=2 Slice:B Poc:12  I:197  P:2847 SKIP:5116 size=11490 bytes
[out#0/hls @ 0000020054ccdf00] sq: send 1 ts 4.821333
[out#0/hls @ 0000020054ccdf00] sq: receive 1 ts 4.821333 queue head -1 ts N/A
[out#0/hls @ 0000020054ccdf00] sq: send 0 ts 3.541667
[out#0/hls @ 0000020054ccdf00] sq: receive 0 ts 3.541667 queue head -1 ts N/A
[h264 @ 0000020054f0df00] nal_unit_type: 1(Coded slice of a non-IDR picture), nal_ref_idc: 2
[libx264 @ 0000020054ca7b00] frame=   7 QP=28.64 NAL=0 Slice:B Poc:10  I:70   P:2212 SKIP:5878 size=6604 bytes
[out#0/hls @ 0000020054ccdf00] sq: send 1 ts 4.842667
[out#0/hls @ 0000020054ccdf00] sq: receive 1 ts 4.842667 queue head -1 ts N/A
[out#0/hls @ 0000020054ccdf00] sq: send 0 ts 3.583333
[out#0/hls @ 0000020054ccdf00] sq: receive 0 ts 3.583333 queue head -1 ts N/A
[h264 @ 0000020054f0f140] nal_unit_type: 1(Coded slice of a non-IDR picture), nal_ref_idc: 0
[libx264 @ 0000020054ca7b00] frame=   8 QP=29.23 NAL=0 Slice:B Poc:14  I:108  P:3379 SKIP:4673 size=21452 bytes
[out#0/hls @ 0000020054ccdf00] sq: send 1 ts 4.864
[out#0/hls @ 0000020054ccdf00] sq: receive 1 ts 4.864 queue head -1 ts N/A
[out#0/hls @ 0000020054ccdf00] sq: send 0 ts 3.625
[out#0/hls @ 0000020054ccdf00] sq: receive 0 ts 3.625 queue head -1 ts N/A
[h264 @ 000002005514e980] nal_unit_type: 1(Coded slice of a non-IDR picture), nal_ref_idc: 0
[libx264 @ 0000020054ca7b00] frame=   9 QP=23.17 NAL=2 Slice:P Poc:24  I:674  P:4933 SKIP:2553 size=76200 bytes
[out#0/hls @ 0000020054ccdf00] sq: send 0 ts 3.666667
[out#0/hls @ 0000020054ccdf00] sq: receive 0 ts 3.666667 queue head -1 ts N/A
[h264 @ 0000020054cab3c0] nal_unit_type: 1(Coded slice of a non-IDR picture), nal_ref_idc: 2
[libx264 @ 0000020054ca7b00] frame=  10 QP=27.02 NAL=2 Slice:B Poc:20  I:152  P:3260 SKIP:4748 size=12623 bytes
[out#0/hls @ 0000020054ccdf00] sq: send 0 ts 3.708333
[out#0/hls @ 0000020054ccdf00] sq: receive 0 ts 3.708333 queue head -1 ts N/A
[h264 @ 0000020054d31000] nal_unit_type: 1(Coded slice of a non-IDR picture), nal_ref_idc: 2
[libx264 @ 0000020054ca7b00] frame=  11 QP=29.19 NAL=0 Slice:B Poc:18  I:80   P:2196 SKIP:5884 size=6353 bytes
[out#0/hls @ 0000020054ccdf00] sq: send 0 ts 3.75
[out#0/hls @ 0000020054ccdf00] sq: receive 0 ts 3.75 queue head -1 ts N/A
[libx264 @ 0000020054ca7b00] frame=  12 QP=29.13 NAL=0 Slice:B Poc:22  I:81   P:2657 SKIP:5422 size=8896 bytes
[out#0/hls @ 0000020054ccdf00] sq: send 0 ts 3.791667
[out#0/hls @ 0000020054ccdf00] sq: receive 0 ts 3.791667 queue head -1 ts N/A
[h264 @ 0000020054d316c0] nal_unit_type: 1(Coded slice of a non-IDR picture), nal_ref_idc: 0
[h264 @ 0000020055207440] nal_unit_type: 1(Coded slice of a non-IDR picture), nal_ref_idc: 0
[libx264 @ 0000020054ca7b00] frame=  13 QP=23.55 NAL=2 Slice:P Poc:32  I:633  P:5106 SKIP:2421 size=74239 bytes
[out#0/hls @ 0000020054ccdf00] sq: send 1 ts 4.885333
[out#0/hls @ 0000020054ccdf00] sq: receive 1 ts 4.885333 queue head -1 ts N/A
[out#0/hls @ 0000020054ccdf00] sq: send 1 ts 4.906667
[out#0/hls @ 0000020054ccdf00] sq: receive 1 ts 4.906667 queue head -1 ts N/A
[out#0/hls @ 0000020054ccdf00] sq: send 1 ts 4.928
[out#0/hls @ 0000020054ccdf00] sq: receive 1 ts 4.928 queue head -1 ts N/A
[out#0/hls @ 0000020054ccdf00] sq: send 1 ts 4.949333
[out#0/hls @ 0000020054ccdf00] sq: receive 1 ts 4.949333 queue head -1 ts N/A
[h264 @ 0000020054f6de40] nal_unit_type: 1(Coded slice of a non-IDR picture), nal_ref_idc: 2
[out#0/hls @ 0000020054ccdf00] sq: send 1 ts 4.970667
[out#0/hls @ 0000020054ccdf00] sq: receive 1 ts 4.970667 queue head -1 ts N/A
[out#0/hls @ 0000020054ccdf00] sq: send 1 ts 4.992
[out#0/hls @ 0000020054ccdf00] sq: receive 1 ts 4.992 queue head -1 ts N/A
[out#0/hls @ 0000020054ccdf00] sq: send 1 ts 5.013333
[out#0/hls @ 0000020054ccdf00] sq: receive 1 ts 5.013333 queue head -1 ts N/A
[out#0/hls @ 0000020054ccdf00] sq: send 1 ts 5.034667
[out#0/hls @ 0000020054ccdf00] sq: receive 1 ts 5.034667 queue head -1 ts N/A
[out#0/hls @ 0000020054ccdf00] sq: send 1 ts 5.056
[out#0/hls @ 0000020054ccdf00] sq: receive 1 ts 5.056 queue head -1 ts N/A
[out#0/hls @ 0000020054ccdf00] sq: send 1 ts 5.077333
[out#0/hls @ 0000020054ccdf00] sq: receive 1 ts 5.077333 queue head -1 ts N/A
[out#0/hls @ 0000020054ccdf00] sq: send 1 ts 5.098667
[out#0/hls @ 0000020054ccdf00] sq: receive 1 ts 5.098667 queue head -1 ts N/A
[out#0/hls @ 0000020054ccdf00] sq: send 1 ts 5.12
[out#0/hls @ 0000020054ccdf00] sq: receive 1 ts 5.12 queue head -1 ts N/A
[out#0/hls @ 0000020054ccdf00] sq: send 1 ts 5.141333
[out#0/hls @ 0000020054ccdf00] sq: receive 1 ts 5.141333 queue head -1 ts N/A
[out#0/hls @ 0000020054ccdf00] sq: send 0 ts 3.833333
[out#0/hls @ 0000020054ccdf00] sq: receive 0 ts 3.833333 queue head -1 ts N/A
[libx264 @ 0000020054ca7b00] frame=  14 QP=26.66 NAL=2 Slice:B Poc:28  I:139  P:3228 SKIP:4793 size=15824 bytes
[out#0/hls @ 0000020054ccdf00] sq: send 0 ts 3.875
[out#0/hls @ 0000020054ccdf00] sq: receive 0 ts 3.875 queue head -1 ts N/A
[h264 @ 0000020054f6e940] nal_unit_type: 1(Coded slice of a non-IDR picture), nal_ref_idc: 2
[libx264 @ 0000020054ca7b00] frame=  15 QP=28.36 NAL=0 Slice:B Poc:26  I:67   P:2314 SKIP:5779 size=7046 bytes
[out#0/hls @ 0000020054ccdf00] sq: send 1 ts 5.162667
[out#0/hls @ 0000020054ccdf00] sq: receive 1 ts 5.162667 queue head -1 ts N/A
[out#0/hls @ 0000020054ccdf00] sq: send 0 ts 3.916667
[out#0/hls @ 0000020054ccdf00] sq: receive 0 ts 3.916667 queue head -1 ts N/A
[h264 @ 0000020054cc1180] nal_unit_type: 1(Coded slice of a non-IDR picture), nal_ref_idc: 0
[libx264 @ 0000020054ca7b00] frame=  16 QP=28.71 NAL=0 Slice:B Poc:30  I:82   P:2266 SKIP:5812 size=6640 bytes
[out#0/hls @ 0000020054ccdf00] sq: send 1 ts 5.184
[out#0/hls @ 0000020054ccdf00] sq: receive 1 ts 5.184 queue head -1 ts N/A
[out#0/hls @ 0000020054ccdf00] sq: send 0 ts 3.958333
[out#0/hls @ 0000020054ccdf00] sq: receive 0 ts 3.958333 queue head -1 ts N/A
[h264 @ 0000020054cc1c80] nal_unit_type: 1(Coded slice of a non-IDR picture), nal_ref_idc: 2
[libx264 @ 0000020054ca7b00] frame=  17 QP=23.57 NAL=2 Slice:P Poc:40  I:853  P:4900 SKIP:2407 size=79050 bytes
[out#0/hls @ 0000020054ccdf00] sq: send 1 ts 5.205333
[out#0/hls @ 0000020054ccdf00] sq: receive 1 ts 5.205333 queue head -1 ts N/A
[out#0/hls @ 0000020054ccdf00] sq: send 1 ts 5.226667
[out#0/hls @ 0000020054ccdf00] sq: receive 1 ts 5.226667 queue head -1 ts N/A
[out#0/hls @ 0000020054ccdf00] sq: send 0 ts 4
[out#0/hls @ 0000020054ccdf00] sq: receive 0 ts 4 queue head -1 ts N/A
[h264 @ 0000020054e28880] nal_unit_type: 1(Coded slice of a non-IDR picture), nal_ref_idc: 2
[libx264 @ 0000020054ca7b00] frame=  18 QP=26.79 NAL=2 Slice:B Poc:36  I:155  P:3692 SKIP:4313 size=21956 bytes
[out#0/hls @ 0000020054ccdf00] sq: send 1 ts 5.248
[out#0/hls @ 0000020054ccdf00] sq: receive 1 ts 5.248 queue head -1 ts N/A
[out#0/hls @ 0000020054ccdf00] sq: send 1 ts 5.269333
[out#0/hls @ 0000020054ccdf00] sq: receive 1 ts 5.269333 queue head -1 ts N/A
[out#0/hls @ 0000020054ccdf00] sq: send 1 ts 5.290667
[out#0/hls @ 0000020054ccdf00] sq: receive 1 ts 5.290667 queue head -1 ts N/A
[out#0/hls @ 0000020054ccdf00] sq: send 1 ts 5.312
[out#0/hls @ 0000020054ccdf00] sq: receive 1 ts 5.312 queue head -1 ts N/A
[out#0/hls @ 0000020054ccdf00] sq: send 1 ts 5.333333
[out#0/hls @ 0000020054ccdf00] sq: receive 1 ts 5.333333 queue head -1 ts N/A
[out#0/hls @ 0000020054ccdf00] sq: send 1 ts 5.354667
[out#0/hls @ 0000020054ccdf00] sq: receive 1 ts 5.354667 queue head -1 ts N/A
[out#0/hls @ 0000020054ccdf00] sq: send 1 ts 5.376
[out#0/hls @ 0000020054ccdf00] sq: receive 1 ts 5.376 queue head -1 ts N/A
[out#0/hls @ 0000020054ccdf00] sq: send 0 ts 4.041667
[out#0/hls @ 0000020054ccdf00] sq: receive 0 ts 4.041667 queue head -1 ts N/A
[libx264 @ 0000020054ca7b00] frame=  19 QP=29.02 NAL=0 Slice:B Poc:34  I:112  P:2242 SKIP:5806 size=7567 bytes
[h264 @ 0000020054e29240] nal_unit_type: 1(Coded slice of a non-IDR picture), nal_ref_idc: 0
[libx264 @ 0000020054ca7b00] frame=  20 QP=28.75 NAL=0 Slice:B Poc:38  I:88   P:3057 SKIP:5015 size=11232 bytes
[out#0/hls @ 0000020054ccdf00] sq: send 0 ts 4.083333
[out#0/hls @ 0000020054ccdf00] sq: receive 0 ts 4.083333 queue head -1 ts N/A
[out#0/hls @ 0000020054ccdf00] sq: send 0 ts 4.125
[out#0/hls @ 0000020054ccdf00] sq: receive 0 ts 4.125 queue head -1 ts N/A
[h264 @ 0000020054f4d980] nal_unit_type: 1(Coded slice of a non-IDR picture), nal_ref_idc: 0
[libx264 @ 0000020054ca7b00] frame=  21 QP=23.42 NAL=2 Slice:P Poc:48  I:598  P:5170 SKIP:2392 size=62861 bytes
[h264 @ 0000020054f4e480] nal_unit_type: 1(Coded slice of a non-IDR picture), nal_ref_idc: 2
[out#0/hls @ 0000020054ccdf00] sq: send 1 ts 5.397333
[out#0/hls @ 0000020054ccdf00] sq: receive 1 ts 5.397333 queue head -1 ts N/A
[out#0/hls @ 0000020054ccdf00] sq: send 1 ts 5.418667
[out#0/hls @ 0000020054ccdf00] sq: receive 1 ts 5.418667 queue head -1 ts N/A
[out#0/hls @ 0000020054ccdf00] sq: send 1 ts 5.44
[out#0/hls @ 0000020054ccdf00] sq: receive 1 ts 5.44 queue head -1 ts N/A
[out#0/hls @ 0000020054ccdf00] sq: send 1 ts 5.461333
[out#0/hls @ 0000020054ccdf00] sq: receive 1 ts 5.461333 queue head -1 ts N/A
[h264 @ 0000020054f0edc0] nal_unit_type: 1(Coded slice of a non-IDR picture), nal_ref_idc: 2
[out#0/hls @ 0000020054ccdf00] sq: send 0 ts 4.166667
[out#0/hls @ 0000020054ccdf00] sq: receive 0 ts 4.166667 queue head -1 ts N/A
[libx264 @ 0000020054ca7b00] frame=  22 QP=26.52 NAL=2 Slice:B Poc:44  I:151  P:4120 SKIP:3889 size=26595 bytes
[out#0/hls @ 0000020054ccdf00] sq: send 1 ts 5.482667
[out#0/hls @ 0000020054ccdf00] sq: receive 1 ts 5.482667 queue head -1 ts N/A
[out#0/hls @ 0000020054ccdf00] sq: send 1 ts 5.504
[out#0/hls @ 0000020054ccdf00] sq: receive 1 ts 5.504 queue head -1 ts N/A
[out#0/hls @ 0000020054ccdf00] sq: send 0 ts 4.208333
[out#0/hls @ 0000020054ccdf00] sq: receive 0 ts 4.208333 queue head -1 ts N/A
[h264 @ 0000020054f0df00] nal_unit_type: 1(Coded slice of a non-IDR picture), nal_ref_idc: 0
[libx264 @ 0000020054ca7b00] frame=  23 QP=28.45 NAL=0 Slice:B Poc:42  I:105  P:2581 SKIP:5474 size=7519 bytes
[out#0/hls @ 0000020054ccdf00] sq: send 1 ts 5.525333
[out#0/hls @ 0000020054ccdf00] sq: receive 1 ts 5.525333 queue head -1 ts N/A
[out#0/hls @ 0000020054ccdf00] sq: send 1 ts 5.546667
[out#0/hls @ 0000020054ccdf00] sq: receive 1 ts 5.546667 queue head -1 ts N/A
[h264 @ 0000020054f0f140] nal_unit_type: 1(Coded slice of a non-IDR picture), nal_ref_idc: 0
[out#0/hls @ 0000020054ccdf00] sq: send 1 ts 5.568
[out#0/hls @ 0000020054ccdf00] sq: receive 1 ts 5.568 queue head -1 ts N/A
[out#0/hls @ 0000020054ccdf00] sq: send 1 ts 5.589333
[out#0/hls @ 0000020054ccdf00] sq: receive 1 ts 5.589333 queue head -1 ts N/A
[out#0/hls @ 0000020054ccdf00] sq: send 0 ts 4.25
[out#0/hls @ 0000020054ccdf00] sq: receive 0 ts 4.25 queue head -1 ts N/A
[libx264 @ 0000020054ca7b00] frame=  24 QP=28.79 NAL=0 Slice:B Poc:46  I:77   P:2943 SKIP:5140 size=10647 bytes
[out#0/hls @ 0000020054ccdf00] sq: send 0 ts 4.291667
[out#0/hls @ 0000020054ccdf00] sq: receive 0 ts 4.291667 queue head -1 ts N/A
[h264 @ 000002005514e980] nal_unit_type: 1(Coded slice of a non-IDR picture), nal_ref_idc: 2
[libx264 @ 0000020054ca7b00] frame=  25 QP=23.55 NAL=2 Slice:P Poc:56  I:571  P:5099 SKIP:2490 size=72320 bytes
[out#0/hls @ 0000020054ccdf00] sq: send 1 ts 5.610667
[out#0/hls @ 0000020054ccdf00] sq: receive 1 ts 5.610667 queue head -1 ts N/A
[out#0/hls @ 0000020054ccdf00] sq: send 1 ts 5.632
[out#0/hls @ 0000020054ccdf00] sq: receive 1 ts 5.632 queue head -1 ts N/A
[out#0/hls @ 0000020054ccdf00] sq: send 0 ts 4.333333
[out#0/hls @ 0000020054ccdf00] sq: receive 0 ts 4.333333 queue head -1 ts N/A
[h264 @ 0000020054cab3c0] nal_unit_type: 1(Coded slice of a non-IDR picture), nal_ref_idc: 2
[libx264 @ 0000020054ca7b00] frame=  26 QP=26.38 NAL=2 Slice:B Poc:52  I:156  P:3575 SKIP:4429 size=14586 bytes
[out#0/hls @ 0000020054ccdf00] sq: send 1 ts 5.653333
[out#0/hls @ 0000020054ccdf00] sq: receive 1 ts 5.653333 queue head -1 ts N/A
[out#0/hls @ 0000020054ccdf00] sq: send 1 ts 5.674667
[out#0/hls @ 0000020054ccdf00] sq: receive 1 ts 5.674667 queue head -1 ts N/A
[out#0/hls @ 0000020054ccdf00] sq: send 0 ts 4.375
[out#0/hls @ 0000020054ccdf00] sq: receive 0 ts 4.375 queue head -1 ts N/A
[h264 @ 0000020054d31000] nal_unit_type: 1(Coded slice of a non-IDR picture), nal_ref_idc: 0
[libx264 @ 0000020054ca7b00] frame=  27 QP=28.16 NAL=0 Slice:B Poc:50  I:72   P:2353 SKIP:5735 size=6445 bytes
[out#0/hls @ 0000020054ccdf00] sq: send 1 ts 5.696
[out#0/hls @ 0000020054ccdf00] sq: receive 1 ts 5.696 queue head -1 ts N/A
[out#0/hls @ 0000020054ccdf00] sq: send 0 ts 4.416667
[out#0/hls @ 0000020054ccdf00] sq: receive 0 ts 4.416667 queue head -1 ts N/A
[h264 @ 0000020054d316c0] nal_unit_type: 1(Coded slice of a non-IDR picture), nal_ref_idc: 0
[libx264 @ 0000020054ca7b00] frame=  28 QP=29.04 NAL=0 Slice:B Poc:54  I:70   P:2699 SKIP:5391 size=7573 bytes
[out#0/hls @ 0000020054ccdf00] sq: send 1 ts 5.717333
[out#0/hls @ 0000020054ccdf00] sq: receive 1 ts 5.717333 queue head -1 ts N/A
[out#0/hls @ 0000020054ccdf00] sq: send 0 ts 4.458333
[out#0/hls @ 0000020054ccdf00] sq: receive 0 ts 4.458333 queue head -1 ts N/A
[h264 @ 0000020055207440] nal_unit_type: 1(Coded slice of a non-IDR picture), nal_ref_idc: 2
[libx264 @ 0000020054ca7b00] frame=  29 QP=23.10 NAL=2 Slice:P Poc:64  I:884  P:5700 SKIP:1576 size=76805 bytes
[out#0/hls @ 0000020054ccdf00] sq: send 0 ts 4.5
[out#0/hls @ 0000020054ccdf00] sq: receive 0 ts 4.5 queue head -1 ts N/A
[h264 @ 0000020054f6de40] nal_unit_type: 1(Coded slice of a non-IDR picture), nal_ref_idc: 2
[libx264 @ 0000020054ca7b00] frame=  30 QP=26.38 NAL=2 Slice:B Poc:60  I:198  P:3793 SKIP:4169 size=21044 bytes
[out#0/hls @ 0000020054ccdf00] sq: send 0 ts 4.541667
[out#0/hls @ 0000020054ccdf00] sq: receive 0 ts 4.541667 queue head -1 ts N/A
[h264 @ 0000020054f6e940] nal_unit_type: 1(Coded slice of a non-IDR picture), nal_ref_idc: 0
[libx264 @ 0000020054ca7b00] frame=  31 QP=28.01 NAL=0 Slice:B Poc:58  I:113  P:3012 SKIP:5035 size=10230 bytes
[out#0/hls @ 0000020054ccdf00] sq: send 0 ts 4.583333
[out#0/hls @ 0000020054ccdf00] sq: receive 0 ts 4.583333 queue head -1 ts N/A
[h264 @ 0000020054cc1180] nal_unit_type: 1(Coded slice of a non-IDR picture), nal_ref_idc: 0
[libx264 @ 0000020054ca7b00] frame=  32 QP=28.46 NAL=0 Slice:B Poc:62  I:84   P:2534 SKIP:5542 size=6871 bytes
[out#0/hls @ 0000020054ccdf00] sq: send 0 ts 4.625
[out#0/hls @ 0000020054ccdf00] sq: receive 0 ts 4.625 queue head -1 ts N/A
[h264 @ 0000020054cc1c80] nal_unit_type: 1(Coded slice of a non-IDR picture), nal_ref_idc: 2
[libx264 @ 0000020054ca7b00] frame=  33 QP=23.43 NAL=2 Slice:P Poc:72  I:797  P:5038 SKIP:2325 size=62269 bytes
[out#0/hls @ 0000020054ccdf00] sq: send 0 ts 4.666667
[out#0/hls @ 0000020054ccdf00] sq: receive 0 ts 4.666667 queue head -1 ts N/A
[h264 @ 0000020054e28880] nal_unit_type: 1(Coded slice of a non-IDR picture), nal_ref_idc: 2
[libx264 @ 0000020054ca7b00] frame=  34 QP=26.94 NAL=2 Slice:B Poc:68  I:173  P:3177 SKIP:4810 size=13470 bytes
[out#0/hls @ 0000020054ccdf00] sq: send 0 ts 4.708333
[out#0/hls @ 0000020054ccdf00] sq: receive 0 ts 4.708333 queue head -1 ts N/A
[h264 @ 0000020054e29240] nal_unit_type: 1(Coded slice of a non-IDR picture), nal_ref_idc: 0
[libx264 @ 0000020054ca7b00] frame=  35 QP=28.85 NAL=0 Slice:B Poc:66  I:108  P:2371 SKIP:5681 size=7044 bytes
[out#0/hls @ 0000020054ccdf00] sq: send 0 ts 4.75
[out#0/hls @ 0000020054ccdf00] sq: receive 0 ts 4.75 queue head -1 ts N/A
[libx264 @ 0000020054ca7b00] frame=  36 QP=28.84 NAL=0 Slice:B Poc:70  I:80   P:2479 SKIP:5601 size=6769 bytes
[out#0/hls @ 0000020054ccdf00] sq: send 0 ts 4.791667
[out#0/hls @ 0000020054ccdf00] sq: receive 0 ts 4.791667 queue head -1 ts N/A
[h264 @ 0000020054f4d980] nal_unit_type: 1(Coded slice of a non-IDR picture), nal_ref_idc: 0
[h264 @ 0000020054f4e480] nal_unit_type: 1(Coded slice of a non-IDR picture), nal_ref_idc: 2
[libx264 @ 0000020054ca7b00] frame=  37 QP=24.06 NAL=2 Slice:P Poc:80  I:591  P:5147 SKIP:2422 size=53151 bytes
[out#0/hls @ 0000020054ccdf00] sq: send 0 ts 4.833333
[out#0/hls @ 0000020054ccdf00] sq: receive 0 ts 4.833333 queue head -1 ts N/A
[h264 @ 0000020054f0edc0] nal_unit_type: 1(Coded slice of a non-IDR picture), nal_ref_idc: 2
[libx264 @ 0000020054ca7b00] frame=  38 QP=27.16 NAL=2 Slice:B Poc:76  I:129  P:3211 SKIP:4820 size=13748 bytes
[out#0/hls @ 0000020054ccdf00] sq: send 1 ts 5.738667
[out#0/hls @ 0000020054ccdf00] sq: receive 1 ts 5.738667 queue head -1 ts N/A
[out#0/hls @ 0000020054ccdf00] sq: send 1 ts 5.76
[out#0/hls @ 0000020054ccdf00] sq: receive 1 ts 5.76 queue head -1 ts N/A
[out#0/hls @ 0000020054ccdf00] sq: send 1 ts 5.781333
[out#0/hls @ 0000020054ccdf00] sq: receive 1 ts 5.781333 queue head -1 ts N/A
[out#0/hls @ 0000020054ccdf00] sq: send 1 ts 5.802667
[out#0/hls @ 0000020054ccdf00] sq: receive 1 ts 5.802667 queue head -1 ts N/A
[out#0/hls @ 0000020054ccdf00] sq: send 1 ts 5.824
[out#0/hls @ 0000020054ccdf00] sq: receive 1 ts 5.824 queue head -1 ts N/A
[out#0/hls @ 0000020054ccdf00] sq: send 1 ts 5.845333
[out#0/hls @ 0000020054ccdf00] sq: receive 1 ts 5.845333 queue head -1 ts N/A
[out#0/hls @ 0000020054ccdf00] sq: send 1 ts 5.866667
[out#0/hls @ 0000020054ccdf00] sq: receive 1 ts 5.866667 queue head -1 ts N/A
[out#0/hls @ 0000020054ccdf00] sq: send 1 ts 5.888
[out#0/hls @ 0000020054ccdf00] sq: receive 1 ts 5.888 queue head -1 ts N/A
[out#0/hls @ 0000020054ccdf00] sq: send 1 ts 5.909333
[out#0/hls @ 0000020054ccdf00] sq: receive 1 ts 5.909333 queue head -1 ts N/A
[out#0/hls @ 0000020054ccdf00] sq: send 1 ts 5.930667
[out#0/hls @ 0000020054ccdf00] sq: receive 1 ts 5.930667 queue head -1 ts N/A
[h264 @ 0000020054f0df00] nal_unit_type: 1(Coded slice of a non-IDR picture), nal_ref_idc: 0
[out#0/hls @ 0000020054ccdf00] sq: send 0 ts 4.875
[out#0/hls @ 0000020054ccdf00] sq: receive 0 ts 4.875 queue head -1 ts N/A
[libx264 @ 0000020054ca7b00] frame=  39 QP=29.12 NAL=0 Slice:B Poc:74  I:128  P:3333 SKIP:4699 size=16760 bytes
[out#0/hls @ 0000020054ccdf00] sq: send 1 ts 5.952
[out#0/hls @ 0000020054ccdf00] sq: receive 1 ts 5.952 queue head -1 ts N/A
[out#0/hls @ 0000020054ccdf00] sq: send 0 ts 4.916667
[out#0/hls @ 0000020054ccdf00] sq: receive 0 ts 4.916667 queue head -1 ts N/A
[h264 @ 0000020054f0f140] nal_unit_type: 1(Coded slice of a non-IDR picture), nal_ref_idc: 0
[libx264 @ 0000020054ca7b00] frame=  40 QP=28.76 NAL=0 Slice:B Poc:78  I:80   P:2790 SKIP:5290 size=8664 bytes
[out#0/hls @ 0000020054ccdf00] sq: send 0 ts 4.958333
[out#0/hls @ 0000020054ccdf00] sq: receive 0 ts 4.958333 queue head -1 ts N/A
[h264 @ 000002005514e980] nal_unit_type: 1(Coded slice of a non-IDR picture), nal_ref_idc: 2
[libx264 @ 0000020054ca7b00] frame=  41 QP=23.74 NAL=2 Slice:P Poc:88  I:741  P:4956 SKIP:2463 size=46902 bytes
[out#0/hls @ 0000020054ccdf00] sq: send 1 ts 5.973333
[out#0/hls @ 0000020054ccdf00] sq: receive 1 ts 5.973333 queue head -1 ts N/A
[out#0/hls @ 0000020054ccdf00] sq: send 1 ts 5.994667
[out#0/hls @ 0000020054ccdf00] sq: receive 1 ts 5.994667 queue head -1 ts N/A
[out#0/hls @ 0000020054ccdf00] sq: send 1 ts 6.016
[out#0/hls @ 0000020054ccdf00] sq: receive 1 ts 6.016 queue head -1 ts N/A
[out#0/hls @ 0000020054ccdf00] sq: send 1 ts 6.037333
[out#0/hls @ 0000020054ccdf00] sq: receive 1 ts 6.037333 queue head -1 ts N/A
[out#0/hls @ 0000020054ccdf00] sq: send 1 ts 6.058667
[out#0/hls @ 0000020054ccdf00] sq: receive 1 ts 6.058667 queue head -1 ts N/A
[out#0/hls @ 0000020054ccdf00] sq: send 1 ts 6.08
[out#0/hls @ 0000020054ccdf00] sq: receive 1 ts 6.08 queue head -1 ts N/A
[out#0/hls @ 0000020054ccdf00] sq: send 1 ts 6.101333
[out#0/hls @ 0000020054ccdf00] sq: receive 1 ts 6.101333 queue head -1 ts N/A
[out#0/hls @ 0000020054ccdf00] sq: send 1 ts 6.122667
[out#0/hls @ 0000020054ccdf00] sq: receive 1 ts 6.122667 queue head -1 ts N/A
[out#0/hls @ 0000020054ccdf00] sq: send 1 ts 6.144
[out#0/hls @ 0000020054ccdf00] sq: receive 1 ts 6.144 queue head -1 ts N/A
[out#0/hls @ 0000020054ccdf00] sq: send 1 ts 6.165333
[out#0/hls @ 0000020054ccdf00] sq: receive 1 ts 6.165333 queue head -1 ts N/A
[h264 @ 0000020054cab3c0] nal_unit_type: 1(Coded slice of a non-IDR picture), nal_ref_idc: 2
[out#0/hls @ 0000020054ccdf00] sq: send 0 ts 5
[out#0/hls @ 0000020054ccdf00] sq: receive 0 ts 5 queue head -1 ts N/A
[libx264 @ 0000020054ca7b00] frame=  42 QP=26.25 NAL=2 Slice:B Poc:84  I:164  P:3573 SKIP:4423 size=16407 bytes
[out#0/hls @ 0000020054ccdf00] sq: send 0 ts 5.041667
[out#0/hls @ 0000020054ccdf00] sq: receive 0 ts 5.041667 queue head -1 ts N/A
[h264 @ 0000020054d31000] nal_unit_type: 1(Coded slice of a non-IDR picture), nal_ref_idc: 0
[libx264 @ 0000020054ca7b00] frame=  43 QP=28.46 NAL=0 Slice:B Poc:82  I:60   P:2711 SKIP:5389 size=7988 bytes
[out#0/hls @ 0000020054ccdf00] sq: send 0 ts 5.083333
[out#0/hls @ 0000020054ccdf00] sq: receive 0 ts 5.083333 queue head -1 ts N/A
[h264 @ 0000020054d316c0] nal_unit_type: 1(Coded slice of a non-IDR picture), nal_ref_idc: 0
[libx264 @ 0000020054ca7b00] frame=  44 QP=28.79 NAL=0 Slice:B Poc:86  I:57   P:2611 SKIP:5492 size=7364 bytes
[out#0/hls @ 0000020054ccdf00] sq: send 0 ts 5.125
[out#0/hls @ 0000020054ccdf00] sq: receive 0 ts 5.125 queue head -1 ts N/A
[h264 @ 0000020055207440] nal_unit_type: 1(Coded slice of a non-IDR picture), nal_ref_idc: 2
[libx264 @ 0000020054ca7b00] frame=  45 QP=23.68 NAL=2 Slice:P Poc:92  I:456  P:4034 SKIP:3670 size=25601 bytes
[out#0/hls @ 0000020054ccdf00] sq: send 0 ts 5.166667
[out#0/hls @ 0000020054ccdf00] sq: receive 0 ts 5.166667 queue head -1 ts N/A
[h264 @ 0000020054f6de40] nal_unit_type: 1(Coded slice of a non-IDR picture), nal_ref_idc: 2
[libx264 @ 0000020054ca7b00] frame=  46 QP=28.35 NAL=0 Slice:B Poc:90  I:69   P:2578 SKIP:5513 size=7041 bytes
[out#0/hls @ 0000020054ccdf00] sq: send 1 ts 6.186667
[out#0/hls @ 0000020054ccdf00] sq: receive 1 ts 6.186667 queue head -1 ts N/A
[out#0/hls @ 0000020054ccdf00] sq: send 0 ts 5.208333
[out#0/hls @ 0000020054ccdf00] sq: receive 0 ts 5.208333 queue head -1 ts N/A
[h264 @ 0000020054f6e940] nal_unit_type: 1(Coded slice of a non-IDR picture), nal_ref_idc: 0
frame=   47 fps= 46 q=28.0 size=N/A time=00:00:01.87 bitrate=N/A speed=1.82x    [libx264 @ 0000020054ca7b00] frame=  47 QP=22.12 NAL=2 Slice:P Poc:100 I:2728 P:3392 SKIP:2040 size=166588 bytes
[out#0/hls @ 0000020054ccdf00] sq: send 0 ts 5.25
[out#0/hls @ 0000020054ccdf00] sq: receive 0 ts 5.25 queue head -1 ts N/A
[h264 @ 0000020054cc1180] nal_unit_type: 1(Coded slice of a non-IDR picture), nal_ref_idc: 0
[libx264 @ 0000020054ca7b00] frame=  48 QP=26.44 NAL=2 Slice:B Poc:96  I:147  P:3862 SKIP:4151 size=19915 bytes
[out#0/hls @ 0000020054ccdf00] sq: send 0 ts 5.291667
[out#0/hls @ 0000020054ccdf00] sq: receive 0 ts 5.291667 queue head -1 ts N/A
[h264 @ 0000020054cc1c80] nal_unit_type: 1(Coded slice of a non-IDR picture), nal_ref_idc: 2
[libx264 @ 0000020054ca7b00] frame=  49 QP=28.62 NAL=0 Slice:B Poc:94  I:82   P:3324 SKIP:4754 size=7922 bytes
[out#0/hls @ 0000020054ccdf00] sq: send 1 ts 6.208
[out#0/hls @ 0000020054ccdf00] sq: receive 1 ts 6.208 queue head -1 ts N/A
[out#0/hls @ 0000020054ccdf00] sq: send 0 ts 5.333333
[out#0/hls @ 0000020054ccdf00] sq: receive 0 ts 5.333333 queue head -1 ts N/A
[h264 @ 0000020054e28880] nal_unit_type: 1(Coded slice of a non-IDR picture), nal_ref_idc: 2
[libx264 @ 0000020054ca7b00] frame=  50 QP=28.21 NAL=0 Slice:B Poc:98  I:66   P:2339 SKIP:5755 size=5713 bytes
[out#0/hls @ 0000020054ccdf00] sq: send 1 ts 6.229333
[out#0/hls @ 0000020054ccdf00] sq: receive 1 ts 6.229333 queue head -1 ts N/A
[out#0/hls @ 0000020054ccdf00] sq: send 1 ts 6.250667
[out#0/hls @ 0000020054ccdf00] sq: receive 1 ts 6.250667 queue head -1 ts N/A
[out#0/hls @ 0000020054ccdf00] sq: send 1 ts 6.272
[out#0/hls @ 0000020054ccdf00] sq: receive 1 ts 6.272 queue head -1 ts N/A
[out#0/hls @ 0000020054ccdf00] sq: send 1 ts 6.293333
[out#0/hls @ 0000020054ccdf00] sq: receive 1 ts 6.293333 queue head -1 ts N/A
[out#0/hls @ 0000020054ccdf00] sq: send 1 ts 6.314667
[out#0/hls @ 0000020054ccdf00] sq: receive 1 ts 6.314667 queue head -1 ts N/A
[h264 @ 0000020054e29240] nal_unit_type: 1(Coded slice of a non-IDR picture), nal_ref_idc: 0
[out#0/hls @ 0000020054ccdf00] sq: send 1 ts 6.336
[out#0/hls @ 0000020054ccdf00] sq: receive 1 ts 6.336 queue head -1 ts N/A
[out#0/hls @ 0000020054ccdf00] sq: send 1 ts 6.357333
[out#0/hls @ 0000020054ccdf00] sq: receive 1 ts 6.357333 queue head -1 ts N/A
[out#0/hls @ 0000020054ccdf00] sq: send 1 ts 6.378667
[out#0/hls @ 0000020054ccdf00] sq: receive 1 ts 6.378667 queue head -1 ts N/A
[out#0/hls @ 0000020054ccdf00] sq: send 1 ts 6.4
[out#0/hls @ 0000020054ccdf00] sq: receive 1 ts 6.4 queue head -1 ts N/A
[out#0/hls @ 0000020054ccdf00] sq: send 1 ts 6.421333
[out#0/hls @ 0000020054ccdf00] sq: receive 1 ts 6.421333 queue head -1 ts N/A
[out#0/hls @ 0000020054ccdf00] sq: send 1 ts 6.442667
[out#0/hls @ 0000020054ccdf00] sq: receive 1 ts 6.442667 queue head -1 ts N/A
[out#0/hls @ 0000020054ccdf00] sq: send 1 ts 6.464
[out#0/hls @ 0000020054ccdf00] sq: receive 1 ts 6.464 queue head -1 ts N/A
[out#0/hls @ 0000020054ccdf00] sq: send 0 ts 5.375
[out#0/hls @ 0000020054ccdf00] sq: receive 0 ts 5.375 queue head -1 ts N/A
[libx264 @ 0000020054ca7b00] frame=  51 QP=21.62 NAL=2 Slice:P Poc:108 I:792  P:5296 SKIP:2072 size=65653 bytes
[out#0/hls @ 0000020054ccdf00] sq: send 1 ts 6.485333
[out#0/hls @ 0000020054ccdf00] sq: receive 1 ts 6.485333 queue head -1 ts N/A
[out#0/hls @ 0000020054ccdf00] sq: send 1 ts 6.506667
[out#0/hls @ 0000020054ccdf00] sq: receive 1 ts 6.506667 queue head -1 ts N/A
[out#0/hls @ 0000020054ccdf00] sq: send 1 ts 6.528
[out#0/hls @ 0000020054ccdf00] sq: receive 1 ts 6.528 queue head -1 ts N/A
[out#0/hls @ 0000020054ccdf00] sq: send 1 ts 6.549333
[out#0/hls @ 0000020054ccdf00] sq: receive 1 ts 6.549333 queue head -1 ts N/A
[out#0/hls @ 0000020054ccdf00] sq: send 1 ts 6.570667
[out#0/hls @ 0000020054ccdf00] sq: receive 1 ts 6.570667 queue head -1 ts N/A
[out#0/hls @ 0000020054ccdf00] sq: send 1 ts 6.592
[out#0/hls @ 0000020054ccdf00] sq: receive 1 ts 6.592 queue head -1 ts N/A
[out#0/hls @ 0000020054ccdf00] sq: send 1 ts 6.613333
[out#0/hls @ 0000020054ccdf00] sq: receive 1 ts 6.613333 queue head -1 ts N/A
[out#0/hls @ 0000020054ccdf00] sq: send 1 ts 6.634667
[out#0/hls @ 0000020054ccdf00] sq: receive 1 ts 6.634667 queue head -1 ts N/A
[out#0/hls @ 0000020054ccdf00] sq: send 1 ts 6.656
[out#0/hls @ 0000020054ccdf00] sq: receive 1 ts 6.656 queue head -1 ts N/A
[out#0/hls @ 0000020054ccdf00] sq: send 1 ts 6.677333
[out#0/hls @ 0000020054ccdf00] sq: receive 1 ts 6.677333 queue head -1 ts N/A
[h264 @ 0000020054f4d980] nal_unit_type: 1(Coded slice of a non-IDR picture), nal_ref_idc: 0
[out#0/hls @ 0000020054ccdf00] sq: send 0 ts 5.416667
[out#0/hls @ 0000020054ccdf00] sq: receive 0 ts 5.416667 queue head -1 ts N/A
[libx264 @ 0000020054ca7b00] frame=  52 QP=26.48 NAL=2 Slice:B Poc:104 I:155  P:3860 SKIP:4145 size=14120 bytes
[out#0/hls @ 0000020054ccdf00] sq: send 1 ts 6.698667
[out#0/hls @ 0000020054ccdf00] sq: receive 1 ts 6.698667 queue head -1 ts N/A
[out#0/hls @ 0000020054ccdf00] sq: send 0 ts 5.458333
[out#0/hls @ 0000020054ccdf00] sq: receive 0 ts 5.458333 queue head -1 ts N/A
[h264 @ 0000020054f4e480] nal_unit_type: 1(Coded slice of a non-IDR picture), nal_ref_idc: 2
[libx264 @ 0000020054ca7b00] frame=  53 QP=28.46 NAL=0 Slice:B Poc:102 I:62   P:2821 SKIP:5277 size=6449 bytes
[out#0/hls @ 0000020054ccdf00] sq: send 1 ts 6.72
[out#0/hls @ 0000020054ccdf00] sq: receive 1 ts 6.72 queue head -1 ts N/A
[out#0/hls @ 0000020054ccdf00] sq: send 1 ts 6.741333
[out#0/hls @ 0000020054ccdf00] sq: receive 1 ts 6.741333 queue head -1 ts N/A
[out#0/hls @ 0000020054ccdf00] sq: send 1 ts 6.762667
[out#0/hls @ 0000020054ccdf00] sq: receive 1 ts 6.762667 queue head -1 ts N/A
[out#0/hls @ 0000020054ccdf00] sq: send 1 ts 6.784
[out#0/hls @ 0000020054ccdf00] sq: receive 1 ts 6.784 queue head -1 ts N/A
[out#0/hls @ 0000020054ccdf00] sq: send 1 ts 6.805333
[out#0/hls @ 0000020054ccdf00] sq: receive 1 ts 6.805333 queue head -1 ts N/A
[h264 @ 0000020054f0edc0] nal_unit_type: 1(Coded slice of a non-IDR picture), nal_ref_idc: 2
[out#0/hls @ 0000020054ccdf00] sq: send 0 ts 5.5
[out#0/hls @ 0000020054ccdf00] sq: receive 0 ts 5.5 queue head -1 ts N/A
[libx264 @ 0000020054ca7b00] frame=  54 QP=27.73 NAL=0 Slice:B Poc:106 I:62   P:2253 SKIP:5845 size=6397 bytes
[out#0/hls @ 0000020054ccdf00] sq: send 0 ts 5.541667
[out#0/hls @ 0000020054ccdf00] sq: receive 0 ts 5.541667 queue head -1 ts N/A
[h264 @ 0000020054f0df00] nal_unit_type: 1(Coded slice of a non-IDR picture), nal_ref_idc: 0
[libx264 @ 0000020054ca7b00] frame=  55 QP=20.69 NAL=2 Slice:P Poc:116 I:874  P:5413 SKIP:1873 size=80686 bytes
[out#0/hls @ 0000020054ccdf00] sq: send 1 ts 6.826667
[out#0/hls @ 0000020054ccdf00] sq: receive 1 ts 6.826667 queue head -1 ts N/A
[out#0/hls @ 0000020054ccdf00] sq: send 1 ts 6.848
[out#0/hls @ 0000020054ccdf00] sq: receive 1 ts 6.848 queue head -1 ts N/A
[out#0/hls @ 0000020054ccdf00] sq: send 0 ts 5.583333
[out#0/hls @ 0000020054ccdf00] sq: receive 0 ts 5.583333 queue head -1 ts N/A
[h264 @ 0000020054f0f140] nal_unit_type: 1(Coded slice of a non-IDR picture), nal_ref_idc: 0
[libx264 @ 0000020054ca7b00] frame=  56 QP=26.50 NAL=2 Slice:B Poc:112 I:49   P:3753 SKIP:4358 size=13072 bytes
[out#0/hls @ 0000020054ccdf00] sq: send 0 ts 5.625
[out#0/hls @ 0000020054ccdf00] sq: receive 0 ts 5.625 queue head -1 ts N/A
[h264 @ 000002005514e980] nal_unit_type: 1(Coded slice of a non-IDR picture), nal_ref_idc: 2
[libx264 @ 0000020054ca7b00] frame=  57 QP=27.95 NAL=0 Slice:B Poc:110 I:52   P:2340 SKIP:5768 size=6043 bytes
[out#0/hls @ 0000020054ccdf00] sq: send 1 ts 6.869333
[out#0/hls @ 0000020054ccdf00] sq: receive 1 ts 6.869333 queue head -1 ts N/A
[out#0/hls @ 0000020054ccdf00] sq: send 1 ts 6.890667
[out#0/hls @ 0000020054ccdf00] sq: receive 1 ts 6.890667 queue head -1 ts N/A
[out#0/hls @ 0000020054ccdf00] sq: send 1 ts 6.912
[out#0/hls @ 0000020054ccdf00] sq: receive 1 ts 6.912 queue head -1 ts N/A
[out#0/hls @ 0000020054ccdf00] sq: send 1 ts 6.933333
[out#0/hls @ 0000020054ccdf00] sq: receive 1 ts 6.933333 queue head -1 ts N/A
[out#0/hls @ 0000020054ccdf00] sq: send 1 ts 6.954667
[out#0/hls @ 0000020054ccdf00] sq: receive 1 ts 6.954667 queue head -1 ts N/A
[out#0/hls @ 0000020054ccdf00] sq: send 1 ts 6.976
[out#0/hls @ 0000020054ccdf00] sq: receive 1 ts 6.976 queue head -1 ts N/A
[out#0/hls @ 0000020054ccdf00] sq: send 0 ts 5.666667
[out#0/hls @ 0000020054ccdf00] sq: receive 0 ts 5.666667 queue head -1 ts N/A
[h264 @ 0000020054cab3c0] nal_unit_type: 1(Coded slice of a non-IDR picture), nal_ref_idc: 2
[libx264 @ 0000020054ca7b00] frame=  58 QP=29.05 NAL=0 Slice:B Poc:114 I:49   P:2440 SKIP:5671 size=8669 bytes
[out#0/hls @ 0000020054ccdf00] sq: send 1 ts 6.997333
[out#0/hls @ 0000020054ccdf00] sq: receive 1 ts 6.997333 queue head -1 ts N/A
[out#0/hls @ 0000020054ccdf00] sq: send 1 ts 7.018667
[out#0/hls @ 0000020054ccdf00] sq: receive 1 ts 7.018667 queue head -1 ts N/A
[out#0/hls @ 0000020054ccdf00] sq: send 1 ts 7.04
[out#0/hls @ 0000020054ccdf00] sq: receive 1 ts 7.04 queue head -1 ts N/A
[out#0/hls @ 0000020054ccdf00] sq: send 1 ts 7.061333
[out#0/hls @ 0000020054ccdf00] sq: receive 1 ts 7.061333 queue head -1 ts N/A
[out#0/hls @ 0000020054ccdf00] sq: send 0 ts 5.708333
[h264 @ 0000020054d31000] nal_unit_type: 1(Coded slice of a non-IDR picture), nal_ref_idc: 0
[out#0/hls @ 0000020054ccdf00] sq: receive 0 ts 5.708333 queue head -1 ts N/A
[libx264 @ 0000020054ca7b00] frame=  59 QP=19.60 NAL=2 Slice:P Poc:124 I:924  P:5641 SKIP:1595 size=96427 bytes
[out#0/hls @ 0000020054ccdf00] sq: send 0 ts 5.75
[out#0/hls @ 0000020054ccdf00] sq: receive 0 ts 5.75 queue head -1 ts N/A
[h264 @ 0000020054d316c0] nal_unit_type: 1(Coded slice of a non-IDR picture), nal_ref_idc: 0
[libx264 @ 0000020054ca7b00] frame=  60 QP=27.40 NAL=2 Slice:B Poc:120 I:7    P:1849 SKIP:6304 size=7510 bytes
[out#0/hls @ 0000020054ccdf00] sq: send 0 ts 5.791667
[out#0/hls @ 0000020054ccdf00] sq: receive 0 ts 5.791667 queue head -1 ts N/A
[h264 @ 0000020055207440] nal_unit_type: 1(Coded slice of a non-IDR picture), nal_ref_idc: 2
[libx264 @ 0000020054ca7b00] frame=  61 QP=27.27 NAL=0 Slice:B Poc:118 I:6    P:1499 SKIP:6655 size=3092 bytes
[out#0/hls @ 0000020054ccdf00] sq: send 0 ts 5.833333
[out#0/hls @ 0000020054ccdf00] sq: receive 0 ts 5.833333 queue head -1 ts N/A
[h264 @ 0000020054f6de40] nal_unit_type: 1(Coded slice of a non-IDR picture), nal_ref_idc: 2
[libx264 @ 0000020054ca7b00] frame=  62 QP=30.21 NAL=0 Slice:B Poc:122 I:2    P:619  SKIP:7539 size=1346 bytes
[out#0/hls @ 0000020054ccdf00] sq: send 0 ts 5.875
[out#0/hls @ 0000020054ccdf00] sq: receive 0 ts 5.875 queue head -1 ts N/A
[h264 @ 0000020054f6e940] nal_unit_type: 1(Coded slice of a non-IDR picture), nal_ref_idc: 0
[libx264 @ 0000020054ca7b00] frame=  63 QP=20.31 NAL=2 Slice:P Poc:132 I:216  P:3734 SKIP:4210 size=54616 bytes
[out#0/hls @ 0000020054ccdf00] sq: send 0 ts 5.916667
[out#0/hls @ 0000020054ccdf00] sq: receive 0 ts 5.916667 queue head -1 ts N/A
[h264 @ 0000020054cc1180] nal_unit_type: 1(Coded slice of a non-IDR picture), nal_ref_idc: 0
[libx264 @ 0000020054ca7b00] frame=  64 QP=28.20 NAL=2 Slice:B Poc:128 I:5    P:2271 SKIP:5884 size=9371 bytes
[out#0/hls @ 0000020054ccdf00] sq: send 1 ts 7.082667
[out#0/hls @ 0000020054ccdf00] sq: receive 1 ts 7.082667 queue head -1 ts N/A
[out#0/hls @ 0000020054ccdf00] sq: send 0 ts 5.958333
[out#0/hls @ 0000020054ccdf00] sq: receive 0 ts 5.958333 queue head -1 ts N/A
[h264 @ 0000020054cc1c80] nal_unit_type: 1(Coded slice of a non-IDR picture), nal_ref_idc: 2
[libx264 @ 0000020054ca7b00] frame=  65 QP=31.63 NAL=0 Slice:B Poc:126 I:1    P:1227 SKIP:6932 size=3221 bytes
[out#0/hls @ 0000020054ccdf00] sq: send 1 ts 7.104
[out#0/hls @ 0000020054ccdf00] sq: receive 1 ts 7.104 queue head -1 ts N/A
[out#0/hls @ 0000020054ccdf00] sq: send 0 ts 6
[out#0/hls @ 0000020054ccdf00] sq: receive 0 ts 6 queue head -1 ts N/A
[h264 @ 0000020054e28880] nal_unit_type: 1(Coded slice of a non-IDR picture), nal_ref_idc: 2
[libx264 @ 0000020054ca7b00] frame=  66 QP=30.66 NAL=0 Slice:B Poc:130 I:3    P:895  SKIP:7262 size=2097 bytes
[out#0/hls @ 0000020054ccdf00] sq: send 1 ts 7.125333
[out#0/hls @ 0000020054ccdf00] sq: receive 1 ts 7.125333 queue head -1 ts N/A
[h264 @ 0000020054e29240] nal_unit_type: 1(Coded slice of a non-IDR picture), nal_ref_idc: 0
[out#0/hls @ 0000020054ccdf00] sq: send 1 ts 7.146667
[out#0/hls @ 0000020054ccdf00] sq: receive 1 ts 7.146667 queue head -1 ts N/A
[out#0/hls @ 0000020054ccdf00] sq: send 1 ts 7.168
[out#0/hls @ 0000020054ccdf00] sq: receive 1 ts 7.168 queue head -1 ts N/A
[out#0/hls @ 0000020054ccdf00] sq: send 1 ts 7.189333
[out#0/hls @ 0000020054ccdf00] sq: receive 1 ts 7.189333 queue head -1 ts N/A
[out#0/hls @ 0000020054ccdf00] sq: send 1 ts 7.210667
[out#0/hls @ 0000020054ccdf00] sq: receive 1 ts 7.210667 queue head -1 ts N/A
[out#0/hls @ 0000020054ccdf00] sq: send 1 ts 7.232
[out#0/hls @ 0000020054ccdf00] sq: receive 1 ts 7.232 queue head -1 ts N/A
[out#0/hls @ 0000020054ccdf00] sq: send 1 ts 7.253333
[out#0/hls @ 0000020054ccdf00] sq: receive 1 ts 7.253333 queue head -1 ts N/A
[out#0/hls @ 0000020054ccdf00] sq: send 1 ts 7.274667
[out#0/hls @ 0000020054ccdf00] sq: receive 1 ts 7.274667 queue head -1 ts N/A
[out#0/hls @ 0000020054ccdf00] sq: send 1 ts 7.296
[out#0/hls @ 0000020054ccdf00] sq: receive 1 ts 7.296 queue head -1 ts N/A
[libx264 @ 0000020054ca7b00] frame=  67 QP=20.63 NAL=2 Slice:P Poc:140 I:71   P:3595 SKIP:4494 size=48732 bytes
[out#0/hls @ 0000020054ccdf00] sq: send 1 ts 7.317333
[out#0/hls @ 0000020054ccdf00] sq: receive 1 ts 7.317333 queue head -1 ts N/A
[out#0/hls @ 0000020054ccdf00] sq: send 1 ts 7.338667
[out#0/hls @ 0000020054ccdf00] sq: receive 1 ts 7.338667 queue head -1 ts N/A
[out#0/hls @ 0000020054ccdf00] sq: send 1 ts 7.36
[out#0/hls @ 0000020054ccdf00] sq: receive 1 ts 7.36 queue head -1 ts N/A
[out#0/hls @ 0000020054ccdf00] sq: send 1 ts 7.381333
[out#0/hls @ 0000020054ccdf00] sq: receive 1 ts 7.381333 queue head -1 ts N/A
[out#0/hls @ 0000020054ccdf00] sq: send 0 ts 6.041667
[out#0/hls @ 0000020054ccdf00] sq: receive 0 ts 6.041667 queue head -1 ts N/A
[out#0/hls @ 0000020054ccdf00] sq: send 0 ts 6.083333
[out#0/hls @ 0000020054ccdf00] sq: receive 0 ts 6.083333 queue head -1 ts N/A
[h264 @ 0000020054f4d980] nal_unit_type: 1(Coded slice of a non-IDR picture), nal_ref_idc: 0
[libx264 @ 0000020054ca7b00] frame=  68 QP=28.16 NAL=2 Slice:B Poc:136 I:12   P:2077 SKIP:6071 size=9399 bytes
[out#0/hls @ 0000020054ccdf00] sq: send 1 ts 7.402667
[out#0/hls @ 0000020054ccdf00] sq: receive 1 ts 7.402667 queue head -1 ts N/A
[out#0/hls @ 0000020054ccdf00] sq: send 0 ts 6.125
[out#0/hls @ 0000020054ccdf00] sq: receive 0 ts 6.125 queue head -1 ts N/A
[h264 @ 0000020054f4e480] nal_unit_type: 1(Coded slice of a non-IDR picture), nal_ref_idc: 2
[libx264 @ 0000020054ca7b00] frame=  69 QP=29.63 NAL=0 Slice:B Poc:134 I:2    P:766  SKIP:7392 size=2061 bytes
[out#0/hls @ 0000020054ccdf00] sq: send 0 ts 6.166667
[out#0/hls @ 0000020054ccdf00] sq: receive 0 ts 6.166667 queue head -1 ts N/A
[h264 @ 0000020054f0edc0] nal_unit_type: 1(Coded slice of a non-IDR picture), nal_ref_idc: 2
[libx264 @ 0000020054ca7b00] frame=  70 QP=30.96 NAL=0 Slice:B Poc:138 I:0    P:888  SKIP:7272 size=1774 bytes
[out#0/hls @ 0000020054ccdf00] sq: send 0 ts 6.208333
[out#0/hls @ 0000020054ccdf00] sq: receive 0 ts 6.208333 queue head -1 ts N/A
[h264 @ 0000020054f0df00] nal_unit_type: 1(Coded slice of a non-IDR picture), nal_ref_idc: 0
[libx264 @ 0000020054ca7b00] frame=  71 QP=20.74 NAL=2 Slice:P Poc:148 I:118  P:3114 SKIP:4928 size=46275 bytes
[out#0/hls @ 0000020054ccdf00] sq: send 1 ts 7.424
[out#0/hls @ 0000020054ccdf00] sq: receive 1 ts 7.424 queue head -1 ts N/A
[out#0/hls @ 0000020054ccdf00] sq: send 0 ts 6.25
[out#0/hls @ 0000020054ccdf00] sq: receive 0 ts 6.25 queue head -1 ts N/A
[h264 @ 0000020054f0f140] nal_unit_type: 1(Coded slice of a non-IDR picture), nal_ref_idc: 0
[libx264 @ 0000020054ca7b00] frame=  72 QP=28.60 NAL=2 Slice:B Poc:144 I:5    P:1961 SKIP:6194 size=10535 bytes
[out#0/hls @ 0000020054ccdf00] sq: send 1 ts 7.445333
[out#0/hls @ 0000020054ccdf00] sq: receive 1 ts 7.445333 queue head -1 ts N/A
[out#0/hls @ 0000020054ccdf00] sq: send 1 ts 7.466667
[out#0/hls @ 0000020054ccdf00] sq: receive 1 ts 7.466667 queue head -1 ts N/A
[out#0/hls @ 0000020054ccdf00] sq: send 1 ts 7.488
[out#0/hls @ 0000020054ccdf00] sq: receive 1 ts 7.488 queue head -1 ts N/A
[out#0/hls @ 0000020054ccdf00] sq: send 1 ts 7.509333
[out#0/hls @ 0000020054ccdf00] sq: receive 1 ts 7.509333 queue head -1 ts N/A
[out#0/hls @ 0000020054ccdf00] sq: send 1 ts 7.530667
[out#0/hls @ 0000020054ccdf00] sq: receive 1 ts 7.530667 queue head -1 ts N/A
[out#0/hls @ 0000020054ccdf00] sq: send 1 ts 7.552
[out#0/hls @ 0000020054ccdf00] sq: receive 1 ts 7.552 queue head -1 ts N/A
[out#0/hls @ 0000020054ccdf00] sq: send 1 ts 7.573333
[out#0/hls @ 0000020054ccdf00] sq: receive 1 ts 7.573333 queue head -1 ts N/A
[out#0/hls @ 0000020054ccdf00] sq: send 0 ts 6.291667
[out#0/hls @ 0000020054ccdf00] sq: receive 0 ts 6.291667 queue head -1 ts N/A
[h264 @ 000002005514e980] nal_unit_type: 1(Coded slice of a non-IDR picture), nal_ref_idc: 2
[libx264 @ 0000020054ca7b00] frame=  73 QP=31.93 NAL=0 Slice:B Poc:142 I:3    P:1211 SKIP:6946 size=2823 bytes
[out#0/hls @ 0000020054ccdf00] sq: send 0 ts 6.333333
[out#0/hls @ 0000020054ccdf00] sq: receive 0 ts 6.333333 queue head -1 ts N/A
[h264 @ 0000020054cab3c0] nal_unit_type: 1(Coded slice of a non-IDR picture), nal_ref_idc: 2
[libx264 @ 0000020054ca7b00] frame=  74 QP=31.47 NAL=0 Slice:B Poc:146 I:4    P:690  SKIP:7466 size=2358 bytes
[out#0/hls @ 0000020054ccdf00] sq: send 1 ts 7.594667
[out#0/hls @ 0000020054ccdf00] sq: receive 1 ts 7.594667 queue head -1 ts N/A
[out#0/hls @ 0000020054ccdf00] sq: send 1 ts 7.616
[out#0/hls @ 0000020054ccdf00] sq: receive 1 ts 7.616 queue head -1 ts N/A
[out#0/hls @ 0000020054ccdf00] sq: send 1 ts 7.637333
[out#0/hls @ 0000020054ccdf00] sq: receive 1 ts 7.637333 queue head -1 ts N/A
[out#0/hls @ 0000020054ccdf00] sq: send 0 ts 6.375
[out#0/hls @ 0000020054ccdf00] sq: receive 0 ts 6.375 queue head -1 ts N/A
[h264 @ 0000020054d31000] nal_unit_type: 1(Coded slice of a non-IDR picture), nal_ref_idc: 0
[libx264 @ 0000020054ca7b00] frame=  75 QP=20.04 NAL=2 Slice:P Poc:156 I:89   P:3668 SKIP:4403 size=47446 bytes
[out#0/hls @ 0000020054ccdf00] sq: send 0 ts 6.416667
[out#0/hls @ 0000020054ccdf00] sq: receive 0 ts 6.416667 queue head -1 ts N/A
[h264 @ 0000020054d316c0] nal_unit_type: 1(Coded slice of a non-IDR picture), nal_ref_idc: 0
[libx264 @ 0000020054ca7b00] frame=  76 QP=27.99 NAL=2 Slice:B Poc:152 I:4    P:2255 SKIP:5901 size=11249 bytes
[out#0/hls @ 0000020054ccdf00] sq: send 0 ts 6.458333
[out#0/hls @ 0000020054ccdf00] sq: receive 0 ts 6.458333 queue head -1 ts N/A
[h264 @ 0000020055207440] nal_unit_type: 1(Coded slice of a non-IDR picture), nal_ref_idc: 2
[libx264 @ 0000020054ca7b00] frame=  77 QP=31.91 NAL=0 Slice:B Poc:150 I:1    P:956  SKIP:7203 size=2481 bytes
[out#0/hls @ 0000020054ccdf00] sq: send 1 ts 7.658667
[out#0/hls @ 0000020054ccdf00] sq: receive 1 ts 7.658667 queue head -1 ts N/A
[out#0/hls @ 0000020054ccdf00] sq: send 1 ts 7.68
[out#0/hls @ 0000020054ccdf00] sq: receive 1 ts 7.68 queue head -1 ts N/A
[out#0/hls @ 0000020054ccdf00] sq: send 1 ts 7.701333
[out#0/hls @ 0000020054ccdf00] sq: receive 1 ts 7.701333 queue head -1 ts N/A
[out#0/hls @ 0000020054ccdf00] sq: send 1 ts 7.722667
[out#0/hls @ 0000020054ccdf00] sq: receive 1 ts 7.722667 queue head -1 ts N/A
[out#0/hls @ 0000020054ccdf00] sq: send 1 ts 7.744
[out#0/hls @ 0000020054ccdf00] sq: receive 1 ts 7.744 queue head -1 ts N/A
[out#0/hls @ 0000020054ccdf00] sq: send 1 ts 7.765333
[out#0/hls @ 0000020054ccdf00] sq: receive 1 ts 7.765333 queue head -1 ts N/A
[h264 @ 0000020054f6de40] nal_unit_type: 1(Coded slice of a non-IDR picture), nal_ref_idc: 2
[out#0/hls @ 0000020054ccdf00] sq: send 0 ts 6.5
[out#0/hls @ 0000020054ccdf00] sq: receive 0 ts 6.5 queue head -1 ts N/A
[libx264 @ 0000020054ca7b00] frame=  78 QP=31.92 NAL=0 Slice:B Poc:154 I:1    P:1412 SKIP:6747 size=3829 bytes
[out#0/hls @ 0000020054ccdf00] sq: send 0 ts 6.541667
[out#0/hls @ 0000020054ccdf00] sq: receive 0 ts 6.541667 queue head -1 ts N/A
[h264 @ 0000020054f6e940] nal_unit_type: 1(Coded slice of a non-IDR picture), nal_ref_idc: 0
[libx264 @ 0000020054ca7b00] frame=  79 QP=20.59 NAL=2 Slice:P Poc:164 I:68   P:3311 SKIP:4781 size=45958 bytes
[out#0/hls @ 0000020054ccdf00] sq: send 1 ts 7.786667
[out#0/hls @ 0000020054ccdf00] sq: receive 1 ts 7.786667 queue head -1 ts N/A
[out#0/hls @ 0000020054ccdf00] sq: send 1 ts 7.808
[out#0/hls @ 0000020054ccdf00] sq: receive 1 ts 7.808 queue head -1 ts N/A
[out#0/hls @ 0000020054ccdf00] sq: send 0 ts 6.583333
[out#0/hls @ 0000020054ccdf00] sq: receive 0 ts 6.583333 queue head -1 ts N/A
[h264 @ 0000020054cc1180] nal_unit_type: 1(Coded slice of a non-IDR picture), nal_ref_idc: 0
[libx264 @ 0000020054ca7b00] frame=  80 QP=27.75 NAL=2 Slice:B Poc:160 I:54   P:2158 SKIP:5948 size=14920 bytes
[out#0/hls @ 0000020054ccdf00] sq: send 1 ts 7.829333
[out#0/hls @ 0000020054ccdf00] sq: receive 1 ts 7.829333 queue head -1 ts N/A
[out#0/hls @ 0000020054ccdf00] sq: send 0 ts 6.625
[out#0/hls @ 0000020054ccdf00] sq: receive 0 ts 6.625 queue head -1 ts N/A
[h264 @ 0000020054cc1c80] nal_unit_type: 1(Coded slice of a non-IDR picture), nal_ref_idc: 2
[libx264 @ 0000020054ca7b00] frame=  81 QP=30.56 NAL=0 Slice:B Poc:158 I:0    P:1112 SKIP:7048 size=3144 bytes
[out#0/hls @ 0000020054ccdf00] sq: send 1 ts 7.850667
[out#0/hls @ 0000020054ccdf00] sq: receive 1 ts 7.850667 queue head -1 ts N/A
[out#0/hls @ 0000020054ccdf00] sq: send 1 ts 7.872
[out#0/hls @ 0000020054ccdf00] sq: receive 1 ts 7.872 queue head -1 ts N/A
[out#0/hls @ 0000020054ccdf00] sq: send 1 ts 7.893333
[out#0/hls @ 0000020054ccdf00] sq: receive 1 ts 7.893333 queue head -1 ts N/A
[out#0/hls @ 0000020054ccdf00] sq: send 1 ts 7.914667
[out#0/hls @ 0000020054ccdf00] sq: receive 1 ts 7.914667 queue head -1 ts N/A
[out#0/hls @ 0000020054ccdf00] sq: send 1 ts 7.936
[out#0/hls @ 0000020054ccdf00] sq: receive 1 ts 7.936 queue head -1 ts N/A
[out#0/hls @ 0000020054ccdf00] sq: send 1 ts 7.957333
[out#0/hls @ 0000020054ccdf00] sq: receive 1 ts 7.957333 queue head -1 ts N/A
[out#0/hls @ 0000020054ccdf00] sq: send 1 ts 7.978667
[out#0/hls @ 0000020054ccdf00] sq: receive 1 ts 7.978667 queue head -1 ts N/A
[out#0/hls @ 0000020054ccdf00] sq: send 1 ts 8
[out#0/hls @ 0000020054ccdf00] sq: receive 1 ts 8 queue head -1 ts N/A
[out#0/hls @ 0000020054ccdf00] sq: send 0 ts 6.666667
[out#0/hls @ 0000020054ccdf00] sq: receive 0 ts 6.666667 queue head -1 ts N/A
[h264 @ 0000020054e28880] nal_unit_type: 1(Coded slice of a non-IDR picture), nal_ref_idc: 2
[libx264 @ 0000020054ca7b00] frame=  82 QP=29.70 NAL=0 Slice:B Poc:162 I:0    P:1081 SKIP:7079 size=3425 bytes
[out#0/hls @ 0000020054ccdf00] sq: send 0 ts 6.708333
[out#0/hls @ 0000020054ccdf00] sq: receive 0 ts 6.708333 queue head -1 ts N/A
[h264 @ 0000020054e29240] nal_unit_type: 1(Coded slice of a non-IDR picture), nal_ref_idc: 0
[libx264 @ 0000020054ca7b00] frame=  83 QP=20.84 NAL=2 Slice:P Poc:172 I:33   P:3183 SKIP:4944 size=43169 bytes
[out#0/hls @ 0000020054ccdf00] sq: send 0 ts 6.75
[out#0/hls @ 0000020054ccdf00] sq: receive 0 ts 6.75 queue head -1 ts N/A
[h264 @ 0000020054f4d980] nal_unit_type: 1(Coded slice of a non-IDR picture), nal_ref_idc: 0
[libx264 @ 0000020054ca7b00] frame=  84 QP=28.53 NAL=2 Slice:B Poc:168 I:1    P:2131 SKIP:6028 size=10854 bytes
[out#0/hls @ 0000020054ccdf00] sq: send 1 ts 8.021333
[out#0/hls @ 0000020054ccdf00] sq: receive 1 ts 8.021333 queue head -1 ts N/A
[out#0/hls @ 0000020054ccdf00] sq: send 1 ts 8.042667
[out#0/hls @ 0000020054ccdf00] sq: receive 1 ts 8.042667 queue head -1 ts N/A
[out#0/hls @ 0000020054ccdf00] sq: send 1 ts 8.064
[out#0/hls @ 0000020054ccdf00] sq: receive 1 ts 8.064 queue head -1 ts N/A
[out#0/hls @ 0000020054ccdf00] sq: send 1 ts 8.085333
[out#0/hls @ 0000020054ccdf00] sq: receive 1 ts 8.085333 queue head -1 ts N/A
[h264 @ 0000020054f4e480] nal_unit_type: 1(Coded slice of a non-IDR picture), nal_ref_idc: 2
[out#0/hls @ 0000020054ccdf00] sq: send 1 ts 8.106667
[out#0/hls @ 0000020054ccdf00] sq: receive 1 ts 8.106667 queue head -1 ts N/A
[out#0/hls @ 0000020054ccdf00] sq: send 1 ts 8.128
[out#0/hls @ 0000020054ccdf00] sq: receive 1 ts 8.128 queue head -1 ts N/A
[libx264 @ 0000020054ca7b00] frame=  85 QP=31.58 NAL=0 Slice:B Poc:166 I:2    P:839  SKIP:7319 size=2002 bytes
[out#0/hls @ 0000020054ccdf00] sq: send 0 ts 6.791667
[out#0/hls @ 0000020054ccdf00] sq: receive 0 ts 6.791667 queue head -1 ts N/A
[out#0/hls @ 0000020054ccdf00] sq: send 0 ts 6.833333
[out#0/hls @ 0000020054ccdf00] sq: receive 0 ts 6.833333 queue head -1 ts N/A
[h264 @ 0000020054f0edc0] nal_unit_type: 1(Coded slice of a non-IDR picture), nal_ref_idc: 2
[libx264 @ 0000020054ca7b00] frame=  86 QP=31.61 NAL=0 Slice:B Poc:170 I:1    P:1049 SKIP:7110 size=3047 bytes
[out#0/hls @ 0000020054ccdf00] sq: send 0 ts 6.875
[out#0/hls @ 0000020054ccdf00] sq: receive 0 ts 6.875 queue head -1 ts N/A
[h264 @ 0000020054f0df00] nal_unit_type: 1(Coded slice of a non-IDR picture), nal_ref_idc: 0
[libx264 @ 0000020054ca7b00] frame=  87 QP=19.58 NAL=2 Slice:P Poc:180 I:149  P:4598 SKIP:3413 size=68262 bytes
[out#0/hls @ 0000020054ccdf00] sq: send 1 ts 8.149333
[out#0/hls @ 0000020054ccdf00] sq: receive 1 ts 8.149333 queue head -1 ts N/A
[out#0/hls @ 0000020054ccdf00] sq: send 0 ts 6.916667
[out#0/hls @ 0000020054ccdf00] sq: receive 0 ts 6.916667 queue head -1 ts N/A
[h264 @ 0000020054f0f140] nal_unit_type: 1(Coded slice of a non-IDR picture), nal_ref_idc: 0
[libx264 @ 0000020054ca7b00] frame=  88 QP=27.28 NAL=2 Slice:B Poc:176 I:0    P:2704 SKIP:5456 size=12431 bytes
[out#0/hls @ 0000020054ccdf00] sq: send 0 ts 6.958333
[out#0/hls @ 0000020054ccdf00] sq: receive 0 ts 6.958333 queue head -1 ts N/A
[h264 @ 000002005514e980] nal_unit_type: 1(Coded slice of a non-IDR picture), nal_ref_idc: 2
[libx264 @ 0000020054ca7b00] frame=  89 QP=30.70 NAL=0 Slice:B Poc:174 I:0    P:1288 SKIP:6872 size=2317 bytes
[out#0/hls @ 0000020054ccdf00] sq: send 0 ts 7
[out#0/hls @ 0000020054ccdf00] sq: receive 0 ts 7 queue head -1 ts N/A
[h264 @ 0000020054cab3c0] nal_unit_type: 1(Coded slice of a non-IDR picture), nal_ref_idc: 2
[libx264 @ 0000020054ca7b00] frame=  90 QP=29.15 NAL=0 Slice:B Poc:178 I:2    P:1438 SKIP:6720 size=3661 bytes
[out#0/hls @ 0000020054ccdf00] sq: send 0 ts 7.041667
[out#0/hls @ 0000020054ccdf00] sq: receive 0 ts 7.041667 queue head -1 ts N/A
[h264 @ 0000020054d31000] nal_unit_type: 1(Coded slice of a non-IDR picture), nal_ref_idc: 0
[libx264 @ 0000020054ca7b00] frame=  91 QP=19.41 NAL=2 Slice:P Poc:188 I:155  P:5273 SKIP:2732 size=71609 bytes
[out#0/hls @ 0000020054ccdf00] sq: send 1 ts 8.170667
[out#0/hls @ 0000020054ccdf00] sq: receive 1 ts 8.170667 queue head -1 ts N/A
[out#0/hls @ 0000020054ccdf00] sq: send 0 ts 7.083333
[out#0/hls @ 0000020054ccdf00] sq: receive 0 ts 7.083333 queue head -1 ts N/A
[h264 @ 0000020054d316c0] nal_unit_type: 1(Coded slice of a non-IDR picture), nal_ref_idc: 0
[libx264 @ 0000020054ca7b00] frame=  92 QP=28.24 NAL=2 Slice:B Poc:184 I:7    P:2183 SKIP:5970 size=10838 bytes
[out#0/hls @ 0000020054ccdf00] sq: send 0 ts 7.125
[out#0/hls @ 0000020054ccdf00] sq: receive 0 ts 7.125 queue head -1 ts N/A
[h264 @ 0000020055207440] nal_unit_type: 1(Coded slice of a non-IDR picture), nal_ref_idc: 2
[libx264 @ 0000020054ca7b00] frame=  93 QP=29.52 NAL=0 Slice:B Poc:182 I:3    P:1865 SKIP:6292 size=4300 bytes
[out#0/hls @ 0000020054ccdf00] sq: send 0 ts 7.166667
[out#0/hls @ 0000020054ccdf00] sq: receive 0 ts 7.166667 queue head -1 ts N/A
[libx264 @ 0000020054ca7b00] frame=  94 QP=31.74 NAL=0 Slice:B Poc:186 I:0    P:883  SKIP:7277 size=2355 bytes
[out#0/hls @ 0000020054ccdf00] sq: send 0 ts 7.208333
[out#0/hls @ 0000020054ccdf00] sq: receive 0 ts 7.208333 queue head -1 ts N/A
[h264 @ 0000020054f6de40] nal_unit_type: 1(Coded slice of a non-IDR picture), nal_ref_idc: 2
[h264 @ 0000020054f6e940] nal_unit_type: 1(Coded slice of a non-IDR picture), nal_ref_idc: 0
[libx264 @ 0000020054ca7b00] frame=  95 QP=19.62 NAL=2 Slice:P Poc:196 I:40   P:3323 SKIP:4797 size=49245 bytes
[out#0/hls @ 0000020054ccdf00] sq: send 0 ts 7.25
[out#0/hls @ 0000020054ccdf00] sq: receive 0 ts 7.25 queue head -1 ts N/A
[h264 @ 0000020054cc1180] nal_unit_type: 1(Coded slice of a non-IDR picture), nal_ref_idc: 0
[libx264 @ 0000020054ca7b00] frame=  96 QP=28.66 NAL=2 Slice:B Poc:192 I:5    P:2116 SKIP:6039 size=9133 bytes
[out#0/hls @ 0000020054ccdf00] sq: send 1 ts 8.192
[out#0/hls @ 0000020054ccdf00] sq: receive 1 ts 8.192 queue head -1 ts N/A
[out#0/hls @ 0000020054ccdf00] sq: send 0 ts 7.291667
[out#0/hls @ 0000020054ccdf00] sq: receive 0 ts 7.291667 queue head -1 ts N/A
[h264 @ 0000020054cc1c80] nal_unit_type: 1(Coded slice of a non-IDR picture), nal_ref_idc: 2
[libx264 @ 0000020054ca7b00] frame=  97 QP=31.95 NAL=0 Slice:B Poc:190 I:1    P:1131 SKIP:7028 size=2977 bytes
[out#0/hls @ 0000020054ccdf00] sq: send 1 ts 8.213333
[out#0/hls @ 0000020054ccdf00] sq: receive 1 ts 8.213333 queue head -1 ts N/A
[out#0/hls @ 0000020054ccdf00] sq: send 1 ts 8.234667
[out#0/hls @ 0000020054ccdf00] sq: receive 1 ts 8.234667 queue head -1 ts N/A
[out#0/hls @ 0000020054ccdf00] sq: send 1 ts 8.256
[out#0/hls @ 0000020054ccdf00] sq: receive 1 ts 8.256 queue head -1 ts N/A
[out#0/hls @ 0000020054ccdf00] sq: send 1 ts 8.277333
[out#0/hls @ 0000020054ccdf00] sq: receive 1 ts 8.277333 queue head -1 ts N/A
[out#0/hls @ 0000020054ccdf00] sq: send 1 ts 8.298667
[out#0/hls @ 0000020054ccdf00] sq: receive 1 ts 8.298667 queue head -1 ts N/A
[out#0/hls @ 0000020054ccdf00] sq: send 1 ts 8.32
[out#0/hls @ 0000020054ccdf00] sq: receive 1 ts 8.32 queue head -1 ts N/A
[out#0/hls @ 0000020054ccdf00] sq: send 1 ts 8.341333
[out#0/hls @ 0000020054ccdf00] sq: receive 1 ts 8.341333 queue head -1 ts N/A
[out#0/hls @ 0000020054ccdf00] sq: send 1 ts 8.362667
[h264 @ 0000020054e28880] nal_unit_type: 1(Coded slice of a non-IDR picture), nal_ref_idc: 2
[out#0/hls @ 0000020054ccdf00] sq: receive 1 ts 8.362667 queue head -1 ts N/A
[out#0/hls @ 0000020054ccdf00] sq: send 1 ts 8.384
[out#0/hls @ 0000020054ccdf00] sq: receive 1 ts 8.384 queue head -1 ts N/A
[out#0/hls @ 0000020054ccdf00] sq: send 1 ts 8.405333
[out#0/hls @ 0000020054ccdf00] sq: receive 1 ts 8.405333 queue head -1 ts N/A
[out#0/hls @ 0000020054ccdf00] sq: send 1 ts 8.426667
[out#0/hls @ 0000020054ccdf00] sq: receive 1 ts 8.426667 queue head -1 ts N/A
[out#0/hls @ 0000020054ccdf00] sq: send 1 ts 8.448
[out#0/hls @ 0000020054ccdf00] sq: receive 1 ts 8.448 queue head -1 ts N/A
[out#0/hls @ 0000020054ccdf00] sq: send 0 ts 7.333333
[out#0/hls @ 0000020054ccdf00] sq: receive 0 ts 7.333333 queue head -1 ts N/A
[libx264 @ 0000020054ca7b00] frame=  98 QP=31.21 NAL=0 Slice:B Poc:194 I:1    P:1346 SKIP:6813 size=2845 bytes
[out#0/hls @ 0000020054ccdf00] sq: send 1 ts 8.469333
[out#0/hls @ 0000020054ccdf00] sq: receive 1 ts 8.469333 queue head -1 ts N/A
[h264 @ 0000020054e29240] nal_unit_type: 1(Coded slice of a non-IDR picture), nal_ref_idc: 0
[out#0/hls @ 0000020054ccdf00] sq: send 1 ts 8.490667
[out#0/hls @ 0000020054ccdf00] sq: receive 1 ts 8.490667 queue head -1 ts N/A
[out#0/hls @ 0000020054ccdf00] sq: send 1 ts 8.512
[out#0/hls @ 0000020054ccdf00] sq: receive 1 ts 8.512 queue head -1 ts N/A
[out#0/hls @ 0000020054ccdf00] sq: send 0 ts 7.375
[out#0/hls @ 0000020054ccdf00] sq: receive 0 ts 7.375 queue head -1 ts N/A
[libx264 @ 0000020054ca7b00] frame=  99 QP=20.38 NAL=2 Slice:P Poc:204 I:94   P:3286 SKIP:4780 size=47483 bytes
[out#0/hls @ 0000020054ccdf00] sq: send 1 ts 8.533333
[out#0/hls @ 0000020054ccdf00] sq: receive 1 ts 8.533333 queue head -1 ts N/A
[out#0/hls @ 0000020054ccdf00] sq: send 1 ts 8.554667
[out#0/hls @ 0000020054ccdf00] sq: receive 1 ts 8.554667 queue head -1 ts N/A
[out#0/hls @ 0000020054ccdf00] sq: send 1 ts 8.576
[out#0/hls @ 0000020054ccdf00] sq: receive 1 ts 8.576 queue head -1 ts N/A
[out#0/hls @ 0000020054ccdf00] sq: send 1 ts 8.597333
[out#0/hls @ 0000020054ccdf00] sq: receive 1 ts 8.597333 queue head -1 ts N/A
[h264 @ 0000020054f4d980] nal_unit_type: 1(Coded slice of a non-IDR picture), nal_ref_idc: 0
[out#0/hls @ 0000020054ccdf00] sq: send 1 ts 8.618667
[out#0/hls @ 0000020054ccdf00] sq: receive 1 ts 8.618667 queue head -1 ts N/A
[out#0/hls @ 0000020054ccdf00] sq: send 1 ts 8.64
[out#0/hls @ 0000020054ccdf00] sq: receive 1 ts 8.64 queue head -1 ts N/A
[out#0/hls @ 0000020054ccdf00] sq: send 1 ts 8.661333
[out#0/hls @ 0000020054ccdf00] sq: receive 1 ts 8.661333 queue head -1 ts N/A
[out#0/hls @ 0000020054ccdf00] sq: send 1 ts 8.682667
[out#0/hls @ 0000020054ccdf00] sq: receive 1 ts 8.682667 queue head -1 ts N/A
[out#0/hls @ 0000020054ccdf00] sq: send 0 ts 7.416667
[out#0/hls @ 0000020054ccdf00] sq: receive 0 ts 7.416667 queue head -1 ts N/A
[libx264 @ 0000020054ca7b00] frame= 100 QP=28.81 NAL=2 Slice:B Poc:200 I:10   P:1718 SKIP:6432 size=5719 bytes
[out#0/hls @ 0000020054ccdf00] sq: send 1 ts 8.704
[out#0/hls @ 0000020054ccdf00] sq: receive 1 ts 8.704 queue head -1 ts N/A
[out#0/hls @ 0000020054ccdf00] sq: send 0 ts 7.458333
[out#0/hls @ 0000020054ccdf00] sq: receive 0 ts 7.458333 queue head -1 ts N/A
[h264 @ 0000020054f4e480] nal_unit_type: 1(Coded slice of a non-IDR picture), nal_ref_idc: 2
[libx264 @ 0000020054ca7b00] frame= 101 QP=31.71 NAL=0 Slice:B Poc:198 I:6    P:768  SKIP:7386 size=2519 bytes
[out#0/hls @ 0000020054ccdf00] sq: send 1 ts 8.725333
[out#0/hls @ 0000020054ccdf00] sq: receive 1 ts 8.725333 queue head -1 ts N/A
[out#0/hls @ 0000020054ccdf00] sq: send 0 ts 7.5
[out#0/hls @ 0000020054ccdf00] sq: receive 0 ts 7.5 queue head -1 ts N/A
[h264 @ 0000020054f0edc0] nal_unit_type: 1(Coded slice of a non-IDR picture), nal_ref_idc: 2
[libx264 @ 0000020054ca7b00] frame= 102 QP=31.35 NAL=0 Slice:B Poc:202 I:1    P:1084 SKIP:7075 size=2357 bytes
[out#0/hls @ 0000020054ccdf00] sq: send 0 ts 7.541667
[out#0/hls @ 0000020054ccdf00] sq: receive 0 ts 7.541667 queue head -1 ts N/A
[h264 @ 0000020054f0df00] nal_unit_type: 1(Coded slice of a non-IDR picture), nal_ref_idc: 0
[libx264 @ 0000020054ca7b00] frame= 103 QP=20.76 NAL=2 Slice:P Poc:212 I:217  P:2934 SKIP:5009 size=41797 bytes
[out#0/hls @ 0000020054ccdf00] sq: send 1 ts 8.746667
[out#0/hls @ 0000020054ccdf00] sq: receive 1 ts 8.746667 queue head -1 ts N/A
[out#0/hls @ 0000020054ccdf00] sq: send 1 ts 8.768
[out#0/hls @ 0000020054ccdf00] sq: receive 1 ts 8.768 queue head -1 ts N/A
[out#0/hls @ 0000020054ccdf00] sq: send 1 ts 8.789333
[out#0/hls @ 0000020054ccdf00] sq: receive 1 ts 8.789333 queue head -1 ts N/A
[out#0/hls @ 0000020054ccdf00] sq: send 1 ts 8.810667
[out#0/hls @ 0000020054ccdf00] sq: receive 1 ts 8.810667 queue head -1 ts N/A
[out#0/hls @ 0000020054ccdf00] sq: send 1 ts 8.832
[out#0/hls @ 0000020054ccdf00] sq: receive 1 ts 8.832 queue head -1 ts N/A
[out#0/hls @ 0000020054ccdf00] sq: send 1 ts 8.853333
[out#0/hls @ 0000020054ccdf00] sq: receive 1 ts 8.853333 queue head -1 ts N/A
[out#0/hls @ 0000020054ccdf00] sq: send 1 ts 8.874667
[out#0/hls @ 0000020054ccdf00] sq: receive 1 ts 8.874667 queue head -1 ts N/A
[out#0/hls @ 0000020054ccdf00] sq: send 1 ts 8.896
[out#0/hls @ 0000020054ccdf00] sq: receive 1 ts 8.896 queue head -1 ts N/A
[out#0/hls @ 0000020054ccdf00] sq: send 0 ts 7.583333
[out#0/hls @ 0000020054ccdf00] sq: receive 0 ts 7.583333 queue head -1 ts N/A
[h264 @ 0000020054f0f140] nal_unit_type: 1(Coded slice of a non-IDR picture), nal_ref_idc: 0
[libx264 @ 0000020054ca7b00] frame= 104 QP=28.84 NAL=2 Slice:B Poc:208 I:2    P:1674 SKIP:6484 size=5056 bytes
[out#0/hls @ 0000020054ccdf00] sq: send 1 ts 8.917333
[out#0/hls @ 0000020054ccdf00] sq: receive 1 ts 8.917333 queue head -1 ts N/A
[h264 @ 000002005514e980] nal_unit_type: 1(Coded slice of a non-IDR picture), nal_ref_idc: 2
[out#0/hls @ 0000020054ccdf00] sq: send 1 ts 8.938667
[out#0/hls @ 0000020054ccdf00] sq: receive 1 ts 8.938667 queue head -1 ts N/A
[out#0/hls @ 0000020054ccdf00] sq: send 1 ts 8.96
[out#0/hls @ 0000020054ccdf00] sq: receive 1 ts 8.96 queue head -1 ts N/A
[out#0/hls @ 0000020054ccdf00] sq: send 0 ts 7.625
[out#0/hls @ 0000020054ccdf00] sq: receive 0 ts 7.625 queue head -1 ts N/A
[libx264 @ 0000020054ca7b00] frame= 105 QP=31.64 NAL=0 Slice:B Poc:206 I:0    P:1001 SKIP:7159 size=2103 bytes
[out#0/hls @ 0000020054ccdf00] sq: send 0 ts 7.666667
[out#0/hls @ 0000020054ccdf00] sq: receive 0 ts 7.666667 queue head -1 ts N/A
[h264 @ 0000020054cab3c0] nal_unit_type: 1(Coded slice of a non-IDR picture), nal_ref_idc: 2
[libx264 @ 0000020054ca7b00] frame= 106 QP=30.45 NAL=0 Slice:B Poc:210 I:0    P:981  SKIP:7179 size=2249 bytes
[out#0/hls @ 0000020054ccdf00] sq: send 1 ts 8.981333
[out#0/hls @ 0000020054ccdf00] sq: receive 1 ts 8.981333 queue head -1 ts N/A
[out#0/hls @ 0000020054ccdf00] sq: send 1 ts 9.002667
[out#0/hls @ 0000020054ccdf00] sq: receive 1 ts 9.002667 queue head -1 ts N/A
[out#0/hls @ 0000020054ccdf00] sq: send 1 ts 9.024
[out#0/hls @ 0000020054ccdf00] sq: receive 1 ts 9.024 queue head -1 ts N/A
[out#0/hls @ 0000020054ccdf00] sq: send 1 ts 9.045333
[out#0/hls @ 0000020054ccdf00] sq: receive 1 ts 9.045333 queue head -1 ts N/A
[out#0/hls @ 0000020054ccdf00] sq: send 0 ts 7.708333
[out#0/hls @ 0000020054ccdf00] sq: receive 0 ts 7.708333 queue head -1 ts N/A
[h264 @ 0000020054d31000] nal_unit_type: 1(Coded slice of a non-IDR picture), nal_ref_idc: 0
[libx264 @ 0000020054ca7b00] frame= 107 QP=21.21 NAL=2 Slice:P Poc:220 I:259  P:2805 SKIP:5096 size=44019 bytes
[out#0/hls @ 0000020054ccdf00] sq: send 0 ts 7.75
[out#0/hls @ 0000020054ccdf00] sq: receive 0 ts 7.75 queue head -1 ts N/A
[h264 @ 0000020054d316c0] nal_unit_type: 1(Coded slice of a non-IDR picture), nal_ref_idc: 0
[libx264 @ 0000020054ca7b00] frame= 108 QP=28.96 NAL=2 Slice:B Poc:216 I:1    P:1622 SKIP:6537 size=7410 bytes
[out#0/hls @ 0000020054ccdf00] sq: send 0 ts 7.791667
[out#0/hls @ 0000020054ccdf00] sq: receive 0 ts 7.791667 queue head -1 ts N/A
[h264 @ 0000020055207440] nal_unit_type: 1(Coded slice of a non-IDR picture), nal_ref_idc: 2
[libx264 @ 0000020054ca7b00] frame= 109 QP=31.14 NAL=0 Slice:B Poc:214 I:1    P:936  SKIP:7223 size=2788 bytes
[out#0/hls @ 0000020054ccdf00] sq: send 0 ts 7.833333
[out#0/hls @ 0000020054ccdf00] sq: receive 0 ts 7.833333 queue head -1 ts N/A
[h264 @ 0000020054f6de40] nal_unit_type: 1(Coded slice of a non-IDR picture), nal_ref_idc: 2
[libx264 @ 0000020054ca7b00] frame= 110 QP=30.75 NAL=0 Slice:B Poc:218 I:6    P:1222 SKIP:6932 size=3657 bytes
[out#0/hls @ 0000020054ccdf00] sq: send 0 ts 7.875
[out#0/hls @ 0000020054ccdf00] sq: receive 0 ts 7.875 queue head -1 ts N/A
[h264 @ 0000020054f6e940] nal_unit_type: 1(Coded slice of a non-IDR picture), nal_ref_idc: 0
[libx264 @ 0000020054ca7b00] frame= 111 QP=22.03 NAL=2 Slice:P Poc:228 I:77   P:2671 SKIP:5412 size=36381 bytes
[out#0/hls @ 0000020054ccdf00] sq: send 1 ts 9.066667
[out#0/hls @ 0000020054ccdf00] sq: receive 1 ts 9.066667 queue head -1 ts N/A
[out#0/hls @ 0000020054ccdf00] sq: send 1 ts 9.088
[out#0/hls @ 0000020054ccdf00] sq: receive 1 ts 9.088 queue head -1 ts N/A
[out#0/hls @ 0000020054ccdf00] sq: send 1 ts 9.109333
[out#0/hls @ 0000020054ccdf00] sq: receive 1 ts 9.109333 queue head -1 ts N/A
[out#0/hls @ 0000020054ccdf00] sq: send 1 ts 9.130667
[out#0/hls @ 0000020054ccdf00] sq: receive 1 ts 9.130667 queue head -1 ts N/A
[out#0/hls @ 0000020054ccdf00] sq: send 1 ts 9.152
[out#0/hls @ 0000020054ccdf00] sq: receive 1 ts 9.152 queue head -1 ts N/A
[out#0/hls @ 0000020054ccdf00] sq: send 1 ts 9.173333
[out#0/hls @ 0000020054ccdf00] sq: receive 1 ts 9.173333 queue head -1 ts N/A
[out#0/hls @ 0000020054ccdf00] sq: send 1 ts 9.194667
[out#0/hls @ 0000020054ccdf00] sq: receive 1 ts 9.194667 queue head -1 ts N/A
[out#0/hls @ 0000020054ccdf00] sq: send 1 ts 9.216
[out#0/hls @ 0000020054ccdf00] sq: receive 1 ts 9.216 queue head -1 ts N/A
[h264 @ 0000020054cc1180] nal_unit_type: 1(Coded slice of a non-IDR picture), nal_ref_idc: 0
[out#0/hls @ 0000020054ccdf00] sq: send 0 ts 7.916667
[out#0/hls @ 0000020054ccdf00] sq: receive 0 ts 7.916667 queue head -1 ts N/A
[libx264 @ 0000020054ca7b00] frame= 112 QP=29.44 NAL=2 Slice:B Poc:224 I:16   P:1567 SKIP:6577 size=8297 bytes
[out#0/hls @ 0000020054ccdf00] sq: send 1 ts 9.237333
[out#0/hls @ 0000020054ccdf00] sq: receive 1 ts 9.237333 queue head -1 ts N/A
[out#0/hls @ 0000020054ccdf00] sq: send 1 ts 9.258667
[out#0/hls @ 0000020054ccdf00] sq: receive 1 ts 9.258667 queue head -1 ts N/A
[out#0/hls @ 0000020054ccdf00] sq: send 0 ts 7.958333
[out#0/hls @ 0000020054ccdf00] sq: receive 0 ts 7.958333 queue head -1 ts N/A
[h264 @ 0000020054cc1c80] nal_unit_type: 1(Coded slice of a non-IDR picture), nal_ref_idc: 2
[libx264 @ 0000020054ca7b00] frame= 113 QP=31.54 NAL=0 Slice:B Poc:222 I:1    P:1100 SKIP:7059 size=3678 bytes
[out#0/hls @ 0000020054ccdf00] sq: send 1 ts 9.28
[out#0/hls @ 0000020054ccdf00] sq: receive 1 ts 9.28 queue head -1 ts N/A
[out#0/hls @ 0000020054ccdf00] sq: send 1 ts 9.301333
[out#0/hls @ 0000020054ccdf00] sq: receive 1 ts 9.301333 queue head -1 ts N/A
[out#0/hls @ 0000020054ccdf00] sq: send 0 ts 8
[out#0/hls @ 0000020054ccdf00] sq: receive 0 ts 8 queue head -1 ts N/A
[h264 @ 0000020054e28880] nal_unit_type: 1(Coded slice of a non-IDR picture), nal_ref_idc: 2
[libx264 @ 0000020054ca7b00] frame= 114 QP=31.30 NAL=0 Slice:B Poc:226 I:1    P:782  SKIP:7377 size=2657 bytes
[out#0/hls @ 0000020054ccdf00] sq: send 1 ts 9.322667
[out#0/hls @ 0000020054ccdf00] sq: receive 1 ts 9.322667 queue head -1 ts N/A
[out#0/hls @ 0000020054ccdf00] sq: send 0 ts 8.041667
[out#0/hls @ 0000020054ccdf00] sq: receive 0 ts 8.041667 queue head -1 ts N/A
[h264 @ 0000020054e29240] nal_unit_type: 1(Coded slice of a non-IDR picture), nal_ref_idc: 0
[libx264 @ 0000020054ca7b00] frame= 115 QP=22.50 NAL=2 Slice:P Poc:236 I:170  P:2923 SKIP:5067 size=56928 bytes
[out#0/hls @ 0000020054ccdf00] sq: send 0 ts 8.083333
[out#0/hls @ 0000020054ccdf00] sq: receive 0 ts 8.083333 queue head -1 ts N/A
[h264 @ 0000020054f4d980] nal_unit_type: 1(Coded slice of a non-IDR picture), nal_ref_idc: 0
[libx264 @ 0000020054ca7b00] frame= 116 QP=28.96 NAL=2 Slice:B Poc:232 I:15   P:1831 SKIP:6314 size=11770 bytes
[out#0/hls @ 0000020054ccdf00] sq: send 1 ts 9.344
[out#0/hls @ 0000020054ccdf00] sq: receive 1 ts 9.344 queue head -1 ts N/A
[out#0/hls @ 0000020054ccdf00] sq: send 1 ts 9.365333
[out#0/hls @ 0000020054ccdf00] sq: receive 1 ts 9.365333 queue head -1 ts N/A
[out#0/hls @ 0000020054ccdf00] sq: send 1 ts 9.386667
[out#0/hls @ 0000020054ccdf00] sq: receive 1 ts 9.386667 queue head -1 ts N/A
[out#0/hls @ 0000020054ccdf00] sq: send 1 ts 9.408
[out#0/hls @ 0000020054ccdf00] sq: receive 1 ts 9.408 queue head -1 ts N/A
[out#0/hls @ 0000020054ccdf00] sq: send 1 ts 9.429333
[out#0/hls @ 0000020054ccdf00] sq: receive 1 ts 9.429333 queue head -1 ts N/A
[h264 @ 0000020054f4e480] nal_unit_type: 1(Coded slice of a non-IDR picture), nal_ref_idc: 2
[out#0/hls @ 0000020054ccdf00] sq: send 0 ts 8.125
[out#0/hls @ 0000020054ccdf00] sq: receive 0 ts 8.125 queue head -1 ts N/A
[libx264 @ 0000020054ca7b00] frame= 117 QP=30.00 NAL=0 Slice:B Poc:230 I:10   P:1732 SKIP:6418 size=14378 bytes
[out#0/hls @ 0000020054ccdf00] sq: send 0 ts 8.166667
[out#0/hls @ 0000020054ccdf00] sq: receive 0 ts 8.166667 queue head -1 ts N/A
[h264 @ 0000020054f0edc0] nal_unit_type: 1(Coded slice of a non-IDR picture), nal_ref_idc: 2
[libx264 @ 0000020054ca7b00] frame= 118 QP=30.56 NAL=0 Slice:B Poc:234 I:8    P:1385 SKIP:6767 size=4242 bytes
[out#0/hls @ 0000020054ccdf00] sq: send 1 ts 9.450667
[out#0/hls @ 0000020054ccdf00] sq: receive 1 ts 9.450667 queue head -1 ts N/A
[out#0/hls @ 0000020054ccdf00] sq: send 0 ts 8.208333
[out#0/hls @ 0000020054ccdf00] sq: receive 0 ts 8.208333 queue head -1 ts N/A
[h264 @ 0000020054f0df00] nal_unit_type: 1(Coded slice of a non-IDR picture), nal_ref_idc: 0
frame=  119 fps= 77 q=28.0 size=N/A time=00:00:04.87 bitrate=N/A speed=3.14x    [libx264 @ 0000020054ca7b00] frame= 119 QP=20.18 NAL=2 Slice:P Poc:244 I:800  P:5486 SKIP:1874 size=97803 bytes
[out#0/hls @ 0000020054ccdf00] sq: send 0 ts 8.25
[out#0/hls @ 0000020054ccdf00] sq: receive 0 ts 8.25 queue head -1 ts N/A
[h264 @ 0000020054f0f140] nal_unit_type: 1(Coded slice of a non-IDR picture), nal_ref_idc: 0
[libx264 @ 0000020054ca7b00] frame= 120 QP=27.59 NAL=2 Slice:B Poc:240 I:28   P:2677 SKIP:5455 size=20077 bytes
[out#0/hls @ 0000020054ccdf00] sq: send 0 ts 8.291667
[out#0/hls @ 0000020054ccdf00] sq: receive 0 ts 8.291667 queue head -1 ts N/A
[h264 @ 000002005514e980] nal_unit_type: 1(Coded slice of a non-IDR picture), nal_ref_idc: 2
[libx264 @ 0000020054ca7b00] frame= 121 QP=29.25 NAL=0 Slice:B Poc:238 I:21   P:2852 SKIP:5287 size=17205 bytes
[out#0/hls @ 0000020054ccdf00] sq: send 0 ts 8.333333
[out#0/hls @ 0000020054ccdf00] sq: receive 0 ts 8.333333 queue head -1 ts N/A
[h264 @ 0000020054cab3c0] nal_unit_type: 1(Coded slice of a non-IDR picture), nal_ref_idc: 2
[libx264 @ 0000020054ca7b00] frame= 122 QP=28.58 NAL=0 Slice:B Poc:242 I:43   P:2759 SKIP:5358 size=16424 bytes
[out#0/hls @ 0000020054ccdf00] sq: send 0 ts 8.375
[out#0/hls @ 0000020054ccdf00] sq: receive 0 ts 8.375 queue head -1 ts N/A
[h264 @ 0000020054d31000] nal_unit_type: 1(Coded slice of a non-IDR picture), nal_ref_idc: 0
[libx264 @ 0000020054ca7b00] frame= 123 QP=20.63 NAL=2 Slice:P Poc:252 I:403  P:4855 SKIP:2902 size=82405 bytes
[out#0/hls @ 0000020054ccdf00] sq: send 0 ts 8.416667
[out#0/hls @ 0000020054ccdf00] sq: receive 0 ts 8.416667 queue head -1 ts N/A
[h264 @ 0000020054d316c0] nal_unit_type: 1(Coded slice of a non-IDR picture), nal_ref_idc: 0
[libx264 @ 0000020054ca7b00] frame= 124 QP=27.84 NAL=2 Slice:B Poc:248 I:26   P:3000 SKIP:5134 size=17960 bytes
[out#0/hls @ 0000020054ccdf00] sq: send 0 ts 8.458333
[out#0/hls @ 0000020054ccdf00] sq: receive 0 ts 8.458333 queue head -1 ts N/A
[h264 @ 0000020055207440] nal_unit_type: 1(Coded slice of a non-IDR picture), nal_ref_idc: 2
[libx264 @ 0000020054ca7b00] frame= 125 QP=30.21 NAL=0 Slice:B Poc:246 I:52   P:2728 SKIP:5380 size=9582 bytes
[out#0/hls @ 0000020054ccdf00] sq: send 1 ts 9.472
[out#0/hls @ 0000020054ccdf00] sq: receive 1 ts 9.472 queue head -1 ts N/A
[out#0/hls @ 0000020054ccdf00] sq: send 1 ts 9.493333
[out#0/hls @ 0000020054ccdf00] sq: receive 1 ts 9.493333 queue head -1 ts N/A
[out#0/hls @ 0000020054ccdf00] sq: send 1 ts 9.514667
[out#0/hls @ 0000020054ccdf00] sq: receive 1 ts 9.514667 queue head -1 ts N/A
[out#0/hls @ 0000020054ccdf00] sq: send 1 ts 9.536
[out#0/hls @ 0000020054ccdf00] sq: receive 1 ts 9.536 queue head -1 ts N/A
[out#0/hls @ 0000020054ccdf00] sq: send 1 ts 9.557333
[h264 @ 0000020054f6de40] nal_unit_type: 1(Coded slice of a non-IDR picture), nal_ref_idc: 2
[out#0/hls @ 0000020054ccdf00] sq: receive 1 ts 9.557333 queue head -1 ts N/A
[out#0/hls @ 0000020054ccdf00] sq: send 1 ts 9.578667
[out#0/hls @ 0000020054ccdf00] sq: receive 1 ts 9.578667 queue head -1 ts N/A
[out#0/hls @ 0000020054ccdf00] sq: send 1 ts 9.6
[out#0/hls @ 0000020054ccdf00] sq: receive 1 ts 9.6 queue head -1 ts N/A
[out#0/hls @ 0000020054ccdf00] sq: send 1 ts 9.621333
[out#0/hls @ 0000020054ccdf00] sq: receive 1 ts 9.621333 queue head -1 ts N/A
[out#0/hls @ 0000020054ccdf00] sq: send 1 ts 9.642667
[out#0/hls @ 0000020054ccdf00] sq: receive 1 ts 9.642667 queue head -1 ts N/A
[out#0/hls @ 0000020054ccdf00] sq: send 1 ts 9.664
[out#0/hls @ 0000020054ccdf00] sq: receive 1 ts 9.664 queue head -1 ts N/A
[libx264 @ 0000020054ca7b00] frame= 126 QP=30.46 NAL=0 Slice:B Poc:250 I:7    P:1685 SKIP:6468 size=4861 bytes
[out#0/hls @ 0000020054ccdf00] sq: send 1 ts 9.685333
[out#0/hls @ 0000020054ccdf00] sq: receive 1 ts 9.685333 queue head -1 ts N/A
[out#0/hls @ 0000020054ccdf00] sq: send 1 ts 9.706667
[out#0/hls @ 0000020054ccdf00] sq: receive 1 ts 9.706667 queue head -1 ts N/A
[out#0/hls @ 0000020054ccdf00] sq: send 1 ts 9.728
[out#0/hls @ 0000020054ccdf00] sq: receive 1 ts 9.728 queue head -1 ts N/A
[libx264 @ 0000020054ca7b00] frame= 127 QP=19.95 NAL=2 Slice:P Poc:260 I:313  P:4504 SKIP:3343 size=53123 bytes
[out#0/hls @ 0000020054ccdf00] sq: send 1 ts 9.749333
[out#0/hls @ 0000020054ccdf00] sq: receive 1 ts 9.749333 queue head -1 ts N/A
[out#0/hls @ 0000020054ccdf00] sq: send 0 ts 8.5
[out#0/hls @ 0000020054ccdf00] sq: receive 0 ts 8.5 queue head -1 ts N/A
[out#0/hls @ 0000020054ccdf00] sq: send 0 ts 8.541667
[out#0/hls @ 0000020054ccdf00] sq: receive 0 ts 8.541667 queue head -1 ts N/A
[out#0/hls @ 0000020054ccdf00] sq: send 0 ts 8.583333
[out#0/hls @ 0000020054ccdf00] sq: receive 0 ts 8.583333 queue head -1 ts N/A
[h264 @ 0000020054f6e940] nal_unit_type: 1(Coded slice of a non-IDR picture), nal_ref_idc: 0
[h264 @ 0000020054cc1180] nal_unit_type: 1(Coded slice of a non-IDR picture), nal_ref_idc: 0
[libx264 @ 0000020054ca7b00] frame= 128 QP=27.98 NAL=2 Slice:B Poc:256 I:7    P:3049 SKIP:5104 size=20822 bytes
[out#0/hls @ 0000020054ccdf00] sq: send 0 ts 8.625
[out#0/hls @ 0000020054ccdf00] sq: receive 0 ts 8.625 queue head -1 ts N/A
[h264 @ 0000020054cc1c80] nal_unit_type: 1(Coded slice of a non-IDR picture), nal_ref_idc: 2
[libx264 @ 0000020054ca7b00] frame= 129 QP=28.96 NAL=0 Slice:B Poc:254 I:0    P:2696 SKIP:5464 size=5349 bytes
[out#0/hls @ 0000020054ccdf00] sq: send 1 ts 9.770667
[out#0/hls @ 0000020054ccdf00] sq: receive 1 ts 9.770667 queue head -1 ts N/A
[out#0/hls @ 0000020054ccdf00] sq: send 0 ts 8.666667
[out#0/hls @ 0000020054ccdf00] sq: receive 0 ts 8.666667 queue head -1 ts N/A
[h264 @ 0000020054e28880] nal_unit_type: 1(Coded slice of a non-IDR picture), nal_ref_idc: 2
[libx264 @ 0000020054ca7b00] frame= 130 QP=30.22 NAL=0 Slice:B Poc:258 I:3    P:2088 SKIP:6069 size=4664 bytes
[out#0/hls @ 0000020054ccdf00] sq: send 1 ts 9.792
[out#0/hls @ 0000020054ccdf00] sq: receive 1 ts 9.792 queue head -1 ts N/A
[out#0/hls @ 0000020054ccdf00] sq: send 1 ts 9.813333
[out#0/hls @ 0000020054ccdf00] sq: receive 1 ts 9.813333 queue head -1 ts N/A
[out#0/hls @ 0000020054ccdf00] sq: send 1 ts 9.834667
[out#0/hls @ 0000020054ccdf00] sq: receive 1 ts 9.834667 queue head -1 ts N/A
[out#0/hls @ 0000020054ccdf00] sq: send 1 ts 9.856
[out#0/hls @ 0000020054ccdf00] sq: receive 1 ts 9.856 queue head -1 ts N/A
[h264 @ 0000020054e29240] nal_unit_type: 1(Coded slice of a non-IDR picture), nal_ref_idc: 0
[out#0/hls @ 0000020054ccdf00] sq: send 1 ts 9.877333
[out#0/hls @ 0000020054ccdf00] sq: receive 1 ts 9.877333 queue head -1 ts N/A
[out#0/hls @ 0000020054ccdf00] sq: send 1 ts 9.898667
[out#0/hls @ 0000020054ccdf00] sq: receive 1 ts 9.898667 queue head -1 ts N/A
[out#0/hls @ 0000020054ccdf00] sq: send 1 ts 9.92
[out#0/hls @ 0000020054ccdf00] sq: receive 1 ts 9.92 queue head -1 ts N/A
[out#0/hls @ 0000020054ccdf00] sq: send 1 ts 9.941333
[out#0/hls @ 0000020054ccdf00] sq: receive 1 ts 9.941333 queue head -1 ts N/A
[out#0/hls @ 0000020054ccdf00] sq: send 1 ts 9.962667
[out#0/hls @ 0000020054ccdf00] sq: receive 1 ts 9.962667 queue head -1 ts N/A
[out#0/hls @ 0000020054ccdf00] sq: send 1 ts 9.984
[out#0/hls @ 0000020054ccdf00] sq: receive 1 ts 9.984 queue head -1 ts N/A
[out#0/hls @ 0000020054ccdf00] sq: send 0 ts 8.708333
[out#0/hls @ 0000020054ccdf00] sq: receive 0 ts 8.708333 queue head -1 ts N/A
[libx264 @ 0000020054ca7b00] frame= 131 QP=20.47 NAL=2 Slice:P Poc:268 I:56   P:3332 SKIP:4772 size=46101 bytes
[out#0/hls @ 0000020054ccdf00] sq: send 1 ts 10.005333
[out#0/hls @ 0000020054ccdf00] sq: receive 1 ts 10.005333 queue head -1 ts N/A
[out#0/hls @ 0000020054ccdf00] sq: send 0 ts 8.75
[out#0/hls @ 0000020054ccdf00] sq: receive 0 ts 8.75 queue head -1 ts N/A
[h264 @ 0000020054f4d980] nal_unit_type: 1(Coded slice of a non-IDR picture), nal_ref_idc: 0
[libx264 @ 0000020054ca7b00] frame= 132 QP=28.29 NAL=2 Slice:B Poc:264 I:6    P:2371 SKIP:5783 size=20654 bytes
[out#0/hls @ 0000020054ccdf00] sq: send 1 ts 10.026667
[out#0/hls @ 0000020054ccdf00] sq: receive 1 ts 10.026667 queue head -1 ts N/A
[out#0/hls @ 0000020054ccdf00] sq: send 1 ts 10.048
[out#0/hls @ 0000020054ccdf00] sq: receive 1 ts 10.048 queue head -1 ts N/A
[out#0/hls @ 0000020054ccdf00] sq: send 1 ts 10.069333
[out#0/hls @ 0000020054ccdf00] sq: receive 1 ts 10.069333 queue head -1 ts N/A
[out#0/hls @ 0000020054ccdf00] sq: send 1 ts 10.090667
[out#0/hls @ 0000020054ccdf00] sq: receive 1 ts 10.090667 queue head -1 ts N/A
[out#0/hls @ 0000020054ccdf00] sq: send 0 ts 8.791667
[out#0/hls @ 0000020054ccdf00] sq: receive 0 ts 8.791667 queue head -1 ts N/A
[h264 @ 0000020054f4e480] nal_unit_type: 1(Coded slice of a non-IDR picture), nal_ref_idc: 2
[libx264 @ 0000020054ca7b00] frame= 133 QP=30.02 NAL=0 Slice:B Poc:262 I:7    P:2121 SKIP:6032 size=14613 bytes
[out#0/hls @ 0000020054ccdf00] sq: send 1 ts 10.112
[out#0/hls @ 0000020054ccdf00] sq: receive 1 ts 10.112 queue head -1 ts N/A
[out#0/hls @ 0000020054ccdf00] sq: send 1 ts 10.133333
[out#0/hls @ 0000020054ccdf00] sq: receive 1 ts 10.133333 queue head -1 ts N/A
[out#0/hls @ 0000020054ccdf00] sq: send 0 ts 8.833333
[h264 @ 0000020054f0edc0] nal_unit_type: 1(Coded slice of a non-IDR picture), nal_ref_idc: 2
[out#0/hls @ 0000020054ccdf00] sq: receive 0 ts 8.833333 queue head -1 ts N/A
[libx264 @ 0000020054ca7b00] frame= 134 QP=30.73 NAL=0 Slice:B Poc:266 I:3    P:1791 SKIP:6366 size=4449 bytes
[out#0/hls @ 0000020054ccdf00] sq: send 1 ts 10.154667
[out#0/hls @ 0000020054ccdf00] sq: receive 1 ts 10.154667 queue head -1 ts N/A
[out#0/hls @ 0000020054ccdf00] sq: send 0 ts 8.875
[out#0/hls @ 0000020054ccdf00] sq: receive 0 ts 8.875 queue head -1 ts N/A
[h264 @ 0000020054f0df00] nal_unit_type: 1(Coded slice of a non-IDR picture), nal_ref_idc: 0
[libx264 @ 0000020054ca7b00] frame= 135 QP=21.39 NAL=2 Slice:P Poc:276 I:33   P:2802 SKIP:5325 size=38192 bytes
[out#0/hls @ 0000020054ccdf00] sq: send 0 ts 8.916667
[out#0/hls @ 0000020054ccdf00] sq: receive 0 ts 8.916667 queue head -1 ts N/A
[h264 @ 0000020054f0f140] nal_unit_type: 1(Coded slice of a non-IDR picture), nal_ref_idc: 0
[libx264 @ 0000020054ca7b00] frame= 136 QP=28.72 NAL=2 Slice:B Poc:272 I:2    P:1984 SKIP:6174 size=17821 bytes
[out#0/hls @ 0000020054ccdf00] sq: send 0 ts 8.958333
[out#0/hls @ 0000020054ccdf00] sq: receive 0 ts 8.958333 queue head -1 ts N/A
[h264 @ 000002005514e980] nal_unit_type: 5(IDR), nal_ref_idc: 3
[libx264 @ 0000020054ca7b00] frame= 137 QP=29.49 NAL=0 Slice:B Poc:270 I:0    P:1852 SKIP:6308 size=9891 bytes
[out#0/hls @ 0000020054ccdf00] sq: send 0 ts 9
[out#0/hls @ 0000020054ccdf00] sq: receive 0 ts 9 queue head -1 ts N/A
[h264 @ 0000020054cab3c0] nal_unit_type: 1(Coded slice of a non-IDR picture), nal_ref_idc: 2
[libx264 @ 0000020054ca7b00] frame= 138 QP=30.01 NAL=0 Slice:B Poc:274 I:3    P:1721 SKIP:6436 size=4195 bytes
[out#0/hls @ 0000020054ccdf00] sq: send 1 ts 10.176
[out#0/hls @ 0000020054ccdf00] sq: receive 1 ts 10.176 queue head -1 ts N/A
[out#0/hls @ 0000020054ccdf00] sq: send 1 ts 10.197333
[out#0/hls @ 0000020054ccdf00] sq: receive 1 ts 10.197333 queue head -1 ts N/A
[out#0/hls @ 0000020054ccdf00] sq: send 1 ts 10.218667
[out#0/hls @ 0000020054ccdf00] sq: receive 1 ts 10.218667 queue head -1 ts N/A
[out#0/hls @ 0000020054ccdf00] sq: send 1 ts 10.24
[out#0/hls @ 0000020054ccdf00] sq: receive 1 ts 10.24 queue head -1 ts N/A
[out#0/hls @ 0000020054ccdf00] sq: send 1 ts 10.261333
[out#0/hls @ 0000020054ccdf00] sq: receive 1 ts 10.261333 queue head -1 ts N/A
[out#0/hls @ 0000020054ccdf00] sq: send 1 ts 10.282667
[out#0/hls @ 0000020054ccdf00] sq: receive 1 ts 10.282667 queue head -1 ts N/A
[out#0/hls @ 0000020054ccdf00] sq: send 1 ts 10.304
[out#0/hls @ 0000020054ccdf00] sq: receive 1 ts 10.304 queue head -1 ts N/A
[out#0/hls @ 0000020054ccdf00] sq: send 1 ts 10.325333
[out#0/hls @ 0000020054ccdf00] sq: receive 1 ts 10.325333 queue head -1 ts N/A
[out#0/hls @ 0000020054ccdf00] sq: send 1 ts 10.346667
[out#0/hls @ 0000020054ccdf00] sq: receive 1 ts 10.346667 queue head -1 ts N/A
[h264 @ 0000020054d31000] nal_unit_type: 1(Coded slice of a non-IDR picture), nal_ref_idc: 2
[out#0/hls @ 0000020054ccdf00] sq: send 1 ts 10.368
[out#0/hls @ 0000020054ccdf00] sq: receive 1 ts 10.368 queue head -1 ts N/A
[out#0/hls @ 0000020054ccdf00] sq: send 0 ts 9.041667
[out#0/hls @ 0000020054ccdf00] sq: receive 0 ts 9.041667 queue head -1 ts N/A
[libx264 @ 0000020054ca7b00] frame= 139 QP=22.88 NAL=2 Slice:P Poc:284 I:67   P:2710 SKIP:5383 size=48896 bytes
[out#0/hls @ 0000020054ccdf00] sq: send 1 ts 10.389333
[out#0/hls @ 0000020054ccdf00] sq: receive 1 ts 10.389333 queue head -1 ts N/A
[out#0/hls @ 0000020054ccdf00] sq: send 0 ts 9.083333
[out#0/hls @ 0000020054ccdf00] sq: receive 0 ts 9.083333 queue head -1 ts N/A
[h264 @ 0000020054d316c0] nal_unit_type: 1(Coded slice of a non-IDR picture), nal_ref_idc: 0
[libx264 @ 0000020054ca7b00] frame= 140 QP=28.43 NAL=2 Slice:B Poc:280 I:5    P:1797 SKIP:6358 size=16173 bytes
[out#0/hls @ 0000020054ccdf00] sq: send 1 ts 10.410667
[out#0/hls @ 0000020054ccdf00] sq: receive 1 ts 10.410667 queue head -1 ts N/A
[out#0/hls @ 0000020054ccdf00] sq: send 1 ts 10.432
[out#0/hls @ 0000020054ccdf00] sq: receive 1 ts 10.432 queue head -1 ts N/A
[out#0/hls @ 0000020054ccdf00] sq: send 0 ts 9.125
[h264 @ 0000020055207440] nal_unit_type: 1(Coded slice of a non-IDR picture), nal_ref_idc: 0
[out#0/hls @ 0000020054ccdf00] sq: receive 0 ts 9.125 queue head -1 ts N/A
[libx264 @ 0000020054ca7b00] frame= 141 QP=31.09 NAL=0 Slice:B Poc:278 I:3    P:1946 SKIP:6211 size=14905 bytes
[out#0/hls @ 0000020054ccdf00] sq: send 1 ts 10.453333
[out#0/hls @ 0000020054ccdf00] sq: receive 1 ts 10.453333 queue head -1 ts N/A
[out#0/hls @ 0000020054ccdf00] sq: send 1 ts 10.474667
[out#0/hls @ 0000020054ccdf00] sq: receive 1 ts 10.474667 queue head -1 ts N/A
[out#0/hls @ 0000020054ccdf00] sq: send 0 ts 9.166667
[out#0/hls @ 0000020054ccdf00] sq: receive 0 ts 9.166667 queue head -1 ts N/A
[h264 @ 0000020054f6de40] nal_unit_type: 1(Coded slice of a non-IDR picture), nal_ref_idc: 2
[libx264 @ 0000020054ca7b00] frame= 142 QP=30.98 NAL=0 Slice:B Poc:282 I:3    P:1268 SKIP:6889 size=3755 bytes
[out#0/hls @ 0000020054ccdf00] sq: send 0 ts 9.208333
[out#0/hls @ 0000020054ccdf00] sq: receive 0 ts 9.208333 queue head -1 ts N/A
[h264 @ 0000020054f6e940] nal_unit_type: 1(Coded slice of a non-IDR picture), nal_ref_idc: 2
[libx264 @ 0000020054ca7b00] frame= 143 QP=23.65 NAL=2 Slice:P Poc:292 I:605  P:2807 SKIP:4748 size=75602 bytes
[out#0/hls @ 0000020054ccdf00] sq: send 0 ts 9.25
[out#0/hls @ 0000020054ccdf00] sq: receive 0 ts 9.25 queue head -1 ts N/A
[h264 @ 0000020054cc1180] nal_unit_type: 1(Coded slice of a non-IDR picture), nal_ref_idc: 0
[libx264 @ 0000020054ca7b00] frame= 144 QP=29.61 NAL=2 Slice:B Poc:288 I:63   P:1982 SKIP:6115 size=15829 bytes
[out#0/hls @ 0000020054ccdf00] sq: send 0 ts 9.291667
[out#0/hls @ 0000020054ccdf00] sq: receive 0 ts 9.291667 queue head -1 ts N/A
[h264 @ 0000020054cc1c80] nal_unit_type: 1(Coded slice of a non-IDR picture), nal_ref_idc: 0
[libx264 @ 0000020054ca7b00] frame= 145 QP=31.42 NAL=0 Slice:B Poc:286 I:3    P:1141 SKIP:7016 size=4552 bytes
[out#0/hls @ 0000020054ccdf00] sq: send 1 ts 10.496
[out#0/hls @ 0000020054ccdf00] sq: receive 1 ts 10.496 queue head -1 ts N/A
[out#0/hls @ 0000020054ccdf00] sq: send 1 ts 10.517333
[out#0/hls @ 0000020054ccdf00] sq: receive 1 ts 10.517333 queue head -1 ts N/A
[out#0/hls @ 0000020054ccdf00] sq: send 1 ts 10.538667
[out#0/hls @ 0000020054ccdf00] sq: receive 1 ts 10.538667 queue head -1 ts N/A
[out#0/hls @ 0000020054ccdf00] sq: send 1 ts 10.56
[out#0/hls @ 0000020054ccdf00] sq: receive 1 ts 10.56 queue head -1 ts N/A
[h264 @ 0000020054e28880] nal_unit_type: 1(Coded slice of a non-IDR picture), nal_ref_idc: 2
[out#0/hls @ 0000020054ccdf00] sq: send 1 ts 10.581333
[out#0/hls @ 0000020054ccdf00] sq: receive 1 ts 10.581333 queue head -1 ts N/A
[out#0/hls @ 0000020054ccdf00] sq: send 1 ts 10.602667
[out#0/hls @ 0000020054ccdf00] sq: receive 1 ts 10.602667 queue head -1 ts N/A
[out#0/hls @ 0000020054ccdf00] sq: send 1 ts 10.624
[out#0/hls @ 0000020054ccdf00] sq: receive 1 ts 10.624 queue head -1 ts N/A
[out#0/hls @ 0000020054ccdf00] sq: send 1 ts 10.645333
[out#0/hls @ 0000020054ccdf00] sq: receive 1 ts 10.645333 queue head -1 ts N/A
[out#0/hls @ 0000020054ccdf00] sq: send 0 ts 9.333333
[out#0/hls @ 0000020054ccdf00] sq: receive 0 ts 9.333333 queue head -1 ts N/A
[libx264 @ 0000020054ca7b00] frame= 146 QP=30.19 NAL=0 Slice:B Poc:290 I:9    P:1662 SKIP:6489 size=8688 bytes
[out#0/hls @ 0000020054ccdf00] sq: send 0 ts 9.375
[out#0/hls @ 0000020054ccdf00] sq: receive 0 ts 9.375 queue head -1 ts N/A
[h264 @ 0000020054e29240] nal_unit_type: 1(Coded slice of a non-IDR picture), nal_ref_idc: 2
[libx264 @ 0000020054ca7b00] frame= 147 QP=22.70 NAL=2 Slice:P Poc:300 I:230  P:4080 SKIP:3850 size=62298 bytes
[out#0/hls @ 0000020054ccdf00] sq: send 0 ts 9.416667
[out#0/hls @ 0000020054ccdf00] sq: receive 0 ts 9.416667 queue head -1 ts N/A
[h264 @ 0000020054f4d980] nal_unit_type: 1(Coded slice of a non-IDR picture), nal_ref_idc: 0
[libx264 @ 0000020054ca7b00] frame= 148 QP=27.48 NAL=2 Slice:B Poc:296 I:8    P:2233 SKIP:5919 size=14767 bytes
[out#0/hls @ 0000020054ccdf00] sq: send 0 ts 9.458333
[out#0/hls @ 0000020054ccdf00] sq: receive 0 ts 9.458333 queue head -1 ts N/A
[h264 @ 0000020054f4e480] nal_unit_type: 1(Coded slice of a non-IDR picture), nal_ref_idc: 0
[libx264 @ 0000020054ca7b00] frame= 149 QP=29.11 NAL=0 Slice:B Poc:294 I:6    P:2205 SKIP:5949 size=6671 bytes
[out#0/hls @ 0000020054ccdf00] sq: send 0 ts 9.5
[out#0/hls @ 0000020054ccdf00] sq: receive 0 ts 9.5 queue head -1 ts N/A
[h264 @ 0000020054f0edc0] nal_unit_type: 1(Coded slice of a non-IDR picture), nal_ref_idc: 2
[libx264 @ 0000020054ca7b00] frame= 150 QP=29.16 NAL=0 Slice:B Poc:298 I:49   P:2028 SKIP:6083 size=9981 bytes
[out#0/hls @ 0000020054ccdf00] sq: send 1 ts 10.666667
[out#0/hls @ 0000020054ccdf00] sq: receive 1 ts 10.666667 queue head -1 ts N/A
[out#0/hls @ 0000020054ccdf00] sq: send 1 ts 10.688
[out#0/hls @ 0000020054ccdf00] sq: receive 1 ts 10.688 queue head -1 ts N/A
[out#0/hls @ 0000020054ccdf00] sq: send 1 ts 10.709333
[out#0/hls @ 0000020054ccdf00] sq: receive 1 ts 10.709333 queue head -1 ts N/A
[out#0/hls @ 0000020054ccdf00] sq: send 1 ts 10.730667
[out#0/hls @ 0000020054ccdf00] sq: receive 1 ts 10.730667 queue head -1 ts N/A
[out#0/hls @ 0000020054ccdf00] sq: send 1 ts 10.752
[out#0/hls @ 0000020054ccdf00] sq: receive 1 ts 10.752 queue head -1 ts N/A
[out#0/hls @ 0000020054ccdf00] sq: send 1 ts 10.773333
[out#0/hls @ 0000020054ccdf00] sq: receive 1 ts 10.773333 queue head -1 ts N/A
[out#0/hls @ 0000020054ccdf00] sq: send 1 ts 10.794667
[out#0/hls @ 0000020054ccdf00] sq: receive 1 ts 10.794667 queue head -1 ts N/A
[out#0/hls @ 0000020054ccdf00] sq: send 1 ts 10.816
[out#0/hls @ 0000020054ccdf00] sq: receive 1 ts 10.816 queue head -1 ts N/A
[out#0/hls @ 0000020054ccdf00] sq: send 1 ts 10.837333
[out#0/hls @ 0000020054ccdf00] sq: receive 1 ts 10.837333 queue head -1 ts N/A
[out#0/hls @ 0000020054ccdf00] sq: send 0 ts 9.541667
[out#0/hls @ 0000020054ccdf00] sq: receive 0 ts 9.541667 queue head -1 ts N/A
[h264 @ 0000020054f0df00] nal_unit_type: 1(Coded slice of a non-IDR picture), nal_ref_idc: 2
[libx264 @ 0000020054ca7b00] frame= 151 QP=24.54 NAL=2 Slice:P Poc:308 I:100  P:3201 SKIP:4859 size=48740 bytes
[out#0/hls @ 0000020054ccdf00] sq: send 0 ts 9.583333
[out#0/hls @ 0000020054ccdf00] sq: receive 0 ts 9.583333 queue head -1 ts N/A
[libx264 @ 0000020054ca7b00] frame= 152 QP=26.28 NAL=2 Slice:B Poc:304 I:2    P:2101 SKIP:6057 size=6705 bytes
[out#0/hls @ 0000020054ccdf00] sq: send 1 ts 10.858667
[out#0/hls @ 0000020054ccdf00] sq: receive 1 ts 10.858667 queue head -1 ts N/A
[out#0/hls @ 0000020054ccdf00] sq: send 0 ts 9.625
[out#0/hls @ 0000020054ccdf00] sq: receive 0 ts 9.625 queue head -1 ts N/A
[h264 @ 0000020054f0f140] nal_unit_type: 1(Coded slice of a non-IDR picture), nal_ref_idc: 0
[h264 @ 000002005514e980] nal_unit_type: 1(Coded slice of a non-IDR picture), nal_ref_idc: 0
[libx264 @ 0000020054ca7b00] frame= 153 QP=29.44 NAL=0 Slice:B Poc:302 I:2    P:1882 SKIP:6276 size=3285 bytes
[out#0/hls @ 0000020054ccdf00] sq: send 1 ts 10.88
[out#0/hls @ 0000020054ccdf00] sq: receive 1 ts 10.88 queue head -1 ts N/A
[out#0/hls @ 0000020054ccdf00] sq: send 1 ts 10.901333
[out#0/hls @ 0000020054ccdf00] sq: receive 1 ts 10.901333 queue head -1 ts N/A
[out#0/hls @ 0000020054ccdf00] sq: send 1 ts 10.922667
[out#0/hls @ 0000020054ccdf00] sq: receive 1 ts 10.922667 queue head -1 ts N/A
[out#0/hls @ 0000020054ccdf00] sq: send 1 ts 10.944
[out#0/hls @ 0000020054ccdf00] sq: receive 1 ts 10.944 queue head -1 ts N/A
[out#0/hls @ 0000020054ccdf00] sq: send 1 ts 10.965333
[out#0/hls @ 0000020054ccdf00] sq: receive 1 ts 10.965333 queue head -1 ts N/A
[out#0/hls @ 0000020054ccdf00] sq: send 1 ts 10.986667
[out#0/hls @ 0000020054ccdf00] sq: receive 1 ts 10.986667 queue head -1 ts N/A
[out#0/hls @ 0000020054ccdf00] sq: send 1 ts 11.008
[out#0/hls @ 0000020054ccdf00] sq: receive 1 ts 11.008 queue head -1 ts N/A
[h264 @ 0000020054cab3c0] nal_unit_type: 1(Coded slice of a non-IDR picture), nal_ref_idc: 2
[out#0/hls @ 0000020054ccdf00] sq: send 0 ts 9.666667
[out#0/hls @ 0000020054ccdf00] sq: receive 0 ts 9.666667 queue head -1 ts N/A
[libx264 @ 0000020054ca7b00] frame= 154 QP=28.98 NAL=0 Slice:B Poc:306 I:0    P:1926 SKIP:6234 size=5915 bytes
[out#0/hls @ 0000020054ccdf00] sq: send 0 ts 9.708333
[out#0/hls @ 0000020054ccdf00] sq: receive 0 ts 9.708333 queue head -1 ts N/A
[h264 @ 0000020054d31000] nal_unit_type: 1(Coded slice of a non-IDR picture), nal_ref_idc: 2
[libx264 @ 0000020054ca7b00] frame= 155 QP=20.00 NAL=2 Slice:P Poc:316 I:5882 P:1997 SKIP:281  size=114822 bytes
[out#0/hls @ 0000020054ccdf00] sq: send 1 ts 11.029333
[out#0/hls @ 0000020054ccdf00] sq: receive 1 ts 11.029333 queue head -1 ts N/A
[out#0/hls @ 0000020054ccdf00] sq: send 0 ts 9.75
[out#0/hls @ 0000020054ccdf00] sq: receive 0 ts 9.75 queue head -1 ts N/A
[h264 @ 0000020054d316c0] nal_unit_type: 1(Coded slice of a non-IDR picture), nal_ref_idc: 0
[libx264 @ 0000020054ca7b00] frame= 156 QP=27.91 NAL=2 Slice:B Poc:312 I:25   P:2346 SKIP:5789 size=11366 bytes
[out#0/hls @ 0000020054ccdf00] sq: send 0 ts 9.791667
[out#0/hls @ 0000020054ccdf00] sq: receive 0 ts 9.791667 queue head -1 ts N/A
[h264 @ 0000020055207440] nal_unit_type: 1(Coded slice of a non-IDR picture), nal_ref_idc: 0
[libx264 @ 0000020054ca7b00] frame= 157 QP=29.93 NAL=0 Slice:B Poc:310 I:28   P:1971 SKIP:6161 size=6797 bytes
[out#0/hls @ 0000020054ccdf00] sq: send 1 ts 11.050667
[out#0/hls @ 0000020054ccdf00] sq: receive 1 ts 11.050667 queue head -1 ts N/A
[out#0/hls @ 0000020054ccdf00] sq: send 1 ts 11.072
[out#0/hls @ 0000020054ccdf00] sq: receive 1 ts 11.072 queue head -1 ts N/A
[out#0/hls @ 0000020054ccdf00] sq: send 1 ts 11.093333
[out#0/hls @ 0000020054ccdf00] sq: receive 1 ts 11.093333 queue head -1 ts N/A
[out#0/hls @ 0000020054ccdf00] sq: send 1 ts 11.114667
[out#0/hls @ 0000020054ccdf00] sq: receive 1 ts 11.114667 queue head -1 ts N/A
[out#0/hls @ 0000020054ccdf00] sq: send 1 ts 11.136
[out#0/hls @ 0000020054ccdf00] sq: receive 1 ts 11.136 queue head -1 ts N/A
[out#0/hls @ 0000020054ccdf00] sq: send 0 ts 9.833333
[out#0/hls @ 0000020054ccdf00] sq: receive 0 ts 9.833333 queue head -1 ts N/A
[h264 @ 0000020054f6de40] nal_unit_type: 1(Coded slice of a non-IDR picture), nal_ref_idc: 2
[libx264 @ 0000020054ca7b00] frame= 158 QP=29.85 NAL=0 Slice:B Poc:314 I:2    P:2063 SKIP:6095 size=5230 bytes
[out#0/hls @ 0000020054ccdf00] sq: send 0 ts 9.875
[out#0/hls @ 0000020054ccdf00] sq: receive 0 ts 9.875 queue head -1 ts N/A
[h264 @ 0000020054f6e940] nal_unit_type: 1(Coded slice of a non-IDR picture), nal_ref_idc: 2
[libx264 @ 0000020054ca7b00] frame= 159 QP=21.16 NAL=2 Slice:P Poc:324 I:205  P:3736 SKIP:4219 size=37731 bytes
[out#0/hls @ 0000020054ccdf00] sq: send 0 ts 9.916667
[out#0/hls @ 0000020054ccdf00] sq: receive 0 ts 9.916667 queue head -1 ts N/A
[libx264 @ 0000020054ca7b00] frame= 160 QP=27.25 NAL=2 Slice:B Poc:320 I:28   P:2483 SKIP:5649 size=20286 bytes
[out#0/hls @ 0000020054ccdf00] sq: send 0 ts 9.958333
[out#0/hls @ 0000020054ccdf00] sq: receive 0 ts 9.958333 queue head -1 ts N/A
[h264 @ 0000020054cc1180] nal_unit_type: 1(Coded slice of a non-IDR picture), nal_ref_idc: 0
[libx264 @ 0000020054ca7b00] frame= 161 QP=28.43 NAL=0 Slice:B Poc:318 I:13   P:1960 SKIP:6187 size=6578 bytes
[out#0/hls @ 0000020054ccdf00] sq: send 1 ts 11.157333
[out#0/hls @ 0000020054ccdf00] sq: receive 1 ts 11.157333 queue head -1 ts N/A
[out#0/hls @ 0000020054ccdf00] sq: send 1 ts 11.178667
[out#0/hls @ 0000020054ccdf00] sq: receive 1 ts 11.178667 queue head -1 ts N/A
[out#0/hls @ 0000020054ccdf00] sq: send 1 ts 11.2
[out#0/hls @ 0000020054ccdf00] sq: receive 1 ts 11.2 queue head -1 ts N/A
[out#0/hls @ 0000020054ccdf00] sq: send 1 ts 11.221333
[out#0/hls @ 0000020054ccdf00] sq: receive 1 ts 11.221333 queue head -1 ts N/A
[out#0/hls @ 0000020054ccdf00] sq: send 1 ts 11.242667
[out#0/hls @ 0000020054ccdf00] sq: receive 1 ts 11.242667 queue head -1 ts N/A
[out#0/hls @ 0000020054ccdf00] sq: send 1 ts 11.264
[out#0/hls @ 0000020054ccdf00] sq: receive 1 ts 11.264 queue head -1 ts N/A
[out#0/hls @ 0000020054ccdf00] sq: send 0 ts 10
[out#0/hls @ 0000020054ccdf00] sq: receive 0 ts 10 queue head -1 ts N/A
[h264 @ 0000020054cc1c80] nal_unit_type: 1(Coded slice of a non-IDR picture), nal_ref_idc: 0
[h264 @ 0000020054e28880] nal_unit_type: 1(Coded slice of a non-IDR picture), nal_ref_idc: 2
[libx264 @ 0000020054ca7b00] frame= 162 QP=28.64 NAL=0 Slice:B Poc:322 I:14   P:1541 SKIP:6605 size=5073 bytes
[out#0/hls @ 0000020054ccdf00] sq: send 0 ts 10.041667
[out#0/hls @ 0000020054ccdf00] sq: receive 0 ts 10.041667 queue head -1 ts N/A
[h264 @ 0000020054e29240] nal_unit_type: 1(Coded slice of a non-IDR picture), nal_ref_idc: 2
[libx264 @ 0000020054ca7b00] frame= 163 QP=19.80 NAL=2 Slice:P Poc:332 I:2170 P:1560 SKIP:4430 size=57815 bytes
[out#0/hls @ 0000020054ccdf00] sq: send 1 ts 11.285333
[out#0/hls @ 0000020054ccdf00] sq: receive 1 ts 11.285333 queue head -1 ts N/A
[out#0/hls @ 0000020054ccdf00] sq: send 1 ts 11.306667
[out#0/hls @ 0000020054ccdf00] sq: receive 1 ts 11.306667 queue head -1 ts N/A
[out#0/hls @ 0000020054ccdf00] sq: send 1 ts 11.328
[out#0/hls @ 0000020054ccdf00] sq: receive 1 ts 11.328 queue head -1 ts N/A
[out#0/hls @ 0000020054ccdf00] sq: send 1 ts 11.349333
[out#0/hls @ 0000020054ccdf00] sq: receive 1 ts 11.349333 queue head -1 ts N/A
[out#0/hls @ 0000020054ccdf00] sq: send 1 ts 11.370667
[out#0/hls @ 0000020054ccdf00] sq: receive 1 ts 11.370667 queue head -1 ts N/A
[out#0/hls @ 0000020054ccdf00] sq: send 1 ts 11.392
[out#0/hls @ 0000020054ccdf00] sq: receive 1 ts 11.392 queue head -1 ts N/A
[out#0/hls @ 0000020054ccdf00] sq: send 0 ts 10.083333
[out#0/hls @ 0000020054ccdf00] sq: receive 0 ts 10.083333 queue head -1 ts N/A
[h264 @ 0000020054f4d980] nal_unit_type: 1(Coded slice of a non-IDR picture), nal_ref_idc: 0
[libx264 @ 0000020054ca7b00] frame= 164 QP=25.22 NAL=2 Slice:B Poc:328 I:140  P:1764 SKIP:6256 size=6159 bytes
[out#0/hls @ 0000020054ccdf00] sq: send 0 ts 10.125
[out#0/hls @ 0000020054ccdf00] sq: receive 0 ts 10.125 queue head -1 ts N/A
[h264 @ 0000020054f4e480] nal_unit_type: 1(Coded slice of a non-IDR picture), nal_ref_idc: 0
[libx264 @ 0000020054ca7b00] frame= 165 QP=28.95 NAL=0 Slice:B Poc:326 I:272  P:2362 SKIP:5526 size=38121 bytes
[out#0/hls @ 0000020054ccdf00] sq: send 1 ts 11.413333
[out#0/hls @ 0000020054ccdf00] sq: receive 1 ts 11.413333 queue head -1 ts N/A
[out#0/hls @ 0000020054ccdf00] sq: send 0 ts 10.166667
[out#0/hls @ 0000020054ccdf00] sq: receive 0 ts 10.166667 queue head -1 ts N/A
[h264 @ 0000020054f0edc0] nal_unit_type: 1(Coded slice of a non-IDR picture), nal_ref_idc: 2
[libx264 @ 0000020054ca7b00] frame= 166 QP=27.81 NAL=0 Slice:B Poc:330 I:30   P:1351 SKIP:6779 size=3401 bytes
[out#0/hls @ 0000020054ccdf00] sq: send 0 ts 10.208333
[out#0/hls @ 0000020054ccdf00] sq: receive 0 ts 10.208333 queue head -1 ts N/A
[h264 @ 0000020054f0df00] nal_unit_type: 1(Coded slice of a non-IDR picture), nal_ref_idc: 2
[libx264 @ 0000020054ca7b00] frame= 167 QP=19.89 NAL=2 Slice:P Poc:340 I:308  P:2650 SKIP:5202 size=21490 bytes
[out#0/hls @ 0000020054ccdf00] sq: send 1 ts 11.434667
[out#0/hls @ 0000020054ccdf00] sq: receive 1 ts 11.434667 queue head -1 ts N/A
[out#0/hls @ 0000020054ccdf00] sq: send 0 ts 10.25
[out#0/hls @ 0000020054ccdf00] sq: receive 0 ts 10.25 queue head -1 ts N/A
[h264 @ 0000020054f0f140] nal_unit_type: 1(Coded slice of a non-IDR picture), nal_ref_idc: 0
[libx264 @ 0000020054ca7b00] frame= 168 QP=25.17 NAL=2 Slice:B Poc:336 I:42   P:1437 SKIP:6681 size=4498 bytes
[out#0/hls @ 0000020054ccdf00] sq: send 1 ts 11.456
[out#0/hls @ 0000020054ccdf00] sq: receive 1 ts 11.456 queue head -1 ts N/A
[out#0/hls @ 0000020054ccdf00] sq: send 0 ts 10.291667
[out#0/hls @ 0000020054ccdf00] sq: receive 0 ts 10.291667 queue head -1 ts N/A
[h264 @ 000002005514e980] nal_unit_type: 1(Coded slice of a non-IDR picture), nal_ref_idc: 0
[libx264 @ 0000020054ca7b00] frame= 169 QP=26.47 NAL=0 Slice:B Poc:334 I:34   P:1374 SKIP:6752 size=3116 bytes
[out#0/hls @ 0000020054ccdf00] sq: send 0 ts 10.333333
[out#0/hls @ 0000020054ccdf00] sq: receive 0 ts 10.333333 queue head -1 ts N/A
[h264 @ 0000020054cab3c0] nal_unit_type: 1(Coded slice of a non-IDR picture), nal_ref_idc: 2
[libx264 @ 0000020054ca7b00] frame= 170 QP=26.07 NAL=0 Slice:B Poc:338 I:21   P:1129 SKIP:7010 size=2714 bytes
[out#0/hls @ 0000020054ccdf00] sq: send 0 ts 10.375
[out#0/hls @ 0000020054ccdf00] sq: receive 0 ts 10.375 queue head -1 ts N/A
[h264 @ 0000020054d31000] nal_unit_type: 1(Coded slice of a non-IDR picture), nal_ref_idc: 2
[libx264 @ 0000020054ca7b00] frame= 171 QP=19.90 NAL=2 Slice:P Poc:346 I:264  P:2736 SKIP:5160 size=21078 bytes
[out#0/hls @ 0000020054ccdf00] sq: send 1 ts 11.477333
[out#0/hls @ 0000020054ccdf00] sq: receive 1 ts 11.477333 queue head -1 ts N/A
[out#0/hls @ 0000020054ccdf00] sq: send 1 ts 11.498667
[out#0/hls @ 0000020054ccdf00] sq: receive 1 ts 11.498667 queue head -1 ts N/A
[out#0/hls @ 0000020054ccdf00] sq: send 1 ts 11.52
[out#0/hls @ 0000020054ccdf00] sq: receive 1 ts 11.52 queue head -1 ts N/A
[out#0/hls @ 0000020054ccdf00] sq: send 1 ts 11.541333
[out#0/hls @ 0000020054ccdf00] sq: receive 1 ts 11.541333 queue head -1 ts N/A
[out#0/hls @ 0000020054ccdf00] sq: send 1 ts 11.562667
[out#0/hls @ 0000020054ccdf00] sq: receive 1 ts 11.562667 queue head -1 ts N/A
[out#0/hls @ 0000020054ccdf00] sq: send 1 ts 11.584
[out#0/hls @ 0000020054ccdf00] sq: receive 1 ts 11.584 queue head -1 ts N/A
[out#0/hls @ 0000020054ccdf00] sq: send 1 ts 11.605333
[out#0/hls @ 0000020054ccdf00] sq: receive 1 ts 11.605333 queue head -1 ts N/A
[out#0/hls @ 0000020054ccdf00] sq: send 1 ts 11.626667
[h264 @ 0000020054d316c0] nal_unit_type: 1(Coded slice of a non-IDR picture), nal_ref_idc: 0
[out#0/hls @ 0000020054ccdf00] sq: receive 1 ts 11.626667 queue head -1 ts N/A
[out#0/hls @ 0000020054ccdf00] sq: send 1 ts 11.648
[out#0/hls @ 0000020054ccdf00] sq: receive 1 ts 11.648 queue head -1 ts N/A
[out#0/hls @ 0000020054ccdf00] sq: send 0 ts 10.416667
[out#0/hls @ 0000020054ccdf00] sq: receive 0 ts 10.416667 queue head -1 ts N/A
[libx264 @ 0000020054ca7b00] frame= 172 QP=25.91 NAL=2 Slice:B Poc:342 I:27   P:1530 SKIP:6603 size=4540 bytes
[out#0/hls @ 0000020054ccdf00] sq: send 1 ts 11.669333
[out#0/hls @ 0000020054ccdf00] sq: receive 1 ts 11.669333 queue head -1 ts N/A
[out#0/hls @ 0000020054ccdf00] sq: send 0 ts 10.458333
[out#0/hls @ 0000020054ccdf00] sq: receive 0 ts 10.458333 queue head -1 ts N/A
[h264 @ 0000020055207440] nal_unit_type: 1(Coded slice of a non-IDR picture), nal_ref_idc: 0
[libx264 @ 0000020054ca7b00] frame= 173 QP=27.34 NAL=0 Slice:B Poc:344 I:13   P:870  SKIP:7277 size=2589 bytes
[out#0/hls @ 0000020054ccdf00] sq: send 0 ts 10.5
[out#0/hls @ 0000020054ccdf00] sq: receive 0 ts 10.5 queue head -1 ts N/A
[h264 @ 0000020054f6de40] nal_unit_type: 1(Coded slice of a non-IDR picture), nal_ref_idc: 2
[libx264 @ 0000020054ca7b00] frame= 174 QP=19.92 NAL=2 Slice:P Poc:354 I:343  P:3006 SKIP:4811 size=27446 bytes
[out#0/hls @ 0000020054ccdf00] sq: send 1 ts 11.690667
[out#0/hls @ 0000020054ccdf00] sq: receive 1 ts 11.690667 queue head -1 ts N/A
[out#0/hls @ 0000020054ccdf00] sq: send 0 ts 10.541667
[out#0/hls @ 0000020054ccdf00] sq: receive 0 ts 10.541667 queue head -1 ts N/A
[h264 @ 0000020054f6e940] nal_unit_type: 1(Coded slice of a non-IDR picture), nal_ref_idc: 2
[libx264 @ 0000020054ca7b00] frame= 175 QP=26.23 NAL=2 Slice:B Poc:350 I:36   P:2178 SKIP:5946 size=6818 bytes
[out#0/hls @ 0000020054ccdf00] sq: send 1 ts 11.712
[out#0/hls @ 0000020054ccdf00] sq: receive 1 ts 11.712 queue head -1 ts N/A
[out#0/hls @ 0000020054ccdf00] sq: send 1 ts 11.733333
[out#0/hls @ 0000020054ccdf00] sq: receive 1 ts 11.733333 queue head -1 ts N/A
[out#0/hls @ 0000020054ccdf00] sq: send 1 ts 11.754667
[out#0/hls @ 0000020054ccdf00] sq: receive 1 ts 11.754667 queue head -1 ts N/A
[out#0/hls @ 0000020054ccdf00] sq: send 1 ts 11.776
[out#0/hls @ 0000020054ccdf00] sq: receive 1 ts 11.776 queue head -1 ts N/A
[out#0/hls @ 0000020054ccdf00] sq: send 1 ts 11.797333
[out#0/hls @ 0000020054ccdf00] sq: receive 1 ts 11.797333 queue head -1 ts N/A
[out#0/hls @ 0000020054ccdf00] sq: send 1 ts 11.818667
[out#0/hls @ 0000020054ccdf00] sq: receive 1 ts 11.818667 queue head -1 ts N/A
[out#0/hls @ 0000020054ccdf00] sq: send 1 ts 11.84
[out#0/hls @ 0000020054ccdf00] sq: receive 1 ts 11.84 queue head -1 ts N/A
[out#0/hls @ 0000020054ccdf00] sq: send 1 ts 11.861333
[out#0/hls @ 0000020054ccdf00] sq: receive 1 ts 11.861333 queue head -1 ts N/A
[out#0/hls @ 0000020054ccdf00] sq: send 1 ts 11.882667
[out#0/hls @ 0000020054ccdf00] sq: receive 1 ts 11.882667 queue head -1 ts N/A
[h264 @ 0000020054cc1180] nal_unit_type: 1(Coded slice of a non-IDR picture), nal_ref_idc: 0
[out#0/hls @ 0000020054ccdf00] sq: send 0 ts 10.583333
[out#0/hls @ 0000020054ccdf00] sq: receive 0 ts 10.583333 queue head -1 ts N/A
[libx264 @ 0000020054ca7b00] frame= 176 QP=27.01 NAL=0 Slice:B Poc:348 I:21   P:880  SKIP:7259 size=2461 bytes
[out#0/hls @ 0000020054ccdf00] sq: send 0 ts 10.625
[out#0/hls @ 0000020054ccdf00] sq: receive 0 ts 10.625 queue head -1 ts N/A
[h264 @ 0000020054cc1c80] nal_unit_type: 1(Coded slice of a non-IDR picture), nal_ref_idc: 0
[libx264 @ 0000020054ca7b00] frame= 177 QP=26.54 NAL=0 Slice:B Poc:352 I:23   P:935  SKIP:7202 size=2743 bytes
[out#0/hls @ 0000020054ccdf00] sq: send 1 ts 11.904
[out#0/hls @ 0000020054ccdf00] sq: receive 1 ts 11.904 queue head -1 ts N/A
[out#0/hls @ 0000020054ccdf00] sq: send 0 ts 10.666667
[out#0/hls @ 0000020054ccdf00] sq: receive 0 ts 10.666667 queue head -1 ts N/A
frame=  178 fps= 86 q=28.0 size=N/A time=00:00:07.33 bitrate=N/A speed=3.55x    [h264 @ 0000020054e28880] nal_unit_type: 1(Coded slice of a non-IDR picture), nal_ref_idc: 2
[libx264 @ 0000020054ca7b00] frame= 178 QP=18.72 NAL=2 Slice:P Poc:362 I:1011 P:5052 SKIP:2097 size=52598 bytes
[out#0/hls @ 0000020054ccdf00] sq: send 0 ts 10.708333
[out#0/hls @ 0000020054ccdf00] sq: receive 0 ts 10.708333 queue head -1 ts N/A
[h264 @ 0000020054e29240] nal_unit_type: 1(Coded slice of a non-IDR picture), nal_ref_idc: 2
[libx264 @ 0000020054ca7b00] frame= 179 QP=24.46 NAL=2 Slice:B Poc:358 I:44   P:2838 SKIP:5278 size=6915 bytes
[out#0/hls @ 0000020054ccdf00] sq: send 0 ts 10.75
[out#0/hls @ 0000020054ccdf00] sq: receive 0 ts 10.75 queue head -1 ts N/A
[h264 @ 0000020054f4d980] nal_unit_type: 1(Coded slice of a non-IDR picture), nal_ref_idc: 0
[libx264 @ 0000020054ca7b00] frame= 180 QP=26.27 NAL=0 Slice:B Poc:356 I:22   P:1047 SKIP:7091 size=2422 bytes
[out#0/hls @ 0000020054ccdf00] sq: send 0 ts 10.791667
[out#0/hls @ 0000020054ccdf00] sq: receive 0 ts 10.791667 queue head -1 ts N/A
[h264 @ 0000020054f4e480] nal_unit_type: 1(Coded slice of a non-IDR picture), nal_ref_idc: 0
[libx264 @ 0000020054ca7b00] frame= 181 QP=24.84 NAL=0 Slice:B Poc:360 I:14   P:1649 SKIP:6497 size=3091 bytes
[out#0/hls @ 0000020054ccdf00] sq: send 0 ts 10.833333
[out#0/hls @ 0000020054ccdf00] sq: receive 0 ts 10.833333 queue head -1 ts N/A
[h264 @ 0000020054f0edc0] nal_unit_type: 1(Coded slice of a non-IDR picture), nal_ref_idc: 2
[libx264 @ 0000020054ca7b00] frame= 182 QP=18.48 NAL=2 Slice:P Poc:370 I:476  P:4380 SKIP:3304 size=41738 bytes
[out#0/hls @ 0000020054ccdf00] sq: send 1 ts 11.925333
[out#0/hls @ 0000020054ccdf00] sq: receive 1 ts 11.925333 queue head -1 ts N/A
[out#0/hls @ 0000020054ccdf00] sq: send 1 ts 11.946667
[out#0/hls @ 0000020054ccdf00] sq: receive 1 ts 11.946667 queue head -1 ts N/A
[out#0/hls @ 0000020054ccdf00] sq: send 1 ts 11.968
[out#0/hls @ 0000020054ccdf00] sq: receive 1 ts 11.968 queue head -1 ts N/A
[out#0/hls @ 0000020054ccdf00] sq: send 1 ts 11.989333
[h264 @ 0000020054f0df00] nal_unit_type: 1(Coded slice of a non-IDR picture), nal_ref_idc: 2
[out#0/hls @ 0000020054ccdf00] sq: receive 1 ts 11.989333 queue head -1 ts N/A
[out#0/hls @ 0000020054ccdf00] sq: send 1 ts 12.010667
[out#0/hls @ 0000020054ccdf00] sq: receive 1 ts 12.010667 queue head -1 ts N/A
[out#0/hls @ 0000020054ccdf00] sq: send 1 ts 12.032
[out#0/hls @ 0000020054ccdf00] sq: receive 1 ts 12.032 queue head -1 ts N/A
[out#0/hls @ 0000020054ccdf00] sq: send 1 ts 12.053333
[out#0/hls @ 0000020054ccdf00] sq: receive 1 ts 12.053333 queue head -1 ts N/A
[out#0/hls @ 0000020054ccdf00] sq: send 1 ts 12.074667
[out#0/hls @ 0000020054ccdf00] sq: receive 1 ts 12.074667 queue head -1 ts N/A
[out#0/hls @ 0000020054ccdf00] sq: send 1 ts 12.096
[out#0/hls @ 0000020054ccdf00] sq: receive 1 ts 12.096 queue head -1 ts N/A
[out#0/hls @ 0000020054ccdf00] sq: send 1 ts 12.117333
[out#0/hls @ 0000020054ccdf00] sq: receive 1 ts 12.117333 queue head -1 ts N/A
[out#0/hls @ 0000020054ccdf00] sq: send 1 ts 12.138667
[out#0/hls @ 0000020054ccdf00] sq: receive 1 ts 12.138667 queue head -1 ts N/A
[out#0/hls @ 0000020054ccdf00] sq: send 1 ts 12.16
[out#0/hls @ 0000020054ccdf00] sq: receive 1 ts 12.16 queue head -1 ts N/A
[libx264 @ 0000020054ca7b00] frame= 183 QP=25.47 NAL=2 Slice:B Poc:366 I:53   P:2571 SKIP:5536 size=6789 bytes
[out#0/hls @ 0000020054ccdf00] sq: send 1 ts 12.181333
[out#0/hls @ 0000020054ccdf00] sq: receive 1 ts 12.181333 queue head -1 ts N/A
[libx264 @ 0000020054ca7b00] frame= 184 QP=26.75 NAL=0 Slice:B Poc:364 I:16   P:1215 SKIP:6929 size=2930 bytes
[libx264 @ 0000020054ca7b00] frame= 185 QP=28.51 NAL=0 Slice:B Poc:368 I:20   P:920  SKIP:7220 size=2401 bytes
[out#0/hls @ 0000020054ccdf00] sq: send 0 ts 10.875
[out#0/hls @ 0000020054ccdf00] sq: receive 0 ts 10.875 queue head -1 ts N/A
[out#0/hls @ 0000020054ccdf00] sq: send 0 ts 10.916667
[out#0/hls @ 0000020054ccdf00] sq: receive 0 ts 10.916667 queue head -1 ts N/A
[out#0/hls @ 0000020054ccdf00] sq: send 0 ts 10.958333
[out#0/hls @ 0000020054ccdf00] sq: receive 0 ts 10.958333 queue head -1 ts N/A
[out#0/hls @ 0000020054ccdf00] sq: send 0 ts 11
[out#0/hls @ 0000020054ccdf00] sq: receive 0 ts 11 queue head -1 ts N/A
[libx264 @ 0000020054ca7b00] frame= 186 QP=18.70 NAL=2 Slice:P Poc:378 I:386  P:3190 SKIP:4584 size=31613 bytes
[h264 @ 0000020054f0f140] nal_unit_type: 1(Coded slice of a non-IDR picture), nal_ref_idc: 0
[out#0/hls @ 0000020054ccdf00] sq: send 0 ts 11.041667
[out#0/hls @ 0000020054ccdf00] sq: receive 0 ts 11.041667 queue head -1 ts N/A
[h264 @ 000002005514e980] nal_unit_type: 1(Coded slice of a non-IDR picture), nal_ref_idc: 0
[h264 @ 0000020054cab3c0] nal_unit_type: 1(Coded slice of a non-IDR picture), nal_ref_idc: 2
[h264 @ 0000020054d31000] nal_unit_type: 1(Coded slice of a non-IDR picture), nal_ref_idc: 2
[libx264 @ 0000020054ca7b00] frame= 187 QP=26.31 NAL=2 Slice:B Poc:374 I:61   P:2174 SKIP:5925 size=7087 bytes
[out#0/hls @ 0000020054ccdf00] sq: send 0 ts 11.083333
[out#0/hls @ 0000020054ccdf00] sq: receive 0 ts 11.083333 queue head -1 ts N/A
[h264 @ 0000020054d316c0] nal_unit_type: 1(Coded slice of a non-IDR picture), nal_ref_idc: 0
[libx264 @ 0000020054ca7b00] frame= 188 QP=26.69 NAL=0 Slice:B Poc:372 I:41   P:1359 SKIP:6760 size=3697 bytes
[out#0/hls @ 0000020054ccdf00] sq: send 0 ts 11.125
[out#0/hls @ 0000020054ccdf00] sq: receive 0 ts 11.125 queue head -1 ts N/A
[h264 @ 0000020055207440] nal_unit_type: 1(Coded slice of a non-IDR picture), nal_ref_idc: 0
[libx264 @ 0000020054ca7b00] frame= 189 QP=28.97 NAL=0 Slice:B Poc:376 I:29   P:1143 SKIP:6988 size=2910 bytes
[out#0/hls @ 0000020054ccdf00] sq: send 0 ts 11.166667
[out#0/hls @ 0000020054ccdf00] sq: receive 0 ts 11.166667 queue head -1 ts N/A
[h264 @ 0000020054f6de40] nal_unit_type: 1(Coded slice of a non-IDR picture), nal_ref_idc: 2
[libx264 @ 0000020054ca7b00] frame= 190 QP=18.77 NAL=2 Slice:P Poc:386 I:206  P:2640 SKIP:5314 size=20947 bytes
[out#0/hls @ 0000020054ccdf00] sq: send 0 ts 11.208333
[out#0/hls @ 0000020054ccdf00] sq: receive 0 ts 11.208333 queue head -1 ts N/A
[h264 @ 0000020054f6e940] nal_unit_type: 1(Coded slice of a non-IDR picture), nal_ref_idc: 2
[libx264 @ 0000020054ca7b00] frame= 191 QP=25.57 NAL=2 Slice:B Poc:382 I:62   P:1786 SKIP:6312 size=5806 bytes
[out#0/hls @ 0000020054ccdf00] sq: send 0 ts 11.25
[out#0/hls @ 0000020054ccdf00] sq: receive 0 ts 11.25 queue head -1 ts N/A
[h264 @ 0000020054cc1180] nal_unit_type: 1(Coded slice of a non-IDR picture), nal_ref_idc: 0
[libx264 @ 0000020054ca7b00] frame= 192 QP=25.95 NAL=0 Slice:B Poc:380 I:23   P:854  SKIP:7283 size=2437 bytes
[out#0/hls @ 0000020054ccdf00] sq: send 1 ts 12.202667
[out#0/hls @ 0000020054ccdf00] sq: receive 1 ts 12.202667 queue head -1 ts N/A
[out#0/hls @ 0000020054ccdf00] sq: send 0 ts 11.291667
[out#0/hls @ 0000020054ccdf00] sq: receive 0 ts 11.291667 queue head -1 ts N/A
[h264 @ 0000020054cc1c80] nal_unit_type: 1(Coded slice of a non-IDR picture), nal_ref_idc: 0
[libx264 @ 0000020054ca7b00] frame= 193 QP=28.64 NAL=0 Slice:B Poc:384 I:30   P:932  SKIP:7198 size=2393 bytes
[out#0/hls @ 0000020054ccdf00] sq: send 1 ts 12.224
[out#0/hls @ 0000020054ccdf00] sq: receive 1 ts 12.224 queue head -1 ts N/A
[out#0/hls @ 0000020054ccdf00] sq: send 0 ts 11.333333
[out#0/hls @ 0000020054ccdf00] sq: receive 0 ts 11.333333 queue head -1 ts N/A
[h264 @ 0000020054e28880] nal_unit_type: 1(Coded slice of a non-IDR picture), nal_ref_idc: 2
[libx264 @ 0000020054ca7b00] frame= 194 QP=19.39 NAL=2 Slice:P Poc:394 I:328  P:2738 SKIP:5094 size=24521 bytes
[out#0/hls @ 0000020054ccdf00] sq: send 1 ts 12.245333
[out#0/hls @ 0000020054ccdf00] sq: receive 1 ts 12.245333 queue head -1 ts N/A
[out#0/hls @ 0000020054ccdf00] sq: send 0 ts 11.375
[out#0/hls @ 0000020054ccdf00] sq: receive 0 ts 11.375 queue head -1 ts N/A
[h264 @ 0000020054e29240] nal_unit_type: 1(Coded slice of a non-IDR picture), nal_ref_idc: 2
[libx264 @ 0000020054ca7b00] frame= 195 QP=26.02 NAL=2 Slice:B Poc:390 I:28   P:1922 SKIP:6210 size=5091 bytes
[out#0/hls @ 0000020054ccdf00] sq: send 1 ts 12.266667
[out#0/hls @ 0000020054ccdf00] sq: receive 1 ts 12.266667 queue head -1 ts N/A
[out#0/hls @ 0000020054ccdf00] sq: send 0 ts 11.416667
[out#0/hls @ 0000020054ccdf00] sq: receive 0 ts 11.416667 queue head -1 ts N/A
[h264 @ 0000020054f4d980] nal_unit_type: 1(Coded slice of a non-IDR picture), nal_ref_idc: 0
[libx264 @ 0000020054ca7b00] frame= 196 QP=29.61 NAL=0 Slice:B Poc:388 I:26   P:1005 SKIP:7129 size=2208 bytes
[out#0/hls @ 0000020054ccdf00] sq: send 0 ts 11.458333
[out#0/hls @ 0000020054ccdf00] sq: receive 0 ts 11.458333 queue head -1 ts N/A
[h264 @ 0000020054f4e480] nal_unit_type: 1(Coded slice of a non-IDR picture), nal_ref_idc: 0
[libx264 @ 0000020054ca7b00] frame= 197 QP=26.01 NAL=0 Slice:B Poc:392 I:21   P:1266 SKIP:6873 size=2255 bytes
[out#0/hls @ 0000020054ccdf00] sq: send 0 ts 11.5
[out#0/hls @ 0000020054ccdf00] sq: receive 0 ts 11.5 queue head -1 ts N/A
[h264 @ 0000020054f0edc0] nal_unit_type: 1(Coded slice of a non-IDR picture), nal_ref_idc: 2
[libx264 @ 0000020054ca7b00] frame= 198 QP=19.26 NAL=2 Slice:P Poc:402 I:136  P:2676 SKIP:5348 size=17110 bytes
[out#0/hls @ 0000020054ccdf00] sq: send 0 ts 11.541667
[out#0/hls @ 0000020054ccdf00] sq: receive 0 ts 11.541667 queue head -1 ts N/A
[h264 @ 0000020054f0df00] nal_unit_type: 1(Coded slice of a non-IDR picture), nal_ref_idc: 2
[libx264 @ 0000020054ca7b00] frame= 199 QP=25.35 NAL=2 Slice:B Poc:398 I:25   P:1799 SKIP:6336 size=4173 bytes
[out#0/hls @ 0000020054ccdf00] sq: send 1 ts 12.288
[out#0/hls @ 0000020054ccdf00] sq: receive 1 ts 12.288 queue head -1 ts N/A
[out#0/hls @ 0000020054ccdf00] sq: send 0 ts 11.583333
[out#0/hls @ 0000020054ccdf00] sq: receive 0 ts 11.583333 queue head -1 ts N/A
[h264 @ 0000020054f0f140] nal_unit_type: 1(Coded slice of a non-IDR picture), nal_ref_idc: 0
[libx264 @ 0000020054ca7b00] frame= 200 QP=29.81 NAL=0 Slice:B Poc:396 I:14   P:1124 SKIP:7022 size=1997 bytes
[out#0/hls @ 0000020054ccdf00] sq: send 1 ts 12.309333
[out#0/hls @ 0000020054ccdf00] sq: receive 1 ts 12.309333 queue head -1 ts N/A
[out#0/hls @ 0000020054ccdf00] sq: send 1 ts 12.330667
[out#0/hls @ 0000020054ccdf00] sq: receive 1 ts 12.330667 queue head -1 ts N/A
[out#0/hls @ 0000020054ccdf00] sq: send 1 ts 12.352
[out#0/hls @ 0000020054ccdf00] sq: receive 1 ts 12.352 queue head -1 ts N/A
[out#0/hls @ 0000020054ccdf00] sq: send 0 ts 11.625
[h264 @ 000002005514e980] nal_unit_type: 1(Coded slice of a non-IDR picture), nal_ref_idc: 0
[out#0/hls @ 0000020054ccdf00] sq: receive 0 ts 11.625 queue head -1 ts N/A
[libx264 @ 0000020054ca7b00] frame= 201 QP=28.88 NAL=0 Slice:B Poc:400 I:19   P:1152 SKIP:6989 size=1771 bytes
[out#0/hls @ 0000020054ccdf00] sq: send 1 ts 12.373333
[out#0/hls @ 0000020054ccdf00] sq: receive 1 ts 12.373333 queue head -1 ts N/A
[out#0/hls @ 0000020054ccdf00] sq: send 1 ts 12.394667
[out#0/hls @ 0000020054ccdf00] sq: receive 1 ts 12.394667 queue head -1 ts N/A
[out#0/hls @ 0000020054ccdf00] sq: send 1 ts 12.416
[out#0/hls @ 0000020054ccdf00] sq: receive 1 ts 12.416 queue head -1 ts N/A
[out#0/hls @ 0000020054ccdf00] sq: send 1 ts 12.437333
[out#0/hls @ 0000020054ccdf00] sq: receive 1 ts 12.437333 queue head -1 ts N/A
[out#0/hls @ 0000020054ccdf00] sq: send 1 ts 12.458667
[out#0/hls @ 0000020054ccdf00] sq: receive 1 ts 12.458667 queue head -1 ts N/A
[out#0/hls @ 0000020054ccdf00] sq: send 1 ts 12.48
[out#0/hls @ 0000020054ccdf00] sq: receive 1 ts 12.48 queue head -1 ts N/A
[out#0/hls @ 0000020054ccdf00] sq: send 1 ts 12.501333
[out#0/hls @ 0000020054ccdf00] sq: receive 1 ts 12.501333 queue head -1 ts N/A
[out#0/hls @ 0000020054ccdf00] sq: send 1 ts 12.522667
[out#0/hls @ 0000020054ccdf00] sq: receive 1 ts 12.522667 queue head -1 ts N/A
[h264 @ 0000020054cab3c0] nal_unit_type: 1(Coded slice of a non-IDR picture), nal_ref_idc: 2
[out#0/hls @ 0000020054ccdf00] sq: send 1 ts 12.544
[out#0/hls @ 0000020054ccdf00] sq: receive 1 ts 12.544 queue head -1 ts N/A
[out#0/hls @ 0000020054ccdf00] sq: send 1 ts 12.565333
[out#0/hls @ 0000020054ccdf00] sq: receive 1 ts 12.565333 queue head -1 ts N/A
[out#0/hls @ 0000020054ccdf00] sq: send 0 ts 11.666667
[out#0/hls @ 0000020054ccdf00] sq: receive 0 ts 11.666667 queue head -1 ts N/A
[libx264 @ 0000020054ca7b00] frame= 202 QP=19.66 NAL=2 Slice:P Poc:410 I:192  P:2628 SKIP:5340 size=17547 bytes
[out#0/hls @ 0000020054ccdf00] sq: send 1 ts 12.586667
[out#0/hls @ 0000020054ccdf00] sq: receive 1 ts 12.586667 queue head -1 ts N/A
[out#0/hls @ 0000020054ccdf00] sq: send 1 ts 12.608
[out#0/hls @ 0000020054ccdf00] sq: receive 1 ts 12.608 queue head -1 ts N/A
[out#0/hls @ 0000020054ccdf00] sq: send 1 ts 12.629333
[out#0/hls @ 0000020054ccdf00] sq: receive 1 ts 12.629333 queue head -1 ts N/A
[out#0/hls @ 0000020054ccdf00] sq: send 1 ts 12.650667
[out#0/hls @ 0000020054ccdf00] sq: receive 1 ts 12.650667 queue head -1 ts N/A
[out#0/hls @ 0000020054ccdf00] sq: send 1 ts 12.672
[h264 @ 0000020054d31000] nal_unit_type: 1(Coded slice of a non-IDR picture), nal_ref_idc: 2
[out#0/hls @ 0000020054ccdf00] sq: receive 1 ts 12.672 queue head -1 ts N/A
[out#0/hls @ 0000020054ccdf00] sq: send 1 ts 12.693333
[out#0/hls @ 0000020054ccdf00] sq: receive 1 ts 12.693333 queue head -1 ts N/A
[out#0/hls @ 0000020054ccdf00] sq: send 1 ts 12.714667
[out#0/hls @ 0000020054ccdf00] sq: receive 1 ts 12.714667 queue head -1 ts N/A
[out#0/hls @ 0000020054ccdf00] sq: send 1 ts 12.736
[out#0/hls @ 0000020054ccdf00] sq: receive 1 ts 12.736 queue head -1 ts N/A
[out#0/hls @ 0000020054ccdf00] sq: send 1 ts 12.757333
[out#0/hls @ 0000020054ccdf00] sq: receive 1 ts 12.757333 queue head -1 ts N/A
[out#0/hls @ 0000020054ccdf00] sq: send 0 ts 11.708333
[out#0/hls @ 0000020054ccdf00] sq: receive 0 ts 11.708333 queue head -1 ts N/A
[libx264 @ 0000020054ca7b00] frame= 203 QP=25.49 NAL=2 Slice:B Poc:406 I:18   P:1839 SKIP:6303 size=4790 bytes
[out#0/hls @ 0000020054ccdf00] sq: send 0 ts 11.75
[out#0/hls @ 0000020054ccdf00] sq: receive 0 ts 11.75 queue head -1 ts N/A
[h264 @ 0000020054d316c0] nal_unit_type: 1(Coded slice of a non-IDR picture), nal_ref_idc: 0
[libx264 @ 0000020054ca7b00] frame= 204 QP=28.22 NAL=0 Slice:B Poc:404 I:33   P:1093 SKIP:7034 size=2421 bytes
[out#0/hls @ 0000020054ccdf00] sq: send 1 ts 12.778667
[out#0/hls @ 0000020054ccdf00] sq: receive 1 ts 12.778667 queue head -1 ts N/A
[out#0/hls @ 0000020054ccdf00] sq: send 1 ts 12.8
[out#0/hls @ 0000020054ccdf00] sq: receive 1 ts 12.8 queue head -1 ts N/A
[out#0/hls @ 0000020054ccdf00] sq: send 1 ts 12.821333
[out#0/hls @ 0000020054ccdf00] sq: receive 1 ts 12.821333 queue head -1 ts N/A
[h264 @ 0000020055207440] nal_unit_type: 1(Coded slice of a non-IDR picture), nal_ref_idc: 0
[out#0/hls @ 0000020054ccdf00] sq: send 1 ts 12.842667
[out#0/hls @ 0000020054ccdf00] sq: receive 1 ts 12.842667 queue head -1 ts N/A
[out#0/hls @ 0000020054ccdf00] sq: send 1 ts 12.864
[out#0/hls @ 0000020054ccdf00] sq: receive 1 ts 12.864 queue head -1 ts N/A
[out#0/hls @ 0000020054ccdf00] sq: send 1 ts 12.885333
[out#0/hls @ 0000020054ccdf00] sq: receive 1 ts 12.885333 queue head -1 ts N/A
[out#0/hls @ 0000020054ccdf00] sq: send 1 ts 12.906667
[out#0/hls @ 0000020054ccdf00] sq: receive 1 ts 12.906667 queue head -1 ts N/A
[out#0/hls @ 0000020054ccdf00] sq: send 1 ts 12.928
[out#0/hls @ 0000020054ccdf00] sq: receive 1 ts 12.928 queue head -1 ts N/A
[out#0/hls @ 0000020054ccdf00] sq: send 1 ts 12.949333
[out#0/hls @ 0000020054ccdf00] sq: receive 1 ts 12.949333 queue head -1 ts N/A
[out#0/hls @ 0000020054ccdf00] sq: send 1 ts 12.970667
[out#0/hls @ 0000020054ccdf00] sq: receive 1 ts 12.970667 queue head -1 ts N/A
[out#0/hls @ 0000020054ccdf00] sq: send 1 ts 12.992
[out#0/hls @ 0000020054ccdf00] sq: receive 1 ts 12.992 queue head -1 ts N/A
[out#0/hls @ 0000020054ccdf00] sq: send 1 ts 13.013333
[out#0/hls @ 0000020054ccdf00] sq: receive 1 ts 13.013333 queue head -1 ts N/A
[libx264 @ 0000020054ca7b00] frame= 205 QP=26.85 NAL=0 Slice:B Poc:408 I:21   P:928  SKIP:7211 size=2407 bytes
[out#0/hls @ 0000020054ccdf00] sq: send 1 ts 13.034667
[out#0/hls @ 0000020054ccdf00] sq: receive 1 ts 13.034667 queue head -1 ts N/A
[out#0/hls @ 0000020054ccdf00] sq: send 0 ts 11.791667
[out#0/hls @ 0000020054ccdf00] sq: receive 0 ts 11.791667 queue head -1 ts N/A
[out#0/hls @ 0000020054ccdf00] sq: send 0 ts 11.833333
[out#0/hls @ 0000020054ccdf00] sq: receive 0 ts 11.833333 queue head -1 ts N/A
[h264 @ 0000020054f6de40] nal_unit_type: 1(Coded slice of a non-IDR picture), nal_ref_idc: 2
[libx264 @ 0000020054ca7b00] frame= 206 QP=19.81 NAL=2 Slice:P Poc:418 I:566  P:3629 SKIP:3965 size=30393 bytes
[out#0/hls @ 0000020054ccdf00] sq: send 1 ts 13.056
[out#0/hls @ 0000020054ccdf00] sq: receive 1 ts 13.056 queue head -1 ts N/A
[out#0/hls @ 0000020054ccdf00] sq: send 0 ts 11.875
[out#0/hls @ 0000020054ccdf00] sq: receive 0 ts 11.875 queue head -1 ts N/A
[h264 @ 0000020054f6e940] nal_unit_type: 1(Coded slice of a non-IDR picture), nal_ref_idc: 2
[libx264 @ 0000020054ca7b00] frame= 207 QP=25.68 NAL=2 Slice:B Poc:414 I:61   P:2472 SKIP:5627 size=6393 bytes
[out#0/hls @ 0000020054ccdf00] sq: send 0 ts 11.916667
[out#0/hls @ 0000020054ccdf00] sq: receive 0 ts 11.916667 queue head -1 ts N/A
[h264 @ 0000020054cc1180] nal_unit_type: 1(Coded slice of a non-IDR picture), nal_ref_idc: 0
[libx264 @ 0000020054ca7b00] frame= 208 QP=28.90 NAL=0 Slice:B Poc:412 I:40   P:1200 SKIP:6920 size=3426 bytes
[out#0/hls @ 0000020054ccdf00] sq: send 1 ts 13.077333
[out#0/hls @ 0000020054ccdf00] sq: receive 1 ts 13.077333 queue head -1 ts N/A
[out#0/hls @ 0000020054ccdf00] sq: send 1 ts 13.098667
[out#0/hls @ 0000020054ccdf00] sq: receive 1 ts 13.098667 queue head -1 ts N/A
[out#0/hls @ 0000020054ccdf00] sq: send 1 ts 13.12
[out#0/hls @ 0000020054ccdf00] sq: receive 1 ts 13.12 queue head -1 ts N/A
[out#0/hls @ 0000020054ccdf00] sq: send 1 ts 13.141333
[out#0/hls @ 0000020054ccdf00] sq: receive 1 ts 13.141333 queue head -1 ts N/A
[out#0/hls @ 0000020054ccdf00] sq: send 1 ts 13.162667
[out#0/hls @ 0000020054ccdf00] sq: receive 1 ts 13.162667 queue head -1 ts N/A
[out#0/hls @ 0000020054ccdf00] sq: send 1 ts 13.184
[out#0/hls @ 0000020054ccdf00] sq: receive 1 ts 13.184 queue head -1 ts N/A
[out#0/hls @ 0000020054ccdf00] sq: send 1 ts 13.205333
[out#0/hls @ 0000020054ccdf00] sq: receive 1 ts 13.205333 queue head -1 ts N/A
[out#0/hls @ 0000020054ccdf00] sq: send 1 ts 13.226667
[out#0/hls @ 0000020054ccdf00] sq: receive 1 ts 13.226667 queue head -1 ts N/A
[out#0/hls @ 0000020054ccdf00] sq: send 1 ts 13.248
[out#0/hls @ 0000020054ccdf00] sq: receive 1 ts 13.248 queue head -1 ts N/A
[out#0/hls @ 0000020054ccdf00] sq: send 0 ts 11.958333
[out#0/hls @ 0000020054ccdf00] sq: receive 0 ts 11.958333 queue head -1 ts N/A
[libx264 @ 0000020054ca7b00] frame= 209 QP=27.36 NAL=0 Slice:B Poc:416 I:20   P:1314 SKIP:6826 size=2309 bytes
[out#0/hls @ 0000020054ccdf00] sq: send 1 ts 13.269333
[out#0/hls @ 0000020054ccdf00] sq: receive 1 ts 13.269333 queue head -1 ts N/A
[out#0/hls @ 0000020054ccdf00] sq: send 0 ts 12
[out#0/hls @ 0000020054ccdf00] sq: receive 0 ts 12 queue head -1 ts N/A
[h264 @ 0000020054cc1c80] nal_unit_type: 1(Coded slice of a non-IDR picture), nal_ref_idc: 0
[h264 @ 0000020054e28880] nal_unit_type: 1(Coded slice of a non-IDR picture), nal_ref_idc: 2
[libx264 @ 0000020054ca7b00] frame= 210 QP=18.49 NAL=2 Slice:P Poc:426 I:1397 P:4109 SKIP:2654 size=57143 bytes
[out#0/hls @ 0000020054ccdf00] sq: send 1 ts 13.290667
[out#0/hls @ 0000020054ccdf00] sq: receive 1 ts 13.290667 queue head -1 ts N/A
[out#0/hls @ 0000020054ccdf00] sq: send 0 ts 12.041667
[out#0/hls @ 0000020054ccdf00] sq: receive 0 ts 12.041667 queue head -1 ts N/A
[h264 @ 0000020054e29240] nal_unit_type: 1(Coded slice of a non-IDR picture), nal_ref_idc: 2
[libx264 @ 0000020054ca7b00] frame= 211 QP=24.68 NAL=2 Slice:B Poc:422 I:28   P:2298 SKIP:5834 size=6105 bytes
[out#0/hls @ 0000020054ccdf00] sq: send 0 ts 12.083333
[out#0/hls @ 0000020054ccdf00] sq: receive 0 ts 12.083333 queue head -1 ts N/A
[h264 @ 0000020054f4d980] nal_unit_type: 1(Coded slice of a non-IDR picture), nal_ref_idc: 0
[libx264 @ 0000020054ca7b00] frame= 212 QP=25.78 NAL=0 Slice:B Poc:420 I:32   P:1413 SKIP:6715 size=2258 bytes
[out#0/hls @ 0000020054ccdf00] sq: send 0 ts 12.125
[out#0/hls @ 0000020054ccdf00] sq: receive 0 ts 12.125 queue head -1 ts N/A
[h264 @ 0000020054f4e480] nal_unit_type: 1(Coded slice of a non-IDR picture), nal_ref_idc: 0
[libx264 @ 0000020054ca7b00] frame= 213 QP=28.04 NAL=0 Slice:B Poc:424 I:48   P:1220 SKIP:6892 size=3065 bytes
[out#0/hls @ 0000020054ccdf00] sq: send 0 ts 12.166667
[out#0/hls @ 0000020054ccdf00] sq: receive 0 ts 12.166667 queue head -1 ts N/A
[h264 @ 0000020054f0edc0] nal_unit_type: 1(Coded slice of a non-IDR picture), nal_ref_idc: 2
[libx264 @ 0000020054ca7b00] frame= 214 QP=19.58 NAL=2 Slice:P Poc:434 I:837  P:2610 SKIP:4713 size=28332 bytes
[out#0/hls @ 0000020054ccdf00] sq: send 0 ts 12.208333
[out#0/hls @ 0000020054ccdf00] sq: receive 0 ts 12.208333 queue head -1 ts N/A
[h264 @ 0000020054f0df00] nal_unit_type: 1(Coded slice of a non-IDR picture), nal_ref_idc: 2
[libx264 @ 0000020054ca7b00] frame= 215 QP=24.12 NAL=2 Slice:B Poc:430 I:132  P:1931 SKIP:6097 size=7101 bytes
[out#0/hls @ 0000020054ccdf00] sq: send 1 ts 13.312
[out#0/hls @ 0000020054ccdf00] sq: receive 1 ts 13.312 queue head -1 ts N/A
[out#0/hls @ 0000020054ccdf00] sq: send 1 ts 13.333333
[out#0/hls @ 0000020054ccdf00] sq: receive 1 ts 13.333333 queue head -1 ts N/A
[out#0/hls @ 0000020054ccdf00] sq: send 1 ts 13.354667
[out#0/hls @ 0000020054ccdf00] sq: receive 1 ts 13.354667 queue head -1 ts N/A
[out#0/hls @ 0000020054ccdf00] sq: send 1 ts 13.376
[out#0/hls @ 0000020054ccdf00] sq: receive 1 ts 13.376 queue head -1 ts N/A
[h264 @ 0000020054f0f140] nal_unit_type: 1(Coded slice of a non-IDR picture), nal_ref_idc: 0
[out#0/hls @ 0000020054ccdf00] sq: send 1 ts 13.397333
[out#0/hls @ 0000020054ccdf00] sq: receive 1 ts 13.397333 queue head -1 ts N/A
[out#0/hls @ 0000020054ccdf00] sq: send 1 ts 13.418667
[out#0/hls @ 0000020054ccdf00] sq: receive 1 ts 13.418667 queue head -1 ts N/A
[out#0/hls @ 0000020054ccdf00] sq: send 1 ts 13.44
[out#0/hls @ 0000020054ccdf00] sq: receive 1 ts 13.44 queue head -1 ts N/A
[out#0/hls @ 0000020054ccdf00] sq: send 1 ts 13.461333
[out#0/hls @ 0000020054ccdf00] sq: receive 1 ts 13.461333 queue head -1 ts N/A
[out#0/hls @ 0000020054ccdf00] sq: send 1 ts 13.482667
[out#0/hls @ 0000020054ccdf00] sq: receive 1 ts 13.482667 queue head -1 ts N/A
[out#0/hls @ 0000020054ccdf00] sq: send 1 ts 13.504
[out#0/hls @ 0000020054ccdf00] sq: receive 1 ts 13.504 queue head -1 ts N/A
[out#0/hls @ 0000020054ccdf00] sq: send 0 ts 12.25
[out#0/hls @ 0000020054ccdf00] sq: receive 0 ts 12.25 queue head -1 ts N/A
[libx264 @ 0000020054ca7b00] frame= 216 QP=25.99 NAL=0 Slice:B Poc:428 I:27   P:973  SKIP:7160 size=3367 bytes
[out#0/hls @ 0000020054ccdf00] sq: send 0 ts 12.291667
[out#0/hls @ 0000020054ccdf00] sq: receive 0 ts 12.291667 queue head -1 ts N/A
[h264 @ 000002005514e980] nal_unit_type: 1(Coded slice of a non-IDR picture), nal_ref_idc: 0
[libx264 @ 0000020054ca7b00] frame= 217 QP=26.17 NAL=0 Slice:B Poc:432 I:45   P:789  SKIP:7326 size=2871 bytes
[out#0/hls @ 0000020054ccdf00] sq: send 0 ts 12.333333
[out#0/hls @ 0000020054ccdf00] sq: receive 0 ts 12.333333 queue head -1 ts N/A
[h264 @ 0000020054cab3c0] nal_unit_type: 1(Coded slice of a non-IDR picture), nal_ref_idc: 2
[libx264 @ 0000020054ca7b00] frame= 218 QP=20.37 NAL=2 Slice:P Poc:442 I:764  P:2530 SKIP:4866 size=29014 bytes
[out#0/hls @ 0000020054ccdf00] sq: send 1 ts 13.525333
[out#0/hls @ 0000020054ccdf00] sq: receive 1 ts 13.525333 queue head -1 ts N/A
[out#0/hls @ 0000020054ccdf00] sq: send 0 ts 12.375
[out#0/hls @ 0000020054ccdf00] sq: receive 0 ts 12.375 queue head -1 ts N/A
[h264 @ 0000020054d31000] nal_unit_type: 1(Coded slice of a non-IDR picture), nal_ref_idc: 2
[libx264 @ 0000020054ca7b00] frame= 219 QP=25.62 NAL=2 Slice:B Poc:438 I:162  P:1954 SKIP:6044 size=7009 bytes
[out#0/hls @ 0000020054ccdf00] sq: send 0 ts 12.416667
[out#0/hls @ 0000020054ccdf00] sq: receive 0 ts 12.416667 queue head -1 ts N/A
[h264 @ 0000020054d316c0] nal_unit_type: 1(Coded slice of a non-IDR picture), nal_ref_idc: 0
[libx264 @ 0000020054ca7b00] frame= 220 QP=28.06 NAL=0 Slice:B Poc:436 I:59   P:858  SKIP:7243 size=3066 bytes
[out#0/hls @ 0000020054ccdf00] sq: send 0 ts 12.458333
[out#0/hls @ 0000020054ccdf00] sq: receive 0 ts 12.458333 queue head -1 ts N/A
[h264 @ 0000020055207440] nal_unit_type: 1(Coded slice of a non-IDR picture), nal_ref_idc: 0
[libx264 @ 0000020054ca7b00] frame= 221 QP=28.57 NAL=0 Slice:B Poc:440 I:86   P:862  SKIP:7212 size=3279 bytes
[out#0/hls @ 0000020054ccdf00] sq: send 0 ts 12.5
[out#0/hls @ 0000020054ccdf00] sq: receive 0 ts 12.5 queue head -1 ts N/A
[h264 @ 0000020054f6de40] nal_unit_type: 1(Coded slice of a non-IDR picture), nal_ref_idc: 2
[libx264 @ 0000020054ca7b00] frame= 222 QP=19.64 NAL=2 Slice:P Poc:450 I:421  P:2562 SKIP:5177 size=23255 bytes
[out#0/hls @ 0000020054ccdf00] sq: send 0 ts 12.541667
[out#0/hls @ 0000020054ccdf00] sq: receive 0 ts 12.541667 queue head -1 ts N/A
[h264 @ 0000020054f6e940] nal_unit_type: 1(Coded slice of a non-IDR picture), nal_ref_idc: 2
[libx264 @ 0000020054ca7b00] frame= 223 QP=27.17 NAL=2 Slice:B Poc:446 I:79   P:1795 SKIP:6286 size=5818 bytes
[out#0/hls @ 0000020054ccdf00] sq: send 0 ts 12.583333
[out#0/hls @ 0000020054ccdf00] sq: receive 0 ts 12.583333 queue head -1 ts N/A
[h264 @ 0000020054cc1180] nal_unit_type: 1(Coded slice of a non-IDR picture), nal_ref_idc: 0
[libx264 @ 0000020054ca7b00] frame= 224 QP=25.67 NAL=0 Slice:B Poc:444 I:58   P:838  SKIP:7264 size=2536 bytes
[out#0/hls @ 0000020054ccdf00] sq: send 1 ts 13.546667
[out#0/hls @ 0000020054ccdf00] sq: receive 1 ts 13.546667 queue head -1 ts N/A
[out#0/hls @ 0000020054ccdf00] sq: send 0 ts 12.625
[out#0/hls @ 0000020054ccdf00] sq: receive 0 ts 12.625 queue head -1 ts N/A
[h264 @ 0000020054cc1c80] nal_unit_type: 1(Coded slice of a non-IDR picture), nal_ref_idc: 0
[libx264 @ 0000020054ca7b00] frame= 225 QP=28.28 NAL=0 Slice:B Poc:448 I:33   P:786  SKIP:7341 size=2720 bytes
[out#0/hls @ 0000020054ccdf00] sq: send 1 ts 13.568
[out#0/hls @ 0000020054ccdf00] sq: receive 1 ts 13.568 queue head -1 ts N/A
[out#0/hls @ 0000020054ccdf00] sq: send 1 ts 13.589333
[out#0/hls @ 0000020054ccdf00] sq: receive 1 ts 13.589333 queue head -1 ts N/A
[out#0/hls @ 0000020054ccdf00] sq: send 1 ts 13.610667
[out#0/hls @ 0000020054ccdf00] sq: receive 1 ts 13.610667 queue head -1 ts N/A
[out#0/hls @ 0000020054ccdf00] sq: send 1 ts 13.632
[out#0/hls @ 0000020054ccdf00] sq: receive 1 ts 13.632 queue head -1 ts N/A
[out#0/hls @ 0000020054ccdf00] sq: send 1 ts 13.653333
[out#0/hls @ 0000020054ccdf00] sq: receive 1 ts 13.653333 queue head -1 ts N/A
[h264 @ 0000020054e28880] nal_unit_type: 1(Coded slice of a non-IDR picture), nal_ref_idc: 2
[out#0/hls @ 0000020054ccdf00] sq: send 1 ts 13.674667
[out#0/hls @ 0000020054ccdf00] sq: receive 1 ts 13.674667 queue head -1 ts N/A
[out#0/hls @ 0000020054ccdf00] sq: send 1 ts 13.696
[out#0/hls @ 0000020054ccdf00] sq: receive 1 ts 13.696 queue head -1 ts N/A
[out#0/hls @ 0000020054ccdf00] sq: send 1 ts 13.717333
[out#0/hls @ 0000020054ccdf00] sq: receive 1 ts 13.717333 queue head -1 ts N/A
[out#0/hls @ 0000020054ccdf00] sq: send 1 ts 13.738667
[out#0/hls @ 0000020054ccdf00] sq: receive 1 ts 13.738667 queue head -1 ts N/A
[out#0/hls @ 0000020054ccdf00] sq: send 1 ts 13.76
[out#0/hls @ 0000020054ccdf00] sq: receive 1 ts 13.76 queue head -1 ts N/A
[out#0/hls @ 0000020054ccdf00] sq: send 1 ts 13.781333
[out#0/hls @ 0000020054ccdf00] sq: receive 1 ts 13.781333 queue head -1 ts N/A
[out#0/hls @ 0000020054ccdf00] sq: send 1 ts 13.802667
[out#0/hls @ 0000020054ccdf00] sq: receive 1 ts 13.802667 queue head -1 ts N/A
[out#0/hls @ 0000020054ccdf00] sq: send 1 ts 13.824
[out#0/hls @ 0000020054ccdf00] sq: receive 1 ts 13.824 queue head -1 ts N/A
[libx264 @ 0000020054ca7b00] frame= 226 QP=19.94 NAL=2 Slice:P Poc:458 I:511  P:2529 SKIP:5120 size=24829 bytes
[out#0/hls @ 0000020054ccdf00] sq: send 1 ts 13.845333
[out#0/hls @ 0000020054ccdf00] sq: receive 1 ts 13.845333 queue head -1 ts N/A
[out#0/hls @ 0000020054ccdf00] sq: send 1 ts 13.866667
[out#0/hls @ 0000020054ccdf00] sq: receive 1 ts 13.866667 queue head -1 ts N/A
[out#0/hls @ 0000020054ccdf00] sq: send 0 ts 12.666667
[out#0/hls @ 0000020054ccdf00] sq: receive 0 ts 12.666667 queue head -1 ts N/A
[out#0/hls @ 0000020054ccdf00] sq: send 0 ts 12.708333
[out#0/hls @ 0000020054ccdf00] sq: receive 0 ts 12.708333 queue head -1 ts N/A
[h264 @ 0000020054e29240] nal_unit_type: 1(Coded slice of a non-IDR picture), nal_ref_idc: 2
[libx264 @ 0000020054ca7b00] frame= 227 QP=24.08 NAL=2 Slice:B Poc:454 I:111  P:1626 SKIP:6423 size=5995 bytes
[out#0/hls @ 0000020054ccdf00] sq: send 1 ts 13.888
[out#0/hls @ 0000020054ccdf00] sq: receive 1 ts 13.888 queue head -1 ts N/A
[out#0/hls @ 0000020054ccdf00] sq: send 1 ts 13.909333
[out#0/hls @ 0000020054ccdf00] sq: receive 1 ts 13.909333 queue head -1 ts N/A
[out#0/hls @ 0000020054ccdf00] sq: send 1 ts 13.930667
[out#0/hls @ 0000020054ccdf00] sq: receive 1 ts 13.930667 queue head -1 ts N/A
[out#0/hls @ 0000020054ccdf00] sq: send 1 ts 13.952
[out#0/hls @ 0000020054ccdf00] sq: receive 1 ts 13.952 queue head -1 ts N/A
[out#0/hls @ 0000020054ccdf00] sq: send 1 ts 13.973333
[out#0/hls @ 0000020054ccdf00] sq: receive 1 ts 13.973333 queue head -1 ts N/A
[out#0/hls @ 0000020054ccdf00] sq: send 1 ts 13.994667
[out#0/hls @ 0000020054ccdf00] sq: receive 1 ts 13.994667 queue head -1 ts N/A
[out#0/hls @ 0000020054ccdf00] sq: send 1 ts 14.016
[out#0/hls @ 0000020054ccdf00] sq: receive 1 ts 14.016 queue head -1 ts N/A
[out#0/hls @ 0000020054ccdf00] sq: send 1 ts 14.037333
[out#0/hls @ 0000020054ccdf00] sq: receive 1 ts 14.037333 queue head -1 ts N/A
[out#0/hls @ 0000020054ccdf00] sq: send 1 ts 14.058667
[out#0/hls @ 0000020054ccdf00] sq: receive 1 ts 14.058667 queue head -1 ts N/A
[h264 @ 0000020054f4d980] nal_unit_type: 1(Coded slice of a non-IDR picture), nal_ref_idc: 0
[out#0/hls @ 0000020054ccdf00] sq: send 1 ts 14.08
[out#0/hls @ 0000020054ccdf00] sq: receive 1 ts 14.08 queue head -1 ts N/A
[out#0/hls @ 0000020054ccdf00] sq: send 1 ts 14.101333
[out#0/hls @ 0000020054ccdf00] sq: receive 1 ts 14.101333 queue head -1 ts N/A
[out#0/hls @ 0000020054ccdf00] sq: send 0 ts 12.75
[out#0/hls @ 0000020054ccdf00] sq: receive 0 ts 12.75 queue head -1 ts N/A
[libx264 @ 0000020054ca7b00] frame= 228 QP=27.69 NAL=0 Slice:B Poc:452 I:70   P:776  SKIP:7314 size=3091 bytes
[out#0/hls @ 0000020054ccdf00] sq: send 0 ts 12.791667
[out#0/hls @ 0000020054ccdf00] sq: receive 0 ts 12.791667 queue head -1 ts N/A
[h264 @ 0000020054f4e480] nal_unit_type: 1(Coded slice of a non-IDR picture), nal_ref_idc: 0
[libx264 @ 0000020054ca7b00] frame= 229 QP=27.67 NAL=0 Slice:B Poc:456 I:69   P:729  SKIP:7362 size=2770 bytes
[out#0/hls @ 0000020054ccdf00] sq: send 0 ts 12.833333
[out#0/hls @ 0000020054ccdf00] sq: receive 0 ts 12.833333 queue head -1 ts N/A
[h264 @ 0000020054f0edc0] nal_unit_type: 1(Coded slice of a non-IDR picture), nal_ref_idc: 2
[libx264 @ 0000020054ca7b00] frame= 230 QP=19.99 NAL=2 Slice:P Poc:466 I:351  P:2162 SKIP:5647 size=19419 bytes
[out#0/hls @ 0000020054ccdf00] sq: send 0 ts 12.875
[out#0/hls @ 0000020054ccdf00] sq: receive 0 ts 12.875 queue head -1 ts N/A
[h264 @ 0000020054f0df00] nal_unit_type: 1(Coded slice of a non-IDR picture), nal_ref_idc: 2
[libx264 @ 0000020054ca7b00] frame= 231 QP=27.09 NAL=2 Slice:B Poc:462 I:69   P:1479 SKIP:6612 size=5028 bytes
[out#0/hls @ 0000020054ccdf00] sq: send 1 ts 14.122667
[out#0/hls @ 0000020054ccdf00] sq: receive 1 ts 14.122667 queue head -1 ts N/A
[out#0/hls @ 0000020054ccdf00] sq: send 0 ts 12.916667
[out#0/hls @ 0000020054ccdf00] sq: receive 0 ts 12.916667 queue head -1 ts N/A
[h264 @ 0000020054f0f140] nal_unit_type: 1(Coded slice of a non-IDR picture), nal_ref_idc: 0
frame=  232 fps= 90 q=28.0 size=N/A time=00:00:09.58 bitrate=N/A speed=3.73x    [libx264 @ 0000020054ca7b00] frame= 232 QP=28.28 NAL=0 Slice:B Poc:460 I:61   P:696  SKIP:7403 size=3270 bytes
[out#0/hls @ 0000020054ccdf00] sq: send 0 ts 12.958333
[out#0/hls @ 0000020054ccdf00] sq: receive 0 ts 12.958333 queue head -1 ts N/A
[h264 @ 000002005514e980] nal_unit_type: 1(Coded slice of a non-IDR picture), nal_ref_idc: 0
[libx264 @ 0000020054ca7b00] frame= 233 QP=28.22 NAL=0 Slice:B Poc:464 I:26   P:742  SKIP:7392 size=1930 bytes
[out#0/hls @ 0000020054ccdf00] sq: send 1 ts 14.144
[out#0/hls @ 0000020054ccdf00] sq: receive 1 ts 14.144 queue head -1 ts N/A
[out#0/hls @ 0000020054ccdf00] sq: send 1 ts 14.165333
[out#0/hls @ 0000020054ccdf00] sq: receive 1 ts 14.165333 queue head -1 ts N/A
[out#0/hls @ 0000020054ccdf00] sq: send 1 ts 14.186667
[out#0/hls @ 0000020054ccdf00] sq: receive 1 ts 14.186667 queue head -1 ts N/A
[out#0/hls @ 0000020054ccdf00] sq: send 1 ts 14.208
[out#0/hls @ 0000020054ccdf00] sq: receive 1 ts 14.208 queue head -1 ts N/A
[out#0/hls @ 0000020054ccdf00] sq: send 1 ts 14.229333
[out#0/hls @ 0000020054ccdf00] sq: receive 1 ts 14.229333 queue head -1 ts N/A
[out#0/hls @ 0000020054ccdf00] sq: send 1 ts 14.250667
[out#0/hls @ 0000020054ccdf00] sq: receive 1 ts 14.250667 queue head -1 ts N/A
[out#0/hls @ 0000020054ccdf00] sq: send 1 ts 14.272
[out#0/hls @ 0000020054ccdf00] sq: receive 1 ts 14.272 queue head -1 ts N/A
[out#0/hls @ 0000020054ccdf00] sq: send 1 ts 14.293333
[out#0/hls @ 0000020054ccdf00] sq: receive 1 ts 14.293333 queue head -1 ts N/A
[out#0/hls @ 0000020054ccdf00] sq: send 1 ts 14.314667
[out#0/hls @ 0000020054ccdf00] sq: receive 1 ts 14.314667 queue head -1 ts N/A
[out#0/hls @ 0000020054ccdf00] sq: send 1 ts 14.336
[out#0/hls @ 0000020054ccdf00] sq: receive 1 ts 14.336 queue head -1 ts N/A
[h264 @ 0000020054cab3c0] nal_unit_type: 1(Coded slice of a non-IDR picture), nal_ref_idc: 2
[out#0/hls @ 0000020054ccdf00] sq: send 0 ts 13
[out#0/hls @ 0000020054ccdf00] sq: receive 0 ts 13 queue head -1 ts N/A
[libx264 @ 0000020054ca7b00] frame= 234 QP=20.81 NAL=2 Slice:P Poc:474 I:387  P:2170 SKIP:5603 size=19337 bytes
[out#0/hls @ 0000020054ccdf00] sq: send 0 ts 13.041667
[out#0/hls @ 0000020054ccdf00] sq: receive 0 ts 13.041667 queue head -1 ts N/A
[h264 @ 0000020054d31000] nal_unit_type: 1(Coded slice of a non-IDR picture), nal_ref_idc: 2
[libx264 @ 0000020054ca7b00] frame= 235 QP=26.33 NAL=2 Slice:B Poc:470 I:49   P:1493 SKIP:6618 size=4299 bytes
[out#0/hls @ 0000020054ccdf00] sq: send 0 ts 13.083333
[out#0/hls @ 0000020054ccdf00] sq: receive 0 ts 13.083333 queue head -1 ts N/A
[h264 @ 0000020054d316c0] nal_unit_type: 1(Coded slice of a non-IDR picture), nal_ref_idc: 0
[libx264 @ 0000020054ca7b00] frame= 236 QP=26.88 NAL=0 Slice:B Poc:468 I:51   P:794  SKIP:7315 size=2327 bytes
[out#0/hls @ 0000020054ccdf00] sq: send 1 ts 14.357333
[out#0/hls @ 0000020054ccdf00] sq: receive 1 ts 14.357333 queue head -1 ts N/A
[out#0/hls @ 0000020054ccdf00] sq: send 1 ts 14.378667
[out#0/hls @ 0000020054ccdf00] sq: receive 1 ts 14.378667 queue head -1 ts N/A
[out#0/hls @ 0000020054ccdf00] sq: send 1 ts 14.4
[out#0/hls @ 0000020054ccdf00] sq: receive 1 ts 14.4 queue head -1 ts N/A
[h264 @ 0000020055207440] nal_unit_type: 1(Coded slice of a non-IDR picture), nal_ref_idc: 0
[out#0/hls @ 0000020054ccdf00] sq: send 1 ts 14.421333
[out#0/hls @ 0000020054ccdf00] sq: receive 1 ts 14.421333 queue head -1 ts N/A
[out#0/hls @ 0000020054ccdf00] sq: send 0 ts 13.125
[out#0/hls @ 0000020054ccdf00] sq: receive 0 ts 13.125 queue head -1 ts N/A
[libx264 @ 0000020054ca7b00] frame= 237 QP=26.83 NAL=0 Slice:B Poc:472 I:30   P:696  SKIP:7434 size=1767 bytes
[out#0/hls @ 0000020054ccdf00] sq: send 1 ts 14.442667
[out#0/hls @ 0000020054ccdf00] sq: receive 1 ts 14.442667 queue head -1 ts N/A
[out#0/hls @ 0000020054ccdf00] sq: send 1 ts 14.464
[out#0/hls @ 0000020054ccdf00] sq: receive 1 ts 14.464 queue head -1 ts N/A
[h264 @ 0000020054f6de40] nal_unit_type: 1(Coded slice of a non-IDR picture), nal_ref_idc: 2
[out#0/hls @ 0000020054ccdf00] sq: send 1 ts 14.485333
[out#0/hls @ 0000020054ccdf00] sq: receive 1 ts 14.485333 queue head -1 ts N/A
[out#0/hls @ 0000020054ccdf00] sq: send 1 ts 14.506667
[out#0/hls @ 0000020054ccdf00] sq: receive 1 ts 14.506667 queue head -1 ts N/A
[out#0/hls @ 0000020054ccdf00] sq: send 0 ts 13.166667
[out#0/hls @ 0000020054ccdf00] sq: receive 0 ts 13.166667 queue head -1 ts N/A
[libx264 @ 0000020054ca7b00] frame= 238 QP=18.84 NAL=2 Slice:P Poc:482 I:1139 P:4959 SKIP:2062 size=66425 bytes
[out#0/hls @ 0000020054ccdf00] sq: send 0 ts 13.208333
[out#0/hls @ 0000020054ccdf00] sq: receive 0 ts 13.208333 queue head -1 ts N/A
[h264 @ 0000020054f6e940] nal_unit_type: 1(Coded slice of a non-IDR picture), nal_ref_idc: 2
[libx264 @ 0000020054ca7b00] frame= 239 QP=25.22 NAL=2 Slice:B Poc:478 I:50   P:2047 SKIP:6063 size=5688 bytes
[out#0/hls @ 0000020054ccdf00] sq: send 0 ts 13.25
[out#0/hls @ 0000020054ccdf00] sq: receive 0 ts 13.25 queue head -1 ts N/A
[h264 @ 0000020054cc1180] nal_unit_type: 1(Coded slice of a non-IDR picture), nal_ref_idc: 0
[libx264 @ 0000020054ca7b00] frame= 240 QP=28.53 NAL=0 Slice:B Poc:476 I:38   P:1238 SKIP:6884 size=2910 bytes
[out#0/hls @ 0000020054ccdf00] sq: send 0 ts 13.291667
[out#0/hls @ 0000020054ccdf00] sq: receive 0 ts 13.291667 queue head -1 ts N/A
[h264 @ 0000020054cc1c80] nal_unit_type: 1(Coded slice of a non-IDR picture), nal_ref_idc: 0
[libx264 @ 0000020054ca7b00] frame= 241 QP=25.71 NAL=0 Slice:B Poc:480 I:38   P:1531 SKIP:6591 size=3231 bytes
[out#0/hls @ 0000020054ccdf00] sq: send 1 ts 14.528
[out#0/hls @ 0000020054ccdf00] sq: receive 1 ts 14.528 queue head -1 ts N/A
[out#0/hls @ 0000020054ccdf00] sq: send 1 ts 14.549333
[out#0/hls @ 0000020054ccdf00] sq: receive 1 ts 14.549333 queue head -1 ts N/A
[out#0/hls @ 0000020054ccdf00] sq: send 1 ts 14.570667
[out#0/hls @ 0000020054ccdf00] sq: receive 1 ts 14.570667 queue head -1 ts N/A
[out#0/hls @ 0000020054ccdf00] sq: send 1 ts 14.592
[out#0/hls @ 0000020054ccdf00] sq: receive 1 ts 14.592 queue head -1 ts N/A
[out#0/hls @ 0000020054ccdf00] sq: send 1 ts 14.613333
[out#0/hls @ 0000020054ccdf00] sq: receive 1 ts 14.613333 queue head -1 ts N/A
[out#0/hls @ 0000020054ccdf00] sq: send 1 ts 14.634667
[out#0/hls @ 0000020054ccdf00] sq: receive 1 ts 14.634667 queue head -1 ts N/A
[out#0/hls @ 0000020054ccdf00] sq: send 1 ts 14.656
[out#0/hls @ 0000020054ccdf00] sq: receive 1 ts 14.656 queue head -1 ts N/A
[out#0/hls @ 0000020054ccdf00] sq: send 1 ts 14.677333
[out#0/hls @ 0000020054ccdf00] sq: receive 1 ts 14.677333 queue head -1 ts N/A
[libx264 @ 0000020054ca7b00] frame= 242 QP=19.79 NAL=2 Slice:P Poc:490 I:675  P:2655 SKIP:4830 size=24062 bytes
[out#0/hls @ 0000020054ccdf00] sq: send 0 ts 13.333333
[out#0/hls @ 0000020054ccdf00] sq: receive 0 ts 13.333333 queue head -1 ts N/A
[out#0/hls @ 0000020054ccdf00] sq: send 0 ts 13.375
[out#0/hls @ 0000020054ccdf00] sq: receive 0 ts 13.375 queue head -1 ts N/A
[h264 @ 0000020054e28880] nal_unit_type: 1(Coded slice of a non-IDR picture), nal_ref_idc: 2
[libx264 @ 0000020054ca7b00] frame= 243 QP=25.57 NAL=2 Slice:B Poc:486 I:60   P:1638 SKIP:6462 size=5319 bytes
[h264 @ 0000020054e29240] nal_unit_type: 1(Coded slice of a non-IDR picture), nal_ref_idc: 2
[out#0/hls @ 0000020054ccdf00] sq: send 0 ts 13.416667
[out#0/hls @ 0000020054ccdf00] sq: receive 0 ts 13.416667 queue head -1 ts N/A
[h264 @ 0000020054f4d980] nal_unit_type: 1(Coded slice of a non-IDR picture), nal_ref_idc: 0
[libx264 @ 0000020054ca7b00] frame= 244 QP=28.05 NAL=0 Slice:B Poc:484 I:33   P:1083 SKIP:7044 size=2620 bytes
[out#0/hls @ 0000020054ccdf00] sq: send 0 ts 13.458333
[out#0/hls @ 0000020054ccdf00] sq: receive 0 ts 13.458333 queue head -1 ts N/A
[h264 @ 0000020054f4e480] nal_unit_type: 1(Coded slice of a non-IDR picture), nal_ref_idc: 0
[libx264 @ 0000020054ca7b00] frame= 245 QP=27.84 NAL=0 Slice:B Poc:488 I:166  P:1203 SKIP:6791 size=5053 bytes
[out#0/hls @ 0000020054ccdf00] sq: send 0 ts 13.5
[out#0/hls @ 0000020054ccdf00] sq: receive 0 ts 13.5 queue head -1 ts N/A
[h264 @ 0000020054f0edc0] nal_unit_type: 1(Coded slice of a non-IDR picture), nal_ref_idc: 2
[libx264 @ 0000020054ca7b00] frame= 246 QP=20.35 NAL=2 Slice:P Poc:498 I:944  P:2213 SKIP:5003 size=29633 bytes
[out#0/hls @ 0000020054ccdf00] sq: send 0 ts 13.541667
[out#0/hls @ 0000020054ccdf00] sq: receive 0 ts 13.541667 queue head -1 ts N/A
[h264 @ 0000020054f0df00] nal_unit_type: 5(IDR), nal_ref_idc: 3
[libx264 @ 0000020054ca7b00] frame= 247 QP=26.10 NAL=2 Slice:B Poc:494 I:234  P:1370 SKIP:6556 size=7875 bytes
[out#0/hls @ 0000020054ccdf00] sq: send 1 ts 14.698667
[out#0/hls @ 0000020054ccdf00] sq: receive 1 ts 14.698667 queue head -1 ts N/A
[out#0/hls @ 0000020054ccdf00] sq: send 0 ts 13.583333
[out#0/hls @ 0000020054ccdf00] sq: receive 0 ts 13.583333 queue head -1 ts N/A
[h264 @ 0000020054f0f140] nal_unit_type: 1(Coded slice of a non-IDR picture), nal_ref_idc: 2
[libx264 @ 0000020054ca7b00] frame= 248 QP=28.98 NAL=0 Slice:B Poc:492 I:88   P:1129 SKIP:6943 size=5001 bytes
[out#0/hls @ 0000020054ccdf00] sq: send 0 ts 13.625
[out#0/hls @ 0000020054ccdf00] sq: receive 0 ts 13.625 queue head -1 ts N/A
[h264 @ 000002005514e980] nal_unit_type: 1(Coded slice of a non-IDR picture), nal_ref_idc: 2
[libx264 @ 0000020054ca7b00] frame= 249 QP=27.99 NAL=0 Slice:B Poc:496 I:84   P:1351 SKIP:6725 size=5418 bytes
[out#0/hls @ 0000020054ccdf00] sq: send 0 ts 13.666667
[out#0/hls @ 0000020054ccdf00] sq: receive 0 ts 13.666667 queue head -1 ts N/A
[h264 @ 0000020054cab3c0] nal_unit_type: 1(Coded slice of a non-IDR picture), nal_ref_idc: 0
[libx264 @ 0000020054ca7b00] frame= 250 QP=16.12 NAL=3 Slice:I Poc:0   I:8160 P:0    SKIP:0    size=195488 bytes
[out#0/hls @ 0000020054ccdf00] sq: send 0 ts 13.708333
[out#0/hls @ 0000020054ccdf00] sq: receive 0 ts 13.708333 queue head -1 ts N/A
[hls @ 000002005524e040] Opening './uploads/art/06bf5f12-7b13-4496-898b-37a6aac259cf/segment000.ts' for writing
[file @ 0000020054e57400] Setting default whitelist 'file,crypto,data'
[h264 @ 0000020054d31000] nal_unit_type: 1(Coded slice of a non-IDR picture), nal_ref_idc: 0
[libx264 @ 0000020054ca7b00] frame= 251 QP=21.64 NAL=2 Slice:P Poc:8   I:838  P:1806 SKIP:5516 size=25638 bytes
[out#0/hls @ 0000020054ccdf00] sq: send 0 ts 13.75
[out#0/hls @ 0000020054ccdf00] sq: receive 0 ts 13.75 queue head -1 ts N/A
[h264 @ 0000020054d316c0] nal_unit_type: 1(Coded slice of a non-IDR picture), nal_ref_idc: 2
[AVIOContext @ 000002005af15a40] Statistics: 5064532 bytes written, 0 seeks, 20 writeouts
[libx264 @ 0000020054ca7b00] frame= 252 QP=27.71 NAL=2 Slice:B Poc:4   I:77   P:1369 SKIP:6714 size=4389 bytes
[out#0/hls @ 0000020054ccdf00] sq: send 1 ts 14.72
[out#0/hls @ 0000020054ccdf00] sq: receive 1 ts 14.72 queue head -1 ts N/A
[out#0/hls @ 0000020054ccdf00] sq: send 0 ts 13.791667
[out#0/hls @ 0000020054ccdf00] sq: receive 0 ts 13.791667 queue head -1 ts N/A
[h264 @ 0000020055207440] nal_unit_type: 1(Coded slice of a non-IDR picture), nal_ref_idc: 2
[libx264 @ 0000020054ca7b00] frame= 253 QP=28.58 NAL=0 Slice:B Poc:2   I:33   P:837  SKIP:7290 size=3173 bytes
[out#0/hls @ 0000020054ccdf00] sq: send 1 ts 14.741333
[out#0/hls @ 0000020054ccdf00] sq: receive 1 ts 14.741333 queue head -1 ts N/A
[out#0/hls @ 0000020054ccdf00] sq: send 1 ts 14.762667
[out#0/hls @ 0000020054ccdf00] sq: receive 1 ts 14.762667 queue head -1 ts N/A
[out#0/hls @ 0000020054ccdf00] sq: send 1 ts 14.784
[out#0/hls @ 0000020054ccdf00] sq: receive 1 ts 14.784 queue head -1 ts N/A
[out#0/hls @ 0000020054ccdf00] sq: send 1 ts 14.805333
[out#0/hls @ 0000020054ccdf00] sq: receive 1 ts 14.805333 queue head -1 ts N/A
[out#0/hls @ 0000020054ccdf00] sq: send 1 ts 14.826667
[out#0/hls @ 0000020054ccdf00] sq: receive 1 ts 14.826667 queue head -1 ts N/A
[out#0/hls @ 0000020054ccdf00] sq: send 1 ts 14.848
[out#0/hls @ 0000020054ccdf00] sq: receive 1 ts 14.848 queue head -1 ts N/A
[out#0/hls @ 0000020054ccdf00] sq: send 1 ts 14.869333
[out#0/hls @ 0000020054ccdf00] sq: receive 1 ts 14.869333 queue head -1 ts N/A
[out#0/hls @ 0000020054ccdf00] sq: send 1 ts 14.890667
[out#0/hls @ 0000020054ccdf00] sq: receive 1 ts 14.890667 queue head -1 ts N/A
[out#0/hls @ 0000020054ccdf00] sq: send 1 ts 14.912
[out#0/hls @ 0000020054ccdf00] sq: receive 1 ts 14.912 queue head -1 ts N/A
[out#0/hls @ 0000020054ccdf00] sq: send 0 ts 13.833333
[out#0/hls @ 0000020054ccdf00] sq: receive 0 ts 13.833333 queue head -1 ts N/A
[h264 @ 0000020054f6de40] nal_unit_type: 1(Coded slice of a non-IDR picture), nal_ref_idc: 0
[libx264 @ 0000020054ca7b00] frame= 254 QP=28.07 NAL=0 Slice:B Poc:6   I:38   P:879  SKIP:7243 size=3248 bytes
[out#0/hls @ 0000020054ccdf00] sq: send 1 ts 14.933333
[out#0/hls @ 0000020054ccdf00] sq: receive 1 ts 14.933333 queue head -1 ts N/A
[out#0/hls @ 0000020054ccdf00] sq: send 0 ts 13.875
[out#0/hls @ 0000020054ccdf00] sq: receive 0 ts 13.875 queue head -1 ts N/A
[h264 @ 0000020054f6e940] nal_unit_type: 1(Coded slice of a non-IDR picture), nal_ref_idc: 0
[libx264 @ 0000020054ca7b00] frame= 255 QP=20.51 NAL=2 Slice:P Poc:16  I:553  P:2212 SKIP:5395 size=23929 bytes
[out#0/hls @ 0000020054ccdf00] sq: send 1 ts 14.954667
[out#0/hls @ 0000020054ccdf00] sq: receive 1 ts 14.954667 queue head -1 ts N/A
[out#0/hls @ 0000020054ccdf00] sq: send 0 ts 13.916667
[out#0/hls @ 0000020054ccdf00] sq: receive 0 ts 13.916667 queue head -1 ts N/A
[h264 @ 0000020054cc1180] nal_unit_type: 1(Coded slice of a non-IDR picture), nal_ref_idc: 2
[libx264 @ 0000020054ca7b00] frame= 256 QP=24.97 NAL=2 Slice:B Poc:12  I:107  P:1725 SKIP:6328 size=7835 bytes
[out#0/hls @ 0000020054ccdf00] sq: send 0 ts 13.958333
[out#0/hls @ 0000020054ccdf00] sq: receive 0 ts 13.958333 queue head -1 ts N/A
[h264 @ 0000020054cc1c80] nal_unit_type: 1(Coded slice of a non-IDR picture), nal_ref_idc: 2
[libx264 @ 0000020054ca7b00] frame= 257 QP=28.09 NAL=0 Slice:B Poc:10  I:41   P:935  SKIP:7184 size=3434 bytes
[out#0/hls @ 0000020054ccdf00] sq: send 1 ts 14.976
[out#0/hls @ 0000020054ccdf00] sq: receive 1 ts 14.976 queue head -1 ts N/A
[out#0/hls @ 0000020054ccdf00] sq: send 1 ts 14.997333
[out#0/hls @ 0000020054ccdf00] sq: receive 1 ts 14.997333 queue head -1 ts N/A
[out#0/hls @ 0000020054ccdf00] sq: send 1 ts 15.018667
[out#0/hls @ 0000020054ccdf00] sq: receive 1 ts 15.018667 queue head -1 ts N/A
[out#0/hls @ 0000020054ccdf00] sq: send 1 ts 15.04
[out#0/hls @ 0000020054ccdf00] sq: receive 1 ts 15.04 queue head -1 ts N/A
[out#0/hls @ 0000020054ccdf00] sq: send 1 ts 15.061333
[out#0/hls @ 0000020054ccdf00] sq: receive 1 ts 15.061333 queue head -1 ts N/A
[out#0/hls @ 0000020054ccdf00] sq: send 1 ts 15.082667
[out#0/hls @ 0000020054ccdf00] sq: receive 1 ts 15.082667 queue head -1 ts N/A
[out#0/hls @ 0000020054ccdf00] sq: send 1 ts 15.104
[out#0/hls @ 0000020054ccdf00] sq: receive 1 ts 15.104 queue head -1 ts N/A
[out#0/hls @ 0000020054ccdf00] sq: send 1 ts 15.125333
[out#0/hls @ 0000020054ccdf00] sq: receive 1 ts 15.125333 queue head -1 ts N/A
[out#0/hls @ 0000020054ccdf00] sq: send 1 ts 15.146667
[out#0/hls @ 0000020054ccdf00] sq: receive 1 ts 15.146667 queue head -1 ts N/A
[out#0/hls @ 0000020054ccdf00] sq: send 0 ts 14
[out#0/hls @ 0000020054ccdf00] sq: receive 0 ts 14 queue head -1 ts N/A
[h264 @ 0000020054e28880] nal_unit_type: 1(Coded slice of a non-IDR picture), nal_ref_idc: 0
[libx264 @ 0000020054ca7b00] frame= 258 QP=28.80 NAL=0 Slice:B Poc:14  I:24   P:908  SKIP:7228 size=2589 bytes
[out#0/hls @ 0000020054ccdf00] sq: send 1 ts 15.168
[out#0/hls @ 0000020054ccdf00] sq: receive 1 ts 15.168 queue head -1 ts N/A
[out#0/hls @ 0000020054ccdf00] sq: send 1 ts 15.189333
[out#0/hls @ 0000020054ccdf00] sq: receive 1 ts 15.189333 queue head -1 ts N/A
[out#0/hls @ 0000020054ccdf00] sq: send 1 ts 15.210667
[out#0/hls @ 0000020054ccdf00] sq: receive 1 ts 15.210667 queue head -1 ts N/A
[out#0/hls @ 0000020054ccdf00] sq: send 1 ts 15.232
[out#0/hls @ 0000020054ccdf00] sq: receive 1 ts 15.232 queue head -1 ts N/A
[out#0/hls @ 0000020054ccdf00] sq: send 1 ts 15.253333
[out#0/hls @ 0000020054ccdf00] sq: receive 1 ts 15.253333 queue head -1 ts N/A
[out#0/hls @ 0000020054ccdf00] sq: send 1 ts 15.274667
[out#0/hls @ 0000020054ccdf00] sq: receive 1 ts 15.274667 queue head -1 ts N/A
[out#0/hls @ 0000020054ccdf00] sq: send 1 ts 15.296
[out#0/hls @ 0000020054ccdf00] sq: receive 1 ts 15.296 queue head -1 ts N/A
[out#0/hls @ 0000020054ccdf00] sq: send 1 ts 15.317333
[out#0/hls @ 0000020054ccdf00] sq: receive 1 ts 15.317333 queue head -1 ts N/A
[out#0/hls @ 0000020054ccdf00] sq: send 1 ts 15.338667
[out#0/hls @ 0000020054ccdf00] sq: receive 1 ts 15.338667 queue head -1 ts N/A
[out#0/hls @ 0000020054ccdf00] sq: send 0 ts 14.041667
[out#0/hls @ 0000020054ccdf00] sq: receive 0 ts 14.041667 queue head -1 ts N/A
[h264 @ 0000020054e29240] nal_unit_type: 1(Coded slice of a non-IDR picture), nal_ref_idc: 0
[libx264 @ 0000020054ca7b00] frame= 259 QP=21.83 NAL=2 Slice:P Poc:24  I:204  P:2297 SKIP:5659 size=19024 bytes
[out#0/hls @ 0000020054ccdf00] sq: send 0 ts 14.083333
[out#0/hls @ 0000020054ccdf00] sq: receive 0 ts 14.083333 queue head -1 ts N/A
[h264 @ 0000020054f4d980] nal_unit_type: 1(Coded slice of a non-IDR picture), nal_ref_idc: 2
[libx264 @ 0000020054ca7b00] frame= 260 QP=26.79 NAL=2 Slice:B Poc:20  I:32   P:1638 SKIP:6490 size=4967 bytes
[out#0/hls @ 0000020054ccdf00] sq: send 1 ts 15.36
[out#0/hls @ 0000020054ccdf00] sq: receive 1 ts 15.36 queue head -1 ts N/A
[out#0/hls @ 0000020054ccdf00] sq: send 1 ts 15.381333
[out#0/hls @ 0000020054ccdf00] sq: receive 1 ts 15.381333 queue head -1 ts N/A
[out#0/hls @ 0000020054ccdf00] sq: send 1 ts 15.402667
[out#0/hls @ 0000020054ccdf00] sq: receive 1 ts 15.402667 queue head -1 ts N/A
[out#0/hls @ 0000020054ccdf00] sq: send 1 ts 15.424
[out#0/hls @ 0000020054ccdf00] sq: receive 1 ts 15.424 queue head -1 ts N/A
[h264 @ 0000020054f4e480] nal_unit_type: 1(Coded slice of a non-IDR picture), nal_ref_idc: 2
[out#0/hls @ 0000020054ccdf00] sq: send 1 ts 15.445333
[out#0/hls @ 0000020054ccdf00] sq: receive 1 ts 15.445333 queue head -1 ts N/A
[out#0/hls @ 0000020054ccdf00] sq: send 1 ts 15.466667
[out#0/hls @ 0000020054ccdf00] sq: receive 1 ts 15.466667 queue head -1 ts N/A
[out#0/hls @ 0000020054ccdf00] sq: send 0 ts 14.125
[out#0/hls @ 0000020054ccdf00] sq: receive 0 ts 14.125 queue head -1 ts N/A
[libx264 @ 0000020054ca7b00] frame= 261 QP=28.38 NAL=0 Slice:B Poc:18  I:12   P:939  SKIP:7209 size=2385 bytes
[out#0/hls @ 0000020054ccdf00] sq: send 0 ts 14.166667
[out#0/hls @ 0000020054ccdf00] sq: receive 0 ts 14.166667 queue head -1 ts N/A
[h264 @ 0000020054f0edc0] nal_unit_type: 1(Coded slice of a non-IDR picture), nal_ref_idc: 0
[libx264 @ 0000020054ca7b00] frame= 262 QP=28.06 NAL=0 Slice:B Poc:22  I:19   P:945  SKIP:7196 size=1976 bytes
[out#0/hls @ 0000020054ccdf00] sq: send 1 ts 15.488
[out#0/hls @ 0000020054ccdf00] sq: receive 1 ts 15.488 queue head -1 ts N/A
[out#0/hls @ 0000020054ccdf00] sq: send 1 ts 15.509333
[out#0/hls @ 0000020054ccdf00] sq: receive 1 ts 15.509333 queue head -1 ts N/A
[h264 @ 0000020054f0df00] nal_unit_type: 1(Coded slice of a non-IDR picture), nal_ref_idc: 0
[out#0/hls @ 0000020054ccdf00] sq: send 1 ts 15.530667
[out#0/hls @ 0000020054ccdf00] sq: receive 1 ts 15.530667 queue head -1 ts N/A
[out#0/hls @ 0000020054ccdf00] sq: send 1 ts 15.552
[out#0/hls @ 0000020054ccdf00] sq: receive 1 ts 15.552 queue head -1 ts N/A
[out#0/hls @ 0000020054ccdf00] sq: send 0 ts 14.208333
[out#0/hls @ 0000020054ccdf00] sq: receive 0 ts 14.208333 queue head -1 ts N/A
[libx264 @ 0000020054ca7b00] frame= 263 QP=23.29 NAL=2 Slice:P Poc:32  I:443  P:1705 SKIP:6012 size=21956 bytes
[out#0/hls @ 0000020054ccdf00] sq: send 0 ts 14.25
[out#0/hls @ 0000020054ccdf00] sq: receive 0 ts 14.25 queue head -1 ts N/A
[h264 @ 0000020054f0f140] nal_unit_type: 1(Coded slice of a non-IDR picture), nal_ref_idc: 2
[libx264 @ 0000020054ca7b00] frame= 264 QP=27.19 NAL=2 Slice:B Poc:28  I:22   P:1460 SKIP:6678 size=5069 bytes
[out#0/hls @ 0000020054ccdf00] sq: send 1 ts 15.573333
[out#0/hls @ 0000020054ccdf00] sq: receive 1 ts 15.573333 queue head -1 ts N/A
[out#0/hls @ 0000020054ccdf00] sq: send 1 ts 15.594667
[out#0/hls @ 0000020054ccdf00] sq: receive 1 ts 15.594667 queue head -1 ts N/A
[h264 @ 000002005514e980] nal_unit_type: 1(Coded slice of a non-IDR picture), nal_ref_idc: 2
[out#0/hls @ 0000020054ccdf00] sq: send 1 ts 15.616
[out#0/hls @ 0000020054ccdf00] sq: receive 1 ts 15.616 queue head -1 ts N/A
[out#0/hls @ 0000020054ccdf00] sq: send 1 ts 15.637333
[out#0/hls @ 0000020054ccdf00] sq: receive 1 ts 15.637333 queue head -1 ts N/A
[out#0/hls @ 0000020054ccdf00] sq: send 0 ts 14.291667
[out#0/hls @ 0000020054ccdf00] sq: receive 0 ts 14.291667 queue head -1 ts N/A
[libx264 @ 0000020054ca7b00] frame= 265 QP=29.25 NAL=0 Slice:B Poc:26  I:13   P:853  SKIP:7294 size=1862 bytes
[out#0/hls @ 0000020054ccdf00] sq: send 0 ts 14.333333
[out#0/hls @ 0000020054ccdf00] sq: receive 0 ts 14.333333 queue head -1 ts N/A
[h264 @ 0000020054cab3c0] nal_unit_type: 1(Coded slice of a non-IDR picture), nal_ref_idc: 0
[libx264 @ 0000020054ca7b00] frame= 266 QP=29.60 NAL=0 Slice:B Poc:30  I:27   P:1104 SKIP:7029 size=2974 bytes
[out#0/hls @ 0000020054ccdf00] sq: send 1 ts 15.658667
[out#0/hls @ 0000020054ccdf00] sq: receive 1 ts 15.658667 queue head -1 ts N/A
[out#0/hls @ 0000020054ccdf00] sq: send 0 ts 14.375
[out#0/hls @ 0000020054ccdf00] sq: receive 0 ts 14.375 queue head -1 ts N/A
[h264 @ 0000020054d31000] nal_unit_type: 1(Coded slice of a non-IDR picture), nal_ref_idc: 0
[libx264 @ 0000020054ca7b00] frame= 267 QP=21.48 NAL=2 Slice:P Poc:40  I:6160 P:1283 SKIP:717  size=86316 bytes
[out#0/hls @ 0000020054ccdf00] sq: send 1 ts 15.68
[out#0/hls @ 0000020054ccdf00] sq: receive 1 ts 15.68 queue head -1 ts N/A
[out#0/hls @ 0000020054ccdf00] sq: send 1 ts 15.701333
[out#0/hls @ 0000020054ccdf00] sq: receive 1 ts 15.701333 queue head -1 ts N/A
[out#0/hls @ 0000020054ccdf00] sq: send 1 ts 15.722667
[out#0/hls @ 0000020054ccdf00] sq: receive 1 ts 15.722667 queue head -1 ts N/A
[out#0/hls @ 0000020054ccdf00] sq: send 0 ts 14.416667
[h264 @ 0000020054d316c0] nal_unit_type: 1(Coded slice of a non-IDR picture), nal_ref_idc: 2
[out#0/hls @ 0000020054ccdf00] sq: receive 0 ts 14.416667 queue head -1 ts N/A
[libx264 @ 0000020054ca7b00] frame= 268 QP=24.63 NAL=2 Slice:B Poc:36  I:100  P:1156 SKIP:6904 size=4940 bytes
[out#0/hls @ 0000020054ccdf00] sq: send 1 ts 15.744
[out#0/hls @ 0000020054ccdf00] sq: receive 1 ts 15.744 queue head -1 ts N/A
[out#0/hls @ 0000020054ccdf00] sq: send 1 ts 15.765333
[out#0/hls @ 0000020054ccdf00] sq: receive 1 ts 15.765333 queue head -1 ts N/A
[out#0/hls @ 0000020054ccdf00] sq: send 0 ts 14.458333
[out#0/hls @ 0000020054ccdf00] sq: receive 0 ts 14.458333 queue head -1 ts N/A
[h264 @ 0000020055207440] nal_unit_type: 1(Coded slice of a non-IDR picture), nal_ref_idc: 2
[libx264 @ 0000020054ca7b00] frame= 269 QP=27.92 NAL=0 Slice:B Poc:34  I:44   P:536  SKIP:7580 size=2253 bytes
[out#0/hls @ 0000020054ccdf00] sq: send 0 ts 14.5
[out#0/hls @ 0000020054ccdf00] sq: receive 0 ts 14.5 queue head -1 ts N/A
[h264 @ 0000020054f6de40] nal_unit_type: 1(Coded slice of a non-IDR picture), nal_ref_idc: 0
[libx264 @ 0000020054ca7b00] frame= 270 QP=25.50 NAL=0 Slice:B Poc:38  I:60   P:679  SKIP:7421 size=2719 bytes
[out#0/hls @ 0000020054ccdf00] sq: send 0 ts 14.541667
[out#0/hls @ 0000020054ccdf00] sq: receive 0 ts 14.541667 queue head -1 ts N/A
[h264 @ 0000020054f6e940] nal_unit_type: 5(IDR), nal_ref_idc: 3
[libx264 @ 0000020054ca7b00] frame= 271 QP=22.52 NAL=2 Slice:P Poc:48  I:592  P:4807 SKIP:2761 size=33385 bytes
[out#0/hls @ 0000020054ccdf00] sq: send 0 ts 14.583333
[out#0/hls @ 0000020054ccdf00] sq: receive 0 ts 14.583333 queue head -1 ts N/A
[h264 @ 0000020054cc1180] nal_unit_type: 1(Coded slice of a non-IDR picture), nal_ref_idc: 2
[libx264 @ 0000020054ca7b00] frame= 272 QP=25.57 NAL=2 Slice:B Poc:44  I:98   P:3843 SKIP:4219 size=12633 bytes
[out#0/hls @ 0000020054ccdf00] sq: send 0 ts 14.625
[out#0/hls @ 0000020054ccdf00] sq: receive 0 ts 14.625 queue head -1 ts N/A
[h264 @ 0000020054cc1c80] nal_unit_type: 1(Coded slice of a non-IDR picture), nal_ref_idc: 2
[libx264 @ 0000020054ca7b00] frame= 273 QP=27.35 NAL=0 Slice:B Poc:42  I:82   P:2772 SKIP:5306 size=7234 bytes
[out#0/hls @ 0000020054ccdf00] sq: send 0 ts 14.666667
[out#0/hls @ 0000020054ccdf00] sq: receive 0 ts 14.666667 queue head -1 ts N/A
[h264 @ 0000020054e28880] nal_unit_type: 1(Coded slice of a non-IDR picture), nal_ref_idc: 0
[libx264 @ 0000020054ca7b00] frame= 274 QP=27.26 NAL=0 Slice:B Poc:46  I:47   P:2746 SKIP:5367 size=7580 bytes
[out#0/hls @ 0000020054ccdf00] sq: send 0 ts 14.708333
[out#0/hls @ 0000020054ccdf00] sq: receive 0 ts 14.708333 queue head -1 ts N/A
[h264 @ 0000020054e29240] nal_unit_type: 1(Coded slice of a non-IDR picture), nal_ref_idc: 0
[libx264 @ 0000020054ca7b00] frame= 275 QP=22.83 NAL=2 Slice:P Poc:56  I:1040 P:4354 SKIP:2766 size=38916 bytes
[out#0/hls @ 0000020054ccdf00] sq: send 0 ts 14.75
[out#0/hls @ 0000020054ccdf00] sq: receive 0 ts 14.75 queue head -1 ts N/A
[h264 @ 0000020054f4d980] nal_unit_type: 1(Coded slice of a non-IDR picture), nal_ref_idc: 2
[libx264 @ 0000020054ca7b00] frame= 276 QP=25.86 NAL=2 Slice:B Poc:52  I:179  P:3708 SKIP:4273 size=13908 bytes
[out#0/hls @ 0000020054ccdf00] sq: send 0 ts 14.791667
[out#0/hls @ 0000020054ccdf00] sq: receive 0 ts 14.791667 queue head -1 ts N/A
[h264 @ 0000020054f4e480] nal_unit_type: 1(Coded slice of a non-IDR picture), nal_ref_idc: 2
[libx264 @ 0000020054ca7b00] frame= 277 QP=27.01 NAL=0 Slice:B Poc:50  I:108  P:2784 SKIP:5268 size=8733 bytes
[out#0/hls @ 0000020054ccdf00] sq: send 1 ts 15.786667
[out#0/hls @ 0000020054ccdf00] sq: receive 1 ts 15.786667 queue head -1 ts N/A
[h264 @ 0000020054f0edc0] nal_unit_type: 1(Coded slice of a non-IDR picture), nal_ref_idc: 0
[out#0/hls @ 0000020054ccdf00] sq: send 0 ts 14.833333
[out#0/hls @ 0000020054ccdf00] sq: receive 0 ts 14.833333 queue head -1 ts N/A
[libx264 @ 0000020054ca7b00] frame= 278 QP=27.40 NAL=0 Slice:B Poc:54  I:89   P:2608 SKIP:5463 size=7136 bytes
[out#0/hls @ 0000020054ccdf00] sq: send 0 ts 14.875
[out#0/hls @ 0000020054ccdf00] sq: receive 0 ts 14.875 queue head -1 ts N/A
[h264 @ 0000020054f0df00] nal_unit_type: 1(Coded slice of a non-IDR picture), nal_ref_idc: 0
[libx264 @ 0000020054ca7b00] frame= 279 QP=22.58 NAL=2 Slice:P Poc:64  I:846  P:4616 SKIP:2698 size=34295 bytes
[out#0/hls @ 0000020054ccdf00] sq: send 0 ts 14.916667
[out#0/hls @ 0000020054ccdf00] sq: receive 0 ts 14.916667 queue head -1 ts N/A
[h264 @ 0000020054f0f140] nal_unit_type: 1(Coded slice of a non-IDR picture), nal_ref_idc: 2
[libx264 @ 0000020054ca7b00] frame= 280 QP=25.74 NAL=2 Slice:B Poc:60  I:143  P:3577 SKIP:4440 size=12329 bytes
[out#0/hls @ 0000020054ccdf00] sq: send 1 ts 15.808
[out#0/hls @ 0000020054ccdf00] sq: receive 1 ts 15.808 queue head -1 ts N/A
[out#0/hls @ 0000020054ccdf00] sq: send 1 ts 15.829333
[out#0/hls @ 0000020054ccdf00] sq: receive 1 ts 15.829333 queue head -1 ts N/A
[out#0/hls @ 0000020054ccdf00] sq: send 1 ts 15.850667
[out#0/hls @ 0000020054ccdf00] sq: receive 1 ts 15.850667 queue head -1 ts N/A
[out#0/hls @ 0000020054ccdf00] sq: send 1 ts 15.872
[out#0/hls @ 0000020054ccdf00] sq: receive 1 ts 15.872 queue head -1 ts N/A
[out#0/hls @ 0000020054ccdf00] sq: send 1 ts 15.893333
[out#0/hls @ 0000020054ccdf00] sq: receive 1 ts 15.893333 queue head -1 ts N/A
[out#0/hls @ 0000020054ccdf00] sq: send 1 ts 15.914667
[out#0/hls @ 0000020054ccdf00] sq: receive 1 ts 15.914667 queue head -1 ts N/A
[out#0/hls @ 0000020054ccdf00] sq: send 1 ts 15.936
[out#0/hls @ 0000020054ccdf00] sq: receive 1 ts 15.936 queue head -1 ts N/A
[out#0/hls @ 0000020054ccdf00] sq: send 1 ts 15.957333
[out#0/hls @ 0000020054ccdf00] sq: receive 1 ts 15.957333 queue head -1 ts N/A
[out#0/hls @ 0000020054ccdf00] sq: send 1 ts 15.978667
[out#0/hls @ 0000020054ccdf00] sq: receive 1 ts 15.978667 queue head -1 ts N/A
[out#0/hls @ 0000020054ccdf00] sq: send 1 ts 16
[out#0/hls @ 0000020054ccdf00] sq: receive 1 ts 16 queue head -1 ts N/A
[out#0/hls @ 0000020054ccdf00] sq: send 1 ts 16.021333
[out#0/hls @ 0000020054ccdf00] sq: receive 1 ts 16.021333 queue head -1 ts N/A
[out#0/hls @ 0000020054ccdf00] sq: send 0 ts 14.958333
[out#0/hls @ 0000020054ccdf00] sq: receive 0 ts 14.958333 queue head -1 ts N/A
[h264 @ 000002005514e980] nal_unit_type: 1(Coded slice of a non-IDR picture), nal_ref_idc: 2
[libx264 @ 0000020054ca7b00] frame= 281 QP=27.65 NAL=0 Slice:B Poc:58  I:80   P:2787 SKIP:5293 size=6846 bytes
[out#0/hls @ 0000020054ccdf00] sq: send 1 ts 16.042667
[out#0/hls @ 0000020054ccdf00] sq: receive 1 ts 16.042667 queue head -1 ts N/A
[out#0/hls @ 0000020054ccdf00] sq: send 1 ts 16.064
[out#0/hls @ 0000020054ccdf00] sq: receive 1 ts 16.064 queue head -1 ts N/A
[out#0/hls @ 0000020054ccdf00] sq: send 1 ts 16.085333
[out#0/hls @ 0000020054ccdf00] sq: receive 1 ts 16.085333 queue head -1 ts N/A
[out#0/hls @ 0000020054ccdf00] sq: send 1 ts 16.106667
[out#0/hls @ 0000020054ccdf00] sq: receive 1 ts 16.106667 queue head -1 ts N/A
[out#0/hls @ 0000020054ccdf00] sq: send 1 ts 16.128
[out#0/hls @ 0000020054ccdf00] sq: receive 1 ts 16.128 queue head -1 ts N/A
[out#0/hls @ 0000020054ccdf00] sq: send 1 ts 16.149333
[out#0/hls @ 0000020054ccdf00] sq: receive 1 ts 16.149333 queue head -1 ts N/A
[out#0/hls @ 0000020054ccdf00] sq: send 1 ts 16.170667
[out#0/hls @ 0000020054ccdf00] sq: receive 1 ts 16.170667 queue head -1 ts N/A
[out#0/hls @ 0000020054ccdf00] sq: send 1 ts 16.192
[out#0/hls @ 0000020054ccdf00] sq: receive 1 ts 16.192 queue head -1 ts N/A
[out#0/hls @ 0000020054ccdf00] sq: send 1 ts 16.213333
[out#0/hls @ 0000020054ccdf00] sq: receive 1 ts 16.213333 queue head -1 ts N/A
[out#0/hls @ 0000020054ccdf00] sq: send 1 ts 16.234667
[out#0/hls @ 0000020054ccdf00] sq: receive 1 ts 16.234667 queue head -1 ts N/A
[out#0/hls @ 0000020054ccdf00] sq: send 1 ts 16.256
[out#0/hls @ 0000020054ccdf00] sq: receive 1 ts 16.256 queue head -1 ts N/A
[out#0/hls @ 0000020054ccdf00] sq: send 1 ts 16.277333
[out#0/hls @ 0000020054ccdf00] sq: receive 1 ts 16.277333 queue head -1 ts N/A
[h264 @ 0000020054cab3c0] nal_unit_type: 1(Coded slice of a non-IDR picture), nal_ref_idc: 0
[out#0/hls @ 0000020054ccdf00] sq: send 1 ts 16.298667
[out#0/hls @ 0000020054ccdf00] sq: receive 1 ts 16.298667 queue head -1 ts N/A
[out#0/hls @ 0000020054ccdf00] sq: send 1 ts 16.32
[out#0/hls @ 0000020054ccdf00] sq: receive 1 ts 16.32 queue head -1 ts N/A
[out#0/hls @ 0000020054ccdf00] sq: send 0 ts 15
[out#0/hls @ 0000020054ccdf00] sq: receive 0 ts 15 queue head -1 ts N/A
[libx264 @ 0000020054ca7b00] frame= 282 QP=27.72 NAL=0 Slice:B Poc:62  I:95   P:2808 SKIP:5257 size=7733 bytes
[out#0/hls @ 0000020054ccdf00] sq: send 1 ts 16.341333
[out#0/hls @ 0000020054ccdf00] sq: receive 1 ts 16.341333 queue head -1 ts N/A
[out#0/hls @ 0000020054ccdf00] sq: send 1 ts 16.362667
[out#0/hls @ 0000020054ccdf00] sq: receive 1 ts 16.362667 queue head -1 ts N/A
[out#0/hls @ 0000020054ccdf00] sq: send 1 ts 16.384
[out#0/hls @ 0000020054ccdf00] sq: receive 1 ts 16.384 queue head -1 ts N/A
[out#0/hls @ 0000020054ccdf00] sq: send 0 ts 15.041667
[h264 @ 0000020054d31000] nal_unit_type: 1(Coded slice of a non-IDR picture), nal_ref_idc: 0
[out#0/hls @ 0000020054ccdf00] sq: receive 0 ts 15.041667 queue head -1 ts N/A
[libx264 @ 0000020054ca7b00] frame= 283 QP=22.51 NAL=2 Slice:P Poc:72  I:1064 P:4073 SKIP:3023 size=35975 bytes
[out#0/hls @ 0000020054ccdf00] sq: send 0 ts 15.083333
[out#0/hls @ 0000020054ccdf00] sq: receive 0 ts 15.083333 queue head -1 ts N/A
[h264 @ 0000020054d316c0] nal_unit_type: 1(Coded slice of a non-IDR picture), nal_ref_idc: 2
[libx264 @ 0000020054ca7b00] frame= 284 QP=26.19 NAL=2 Slice:B Poc:68  I:90   P:3502 SKIP:4568 size=10756 bytes
[out#0/hls @ 0000020054ccdf00] sq: send 1 ts 16.405333
[out#0/hls @ 0000020054ccdf00] sq: receive 1 ts 16.405333 queue head -1 ts N/A
[out#0/hls @ 0000020054ccdf00] sq: send 1 ts 16.426667
[out#0/hls @ 0000020054ccdf00] sq: receive 1 ts 16.426667 queue head -1 ts N/A
[h264 @ 0000020055207440] nal_unit_type: 1(Coded slice of a non-IDR picture), nal_ref_idc: 2
[out#0/hls @ 0000020054ccdf00] sq: send 1 ts 16.448
[out#0/hls @ 0000020054ccdf00] sq: receive 1 ts 16.448 queue head -1 ts N/A
[out#0/hls @ 0000020054ccdf00] sq: send 1 ts 16.469333
[out#0/hls @ 0000020054ccdf00] sq: receive 1 ts 16.469333 queue head -1 ts N/A
[out#0/hls @ 0000020054ccdf00] sq: send 0 ts 15.125
[out#0/hls @ 0000020054ccdf00] sq: receive 0 ts 15.125 queue head -1 ts N/A
[libx264 @ 0000020054ca7b00] frame= 285 QP=27.42 NAL=0 Slice:B Poc:66  I:87   P:2529 SKIP:5544 size=7032 bytes
[out#0/hls @ 0000020054ccdf00] sq: send 0 ts 15.166667
[out#0/hls @ 0000020054ccdf00] sq: receive 0 ts 15.166667 queue head -1 ts N/A
[h264 @ 0000020054f6de40] nal_unit_type: 1(Coded slice of a non-IDR picture), nal_ref_idc: 0
[libx264 @ 0000020054ca7b00] frame= 286 QP=27.35 NAL=0 Slice:B Poc:70  I:68   P:2629 SKIP:5463 size=6712 bytes
[out#0/hls @ 0000020054ccdf00] sq: send 0 ts 15.208333
[out#0/hls @ 0000020054ccdf00] sq: receive 0 ts 15.208333 queue head -1 ts N/A
[h264 @ 0000020054f6e940] nal_unit_type: 1(Coded slice of a non-IDR picture), nal_ref_idc: 0
[libx264 @ 0000020054ca7b00] frame= 287 QP=22.01 NAL=2 Slice:P Poc:80  I:2311 P:3713 SKIP:2136 size=66045 bytes
[out#0/hls @ 0000020054ccdf00] sq: send 1 ts 16.490667
[out#0/hls @ 0000020054ccdf00] sq: receive 1 ts 16.490667 queue head -1 ts N/A
[out#0/hls @ 0000020054ccdf00] sq: send 1 ts 16.512
[out#0/hls @ 0000020054ccdf00] sq: receive 1 ts 16.512 queue head -1 ts N/A
[out#0/hls @ 0000020054ccdf00] sq: send 1 ts 16.533333
[out#0/hls @ 0000020054ccdf00] sq: receive 1 ts 16.533333 queue head -1 ts N/A
[out#0/hls @ 0000020054ccdf00] sq: send 1 ts 16.554667
[out#0/hls @ 0000020054ccdf00] sq: receive 1 ts 16.554667 queue head -1 ts N/A
[h264 @ 0000020054cc1180] nal_unit_type: 1(Coded slice of a non-IDR picture), nal_ref_idc: 2
[out#0/hls @ 0000020054ccdf00] sq: send 1 ts 16.576
[out#0/hls @ 0000020054ccdf00] sq: receive 1 ts 16.576 queue head -1 ts N/A
[out#0/hls @ 0000020054ccdf00] sq: send 1 ts 16.597333
[out#0/hls @ 0000020054ccdf00] sq: receive 1 ts 16.597333 queue head -1 ts N/A
[out#0/hls @ 0000020054ccdf00] sq: send 0 ts 15.25
[out#0/hls @ 0000020054ccdf00] sq: receive 0 ts 15.25 queue head -1 ts N/A
[libx264 @ 0000020054ca7b00] frame= 288 QP=25.63 NAL=2 Slice:B Poc:76  I:317  P:3246 SKIP:4597 size=12119 bytes
[out#0/hls @ 0000020054ccdf00] sq: send 0 ts 15.291667
[out#0/hls @ 0000020054ccdf00] sq: receive 0 ts 15.291667 queue head -1 ts N/A
[h264 @ 0000020054cc1c80] nal_unit_type: 1(Coded slice of a non-IDR picture), nal_ref_idc: 2
[libx264 @ 0000020054ca7b00] frame= 289 QP=27.71 NAL=0 Slice:B Poc:74  I:60   P:2449 SKIP:5651 size=6220 bytes
[out#0/hls @ 0000020054ccdf00] sq: send 1 ts 16.618667
[out#0/hls @ 0000020054ccdf00] sq: receive 1 ts 16.618667 queue head -1 ts N/A
[out#0/hls @ 0000020054ccdf00] sq: send 1 ts 16.64
[out#0/hls @ 0000020054ccdf00] sq: receive 1 ts 16.64 queue head -1 ts N/A
[out#0/hls @ 0000020054ccdf00] sq: send 0 ts 15.333333
[out#0/hls @ 0000020054ccdf00] sq: receive 0 ts 15.333333 queue head -1 ts N/A
[h264 @ 0000020054e28880] nal_unit_type: 1(Coded slice of a non-IDR picture), nal_ref_idc: 0
[libx264 @ 0000020054ca7b00] frame= 290 QP=27.24 NAL=0 Slice:B Poc:78  I:72   P:2370 SKIP:5718 size=6804 bytes
[out#0/hls @ 0000020054ccdf00] sq: send 1 ts 16.661333
[out#0/hls @ 0000020054ccdf00] sq: receive 1 ts 16.661333 queue head -1 ts N/A
[out#0/hls @ 0000020054ccdf00] sq: send 1 ts 16.682667
[out#0/hls @ 0000020054ccdf00] sq: receive 1 ts 16.682667 queue head -1 ts N/A
[out#0/hls @ 0000020054ccdf00] sq: send 1 ts 16.704
[out#0/hls @ 0000020054ccdf00] sq: receive 1 ts 16.704 queue head -1 ts N/A
[out#0/hls @ 0000020054ccdf00] sq: send 1 ts 16.725333
[out#0/hls @ 0000020054ccdf00] sq: receive 1 ts 16.725333 queue head -1 ts N/A
[out#0/hls @ 0000020054ccdf00] sq: send 0 ts 15.375
[out#0/hls @ 0000020054ccdf00] sq: receive 0 ts 15.375 queue head -1 ts N/A
[h264 @ 0000020054e29240] nal_unit_type: 1(Coded slice of a non-IDR picture), nal_ref_idc: 2
frame=  291 fps= 94 q=28.0 size=N/A time=00:00:12.04 bitrate=N/A speed=3.89x    [libx264 @ 0000020054ca7b00] frame= 291 QP=21.29 NAL=2 Slice:P Poc:88  I:973  P:4715 SKIP:2472 size=38809 bytes
[out#0/hls @ 0000020054ccdf00] sq: send 0 ts 15.416667
[out#0/hls @ 0000020054ccdf00] sq: receive 0 ts 15.416667 queue head -1 ts N/A
[h264 @ 0000020054f4d980] nal_unit_type: 1(Coded slice of a non-IDR picture), nal_ref_idc: 2
[libx264 @ 0000020054ca7b00] frame= 292 QP=25.50 NAL=2 Slice:B Poc:84  I:254  P:3589 SKIP:4317 size=12942 bytes
[out#0/hls @ 0000020054ccdf00] sq: send 0 ts 15.458333
[out#0/hls @ 0000020054ccdf00] sq: receive 0 ts 15.458333 queue head -1 ts N/A
[h264 @ 0000020054f4e480] nal_unit_type: 1(Coded slice of a non-IDR picture), nal_ref_idc: 0
[libx264 @ 0000020054ca7b00] frame= 293 QP=27.46 NAL=0 Slice:B Poc:82  I:112  P:2230 SKIP:5818 size=7473 bytes
[out#0/hls @ 0000020054ccdf00] sq: send 1 ts 16.746667
[out#0/hls @ 0000020054ccdf00] sq: receive 1 ts 16.746667 queue head -1 ts N/A
[out#0/hls @ 0000020054ccdf00] sq: send 1 ts 16.768
[out#0/hls @ 0000020054ccdf00] sq: receive 1 ts 16.768 queue head -1 ts N/A
[out#0/hls @ 0000020054ccdf00] sq: send 1 ts 16.789333
[out#0/hls @ 0000020054ccdf00] sq: receive 1 ts 16.789333 queue head -1 ts N/A
[out#0/hls @ 0000020054ccdf00] sq: send 1 ts 16.810667
[out#0/hls @ 0000020054ccdf00] sq: receive 1 ts 16.810667 queue head -1 ts N/A
[h264 @ 0000020054f0edc0] nal_unit_type: 1(Coded slice of a non-IDR picture), nal_ref_idc: 0
[out#0/hls @ 0000020054ccdf00] sq: send 1 ts 16.832
[out#0/hls @ 0000020054ccdf00] sq: receive 1 ts 16.832 queue head -1 ts N/A
[out#0/hls @ 0000020054ccdf00] sq: send 1 ts 16.853333
[out#0/hls @ 0000020054ccdf00] sq: receive 1 ts 16.853333 queue head -1 ts N/A
[out#0/hls @ 0000020054ccdf00] sq: send 0 ts 15.5
[out#0/hls @ 0000020054ccdf00] sq: receive 0 ts 15.5 queue head -1 ts N/A
[libx264 @ 0000020054ca7b00] frame= 294 QP=27.38 NAL=0 Slice:B Poc:86  I:76   P:1932 SKIP:6152 size=5611 bytes
[out#0/hls @ 0000020054ccdf00] sq: send 0 ts 15.541667
[out#0/hls @ 0000020054ccdf00] sq: receive 0 ts 15.541667 queue head -1 ts N/A
[h264 @ 0000020054f0df00] nal_unit_type: 1(Coded slice of a non-IDR picture), nal_ref_idc: 2
[libx264 @ 0000020054ca7b00] frame= 295 QP=20.98 NAL=2 Slice:P Poc:96  I:791  P:5267 SKIP:2102 size=45188 bytes
[out#0/hls @ 0000020054ccdf00] sq: send 1 ts 16.874667
[out#0/hls @ 0000020054ccdf00] sq: receive 1 ts 16.874667 queue head -1 ts N/A
[out#0/hls @ 0000020054ccdf00] sq: send 0 ts 15.583333
[out#0/hls @ 0000020054ccdf00] sq: receive 0 ts 15.583333 queue head -1 ts N/A
[h264 @ 0000020054f0f140] nal_unit_type: 1(Coded slice of a non-IDR picture), nal_ref_idc: 2
[libx264 @ 0000020054ca7b00] frame= 296 QP=25.47 NAL=2 Slice:B Poc:92  I:193  P:3500 SKIP:4467 size=11327 bytes
[out#0/hls @ 0000020054ccdf00] sq: send 0 ts 15.625
[out#0/hls @ 0000020054ccdf00] sq: receive 0 ts 15.625 queue head -1 ts N/A
[h264 @ 000002005514e980] nal_unit_type: 1(Coded slice of a non-IDR picture), nal_ref_idc: 0
[libx264 @ 0000020054ca7b00] frame= 297 QP=27.09 NAL=0 Slice:B Poc:90  I:118  P:2074 SKIP:5968 size=5741 bytes
[out#0/hls @ 0000020054ccdf00] sq: send 0 ts 15.666667
[out#0/hls @ 0000020054ccdf00] sq: receive 0 ts 15.666667 queue head -1 ts N/A
[h264 @ 0000020054cab3c0] nal_unit_type: 1(Coded slice of a non-IDR picture), nal_ref_idc: 2
[libx264 @ 0000020054ca7b00] frame= 298 QP=26.79 NAL=0 Slice:B Poc:94  I:97   P:2032 SKIP:6031 size=5182 bytes
[out#0/hls @ 0000020054ccdf00] sq: send 1 ts 16.896
[out#0/hls @ 0000020054ccdf00] sq: receive 1 ts 16.896 queue head -1 ts N/A
[out#0/hls @ 0000020054ccdf00] sq: send 1 ts 16.917333
[out#0/hls @ 0000020054ccdf00] sq: receive 1 ts 16.917333 queue head -1 ts N/A
[out#0/hls @ 0000020054ccdf00] sq: send 1 ts 16.938667
[out#0/hls @ 0000020054ccdf00] sq: receive 1 ts 16.938667 queue head -1 ts N/A
[out#0/hls @ 0000020054ccdf00] sq: send 1 ts 16.96
[out#0/hls @ 0000020054ccdf00] sq: receive 1 ts 16.96 queue head -1 ts N/A
[out#0/hls @ 0000020054ccdf00] sq: send 1 ts 16.981333
[out#0/hls @ 0000020054ccdf00] sq: receive 1 ts 16.981333 queue head -1 ts N/A
[out#0/hls @ 0000020054ccdf00] sq: send 1 ts 17.002667
[out#0/hls @ 0000020054ccdf00] sq: receive 1 ts 17.002667 queue head -1 ts N/A
[out#0/hls @ 0000020054ccdf00] sq: send 1 ts 17.024
[out#0/hls @ 0000020054ccdf00] sq: receive 1 ts 17.024 queue head -1 ts N/A
[out#0/hls @ 0000020054ccdf00] sq: send 1 ts 17.045333
[out#0/hls @ 0000020054ccdf00] sq: receive 1 ts 17.045333 queue head -1 ts N/A
[out#0/hls @ 0000020054ccdf00] sq: send 0 ts 15.708333
[out#0/hls @ 0000020054ccdf00] sq: receive 0 ts 15.708333 queue head -1 ts N/A
[h264 @ 0000020054d31000] nal_unit_type: 1(Coded slice of a non-IDR picture), nal_ref_idc: 2
[libx264 @ 0000020054ca7b00] frame= 299 QP=20.25 NAL=2 Slice:P Poc:104 I:639  P:5680 SKIP:1841 size=57213 bytes
[out#0/hls @ 0000020054ccdf00] sq: send 0 ts 15.75
[out#0/hls @ 0000020054ccdf00] sq: receive 0 ts 15.75 queue head -1 ts N/A
[h264 @ 0000020054d316c0] nal_unit_type: 1(Coded slice of a non-IDR picture), nal_ref_idc: 0
[libx264 @ 0000020054ca7b00] frame= 300 QP=26.31 NAL=2 Slice:B Poc:100 I:107  P:2519 SKIP:5534 size=8617 bytes
[out#0/hls @ 0000020054ccdf00] sq: send 0 ts 15.791667
[out#0/hls @ 0000020054ccdf00] sq: receive 0 ts 15.791667 queue head -1 ts N/A
[h264 @ 0000020055207440] nal_unit_type: 1(Coded slice of a non-IDR picture), nal_ref_idc: 0
[libx264 @ 0000020054ca7b00] frame= 301 QP=26.58 NAL=0 Slice:B Poc:98  I:86   P:1859 SKIP:6215 size=4810 bytes
[out#0/hls @ 0000020054ccdf00] sq: send 0 ts 15.833333
[out#0/hls @ 0000020054ccdf00] sq: receive 0 ts 15.833333 queue head -1 ts N/A
[libx264 @ 0000020054ca7b00] frame= 302 QP=26.52 NAL=0 Slice:B Poc:102 I:41   P:1168 SKIP:6951 size=3061 bytes
[out#0/hls @ 0000020054ccdf00] sq: send 0 ts 15.875
[out#0/hls @ 0000020054ccdf00] sq: receive 0 ts 15.875 queue head -1 ts N/A
[h264 @ 0000020054f6de40] nal_unit_type: 1(Coded slice of a non-IDR picture), nal_ref_idc: 2
[h264 @ 0000020054f6e940] nal_unit_type: 1(Coded slice of a non-IDR picture), nal_ref_idc: 2
[libx264 @ 0000020054ca7b00] frame= 303 QP=20.09 NAL=2 Slice:P Poc:108 I:165  P:4155 SKIP:3840 size=27468 bytes
[out#0/hls @ 0000020054ccdf00] sq: send 0 ts 15.916667
[out#0/hls @ 0000020054ccdf00] sq: receive 0 ts 15.916667 queue head -1 ts N/A
[h264 @ 0000020054cc1180] nal_unit_type: 1(Coded slice of a non-IDR picture), nal_ref_idc: 0
[libx264 @ 0000020054ca7b00] frame= 304 QP=27.08 NAL=0 Slice:B Poc:106 I:34   P:1914 SKIP:6212 size=2967 bytes
[out#0/hls @ 0000020054ccdf00] sq: send 1 ts 17.066667
[out#0/hls @ 0000020054ccdf00] sq: receive 1 ts 17.066667 queue head -1 ts N/A
[out#0/hls @ 0000020054ccdf00] sq: send 0 ts 15.958333
[out#0/hls @ 0000020054ccdf00] sq: receive 0 ts 15.958333 queue head -1 ts N/A
[h264 @ 0000020054cc1c80] nal_unit_type: 1(Coded slice of a non-IDR picture), nal_ref_idc: 0
[libx264 @ 0000020054ca7b00] frame= 305 QP=19.55 NAL=2 Slice:P Poc:112 I:293  P:4001 SKIP:3866 size=24653 bytes
[out#0/hls @ 0000020054ccdf00] sq: send 0 ts 16
[out#0/hls @ 0000020054ccdf00] sq: receive 0 ts 16 queue head -1 ts N/A
[h264 @ 0000020054e28880] nal_unit_type: 1(Coded slice of a non-IDR picture), nal_ref_idc: 2
[libx264 @ 0000020054ca7b00] frame= 306 QP=27.21 NAL=0 Slice:B Poc:110 I:38   P:1562 SKIP:6560 size=2909 bytes
[out#0/hls @ 0000020054ccdf00] sq: send 1 ts 17.088
[out#0/hls @ 0000020054ccdf00] sq: receive 1 ts 17.088 queue head -1 ts N/A
[out#0/hls @ 0000020054ccdf00] sq: send 1 ts 17.109333
[out#0/hls @ 0000020054ccdf00] sq: receive 1 ts 17.109333 queue head -1 ts N/A
[out#0/hls @ 0000020054ccdf00] sq: send 1 ts 17.130667
[out#0/hls @ 0000020054ccdf00] sq: receive 1 ts 17.130667 queue head -1 ts N/A
[out#0/hls @ 0000020054ccdf00] sq: send 1 ts 17.152
[out#0/hls @ 0000020054ccdf00] sq: receive 1 ts 17.152 queue head -1 ts N/A
[out#0/hls @ 0000020054ccdf00] sq: send 1 ts 17.173333
[out#0/hls @ 0000020054ccdf00] sq: receive 1 ts 17.173333 queue head -1 ts N/A
[out#0/hls @ 0000020054ccdf00] sq: send 1 ts 17.194667
[out#0/hls @ 0000020054ccdf00] sq: receive 1 ts 17.194667 queue head -1 ts N/A
[out#0/hls @ 0000020054ccdf00] sq: send 1 ts 17.216
[out#0/hls @ 0000020054ccdf00] sq: receive 1 ts 17.216 queue head -1 ts N/A
[out#0/hls @ 0000020054ccdf00] sq: send 1 ts 17.237333
[out#0/hls @ 0000020054ccdf00] sq: receive 1 ts 17.237333 queue head -1 ts N/A
[out#0/hls @ 0000020054ccdf00] sq: send 1 ts 17.258667
[out#0/hls @ 0000020054ccdf00] sq: receive 1 ts 17.258667 queue head -1 ts N/A
[out#0/hls @ 0000020054ccdf00] sq: send 0 ts 16.041667
[out#0/hls @ 0000020054ccdf00] sq: receive 0 ts 16.041667 queue head -1 ts N/A
[h264 @ 0000020054e29240] nal_unit_type: 1(Coded slice of a non-IDR picture), nal_ref_idc: 2
[libx264 @ 0000020054ca7b00] frame= 307 QP=19.88 NAL=2 Slice:P Poc:120 I:562  P:4420 SKIP:3178 size=34774 bytes
[out#0/hls @ 0000020054ccdf00] sq: send 1 ts 17.28
[out#0/hls @ 0000020054ccdf00] sq: receive 1 ts 17.28 queue head -1 ts N/A
[out#0/hls @ 0000020054ccdf00] sq: send 0 ts 16.083333
[out#0/hls @ 0000020054ccdf00] sq: receive 0 ts 16.083333 queue head -1 ts N/A
[h264 @ 0000020054f4d980] nal_unit_type: 1(Coded slice of a non-IDR picture), nal_ref_idc: 0
[libx264 @ 0000020054ca7b00] frame= 308 QP=25.42 NAL=2 Slice:B Poc:116 I:91   P:2547 SKIP:5522 size=6498 bytes
[out#0/hls @ 0000020054ccdf00] sq: send 1 ts 17.301333
[out#0/hls @ 0000020054ccdf00] sq: receive 1 ts 17.301333 queue head -1 ts N/A
[out#0/hls @ 0000020054ccdf00] sq: send 1 ts 17.322667
[out#0/hls @ 0000020054ccdf00] sq: receive 1 ts 17.322667 queue head -1 ts N/A
[out#0/hls @ 0000020054ccdf00] sq: send 1 ts 17.344
[out#0/hls @ 0000020054ccdf00] sq: receive 1 ts 17.344 queue head -1 ts N/A
[out#0/hls @ 0000020054ccdf00] sq: send 1 ts 17.365333
[out#0/hls @ 0000020054ccdf00] sq: receive 1 ts 17.365333 queue head -1 ts N/A
[out#0/hls @ 0000020054ccdf00] sq: send 0 ts 16.125
[out#0/hls @ 0000020054ccdf00] sq: receive 0 ts 16.125 queue head -1 ts N/A
[h264 @ 0000020054f4e480] nal_unit_type: 1(Coded slice of a non-IDR picture), nal_ref_idc: 0
[libx264 @ 0000020054ca7b00] frame= 309 QP=26.43 NAL=0 Slice:B Poc:114 I:46   P:1466 SKIP:6648 size=3189 bytes
[out#0/hls @ 0000020054ccdf00] sq: send 1 ts 17.386667
[out#0/hls @ 0000020054ccdf00] sq: receive 1 ts 17.386667 queue head -1 ts N/A
[out#0/hls @ 0000020054ccdf00] sq: send 0 ts 16.166667
[out#0/hls @ 0000020054ccdf00] sq: receive 0 ts 16.166667 queue head -1 ts N/A
[h264 @ 0000020054f0edc0] nal_unit_type: 1(Coded slice of a non-IDR picture), nal_ref_idc: 2
[libx264 @ 0000020054ca7b00] frame= 310 QP=26.00 NAL=0 Slice:B Poc:118 I:60   P:1330 SKIP:6770 size=3537 bytes
[out#0/hls @ 0000020054ccdf00] sq: send 0 ts 16.208333
[out#0/hls @ 0000020054ccdf00] sq: receive 0 ts 16.208333 queue head -1 ts N/A
[h264 @ 0000020054f0df00] nal_unit_type: 1(Coded slice of a non-IDR picture), nal_ref_idc: 2
[libx264 @ 0000020054ca7b00] frame= 311 QP=19.66 NAL=2 Slice:P Poc:128 I:469  P:3662 SKIP:4029 size=26605 bytes
[out#0/hls @ 0000020054ccdf00] sq: send 0 ts 16.25
[out#0/hls @ 0000020054ccdf00] sq: receive 0 ts 16.25 queue head -1 ts N/A
[h264 @ 0000020054f0f140] nal_unit_type: 1(Coded slice of a non-IDR picture), nal_ref_idc: 0
[libx264 @ 0000020054ca7b00] frame= 312 QP=26.29 NAL=2 Slice:B Poc:124 I:117  P:2281 SKIP:5762 size=7594 bytes
[out#0/hls @ 0000020054ccdf00] sq: send 1 ts 17.408
[out#0/hls @ 0000020054ccdf00] sq: receive 1 ts 17.408 queue head -1 ts N/A
[out#0/hls @ 0000020054ccdf00] sq: send 1 ts 17.429333
[out#0/hls @ 0000020054ccdf00] sq: receive 1 ts 17.429333 queue head -1 ts N/A
[out#0/hls @ 0000020054ccdf00] sq: send 1 ts 17.450667
[out#0/hls @ 0000020054ccdf00] sq: receive 1 ts 17.450667 queue head -1 ts N/A
[out#0/hls @ 0000020054ccdf00] sq: send 1 ts 17.472
[out#0/hls @ 0000020054ccdf00] sq: receive 1 ts 17.472 queue head -1 ts N/A
[out#0/hls @ 0000020054ccdf00] sq: send 1 ts 17.493333
[out#0/hls @ 0000020054ccdf00] sq: receive 1 ts 17.493333 queue head -1 ts N/A
[out#0/hls @ 0000020054ccdf00] sq: send 1 ts 17.514667
[out#0/hls @ 0000020054ccdf00] sq: receive 1 ts 17.514667 queue head -1 ts N/A
[out#0/hls @ 0000020054ccdf00] sq: send 1 ts 17.536
[out#0/hls @ 0000020054ccdf00] sq: receive 1 ts 17.536 queue head -1 ts N/A
[out#0/hls @ 0000020054ccdf00] sq: send 1 ts 17.557333
[out#0/hls @ 0000020054ccdf00] sq: receive 1 ts 17.557333 queue head -1 ts N/A
[out#0/hls @ 0000020054ccdf00] sq: send 1 ts 17.578667
[out#0/hls @ 0000020054ccdf00] sq: receive 1 ts 17.578667 queue head -1 ts N/A
[out#0/hls @ 0000020054ccdf00] sq: send 0 ts 16.291667
[out#0/hls @ 0000020054ccdf00] sq: receive 0 ts 16.291667 queue head -1 ts N/A
[h264 @ 000002005514e980] nal_unit_type: 1(Coded slice of a non-IDR picture), nal_ref_idc: 0
[libx264 @ 0000020054ca7b00] frame= 313 QP=26.43 NAL=0 Slice:B Poc:122 I:75   P:1398 SKIP:6687 size=3806 bytes
[out#0/hls @ 0000020054ccdf00] sq: send 1 ts 17.6
[out#0/hls @ 0000020054ccdf00] sq: receive 1 ts 17.6 queue head -1 ts N/A
[h264 @ 0000020054cab3c0] nal_unit_type: 1(Coded slice of a non-IDR picture), nal_ref_idc: 2
[libx264 @ 0000020054ca7b00] frame= 314 QP=28.20 NAL=0 Slice:B Poc:126 I:69   P:1411 SKIP:6680 size=3539 bytes
[out#0/hls @ 0000020054ccdf00] sq: send 1 ts 17.621333
[out#0/hls @ 0000020054ccdf00] sq: receive 1 ts 17.621333 queue head -1 ts N/A
[out#0/hls @ 0000020054ccdf00] sq: send 1 ts 17.642667
[out#0/hls @ 0000020054ccdf00] sq: receive 1 ts 17.642667 queue head -1 ts N/A
[out#0/hls @ 0000020054ccdf00] sq: send 1 ts 17.664
[out#0/hls @ 0000020054ccdf00] sq: receive 1 ts 17.664 queue head -1 ts N/A
[out#0/hls @ 0000020054ccdf00] sq: send 0 ts 16.333333
[out#0/hls @ 0000020054ccdf00] sq: receive 0 ts 16.333333 queue head -1 ts N/A
[out#0/hls @ 0000020054ccdf00] sq: send 1 ts 17.685333
[out#0/hls @ 0000020054ccdf00] sq: receive 1 ts 17.685333 queue head -1 ts N/A
[h264 @ 0000020054d31000] nal_unit_type: 1(Coded slice of a non-IDR picture), nal_ref_idc: 2
[out#0/hls @ 0000020054ccdf00] sq: send 1 ts 17.706667
[out#0/hls @ 0000020054ccdf00] sq: receive 1 ts 17.706667 queue head -1 ts N/A
[out#0/hls @ 0000020054ccdf00] sq: send 1 ts 17.728
[out#0/hls @ 0000020054ccdf00] sq: receive 1 ts 17.728 queue head -1 ts N/A
[out#0/hls @ 0000020054ccdf00] sq: send 0 ts 16.375
[out#0/hls @ 0000020054ccdf00] sq: receive 0 ts 16.375 queue head -1 ts N/A
[libx264 @ 0000020054ca7b00] frame= 315 QP=20.27 NAL=2 Slice:P Poc:136 I:312  P:3081 SKIP:4767 size=21443 bytes
[out#0/hls @ 0000020054ccdf00] sq: send 0 ts 16.416667
[out#0/hls @ 0000020054ccdf00] sq: receive 0 ts 16.416667 queue head -1 ts N/A
[h264 @ 0000020054d316c0] nal_unit_type: 1(Coded slice of a non-IDR picture), nal_ref_idc: 0
[libx264 @ 0000020054ca7b00] frame= 316 QP=25.63 NAL=2 Slice:B Poc:132 I:126  P:1881 SKIP:6153 size=6276 bytes
[out#0/hls @ 0000020054ccdf00] sq: send 1 ts 17.749333
[out#0/hls @ 0000020054ccdf00] sq: receive 1 ts 17.749333 queue head -1 ts N/A
[out#0/hls @ 0000020054ccdf00] sq: send 0 ts 16.458333
[out#0/hls @ 0000020054ccdf00] sq: receive 0 ts 16.458333 queue head -1 ts N/A
[h264 @ 0000020055207440] nal_unit_type: 1(Coded slice of a non-IDR picture), nal_ref_idc: 0
[libx264 @ 0000020054ca7b00] frame= 317 QP=26.15 NAL=0 Slice:B Poc:130 I:88   P:1142 SKIP:6930 size=3376 bytes
[out#0/hls @ 0000020054ccdf00] sq: send 1 ts 17.770667
[out#0/hls @ 0000020054ccdf00] sq: receive 1 ts 17.770667 queue head -1 ts N/A
[out#0/hls @ 0000020054ccdf00] sq: send 1 ts 17.792
[out#0/hls @ 0000020054ccdf00] sq: receive 1 ts 17.792 queue head -1 ts N/A
[out#0/hls @ 0000020054ccdf00] sq: send 0 ts 16.5
[out#0/hls @ 0000020054ccdf00] sq: receive 0 ts 16.5 queue head -1 ts N/A
[h264 @ 0000020054f6de40] nal_unit_type: 1(Coded slice of a non-IDR picture), nal_ref_idc: 2
[libx264 @ 0000020054ca7b00] frame= 318 QP=26.19 NAL=0 Slice:B Poc:134 I:64   P:1106 SKIP:6990 size=3411 bytes
[out#0/hls @ 0000020054ccdf00] sq: send 0 ts 16.541667
[out#0/hls @ 0000020054ccdf00] sq: receive 0 ts 16.541667 queue head -1 ts N/A
[h264 @ 0000020054f6e940] nal_unit_type: 1(Coded slice of a non-IDR picture), nal_ref_idc: 2
[libx264 @ 0000020054ca7b00] frame= 319 QP=20.62 NAL=2 Slice:P Poc:144 I:250  P:2930 SKIP:4980 size=20102 bytes
[out#0/hls @ 0000020054ccdf00] sq: send 0 ts 16.583333
[out#0/hls @ 0000020054ccdf00] sq: receive 0 ts 16.583333 queue head -1 ts N/A
[h264 @ 0000020054cc1180] nal_unit_type: 1(Coded slice of a non-IDR picture), nal_ref_idc: 0
[libx264 @ 0000020054ca7b00] frame= 320 QP=24.95 NAL=2 Slice:B Poc:140 I:37   P:1731 SKIP:6392 size=4333 bytes
[out#0/hls @ 0000020054ccdf00] sq: send 1 ts 17.813333
[out#0/hls @ 0000020054ccdf00] sq: receive 1 ts 17.813333 queue head -1 ts N/A
[out#0/hls @ 0000020054ccdf00] sq: send 1 ts 17.834667
[out#0/hls @ 0000020054ccdf00] sq: receive 1 ts 17.834667 queue head -1 ts N/A
[out#0/hls @ 0000020054ccdf00] sq: send 1 ts 17.856
[out#0/hls @ 0000020054ccdf00] sq: receive 1 ts 17.856 queue head -1 ts N/A
[out#0/hls @ 0000020054ccdf00] sq: send 1 ts 17.877333
[out#0/hls @ 0000020054ccdf00] sq: receive 1 ts 17.877333 queue head -1 ts N/A
[h264 @ 0000020054cc1c80] nal_unit_type: 1(Coded slice of a non-IDR picture), nal_ref_idc: 0
[out#0/hls @ 0000020054ccdf00] sq: send 1 ts 17.898667
[out#0/hls @ 0000020054ccdf00] sq: receive 1 ts 17.898667 queue head -1 ts N/A
[out#0/hls @ 0000020054ccdf00] sq: send 1 ts 17.92
[out#0/hls @ 0000020054ccdf00] sq: receive 1 ts 17.92 queue head -1 ts N/A
[out#0/hls @ 0000020054ccdf00] sq: send 0 ts 16.625
[out#0/hls @ 0000020054ccdf00] sq: receive 0 ts 16.625 queue head -1 ts N/A
[libx264 @ 0000020054ca7b00] frame= 321 QP=26.09 NAL=0 Slice:B Poc:138 I:26   P:1051 SKIP:7083 size=2454 bytes
[out#0/hls @ 0000020054ccdf00] sq: send 1 ts 17.941333
[out#0/hls @ 0000020054ccdf00] sq: receive 1 ts 17.941333 queue head -1 ts N/A
[out#0/hls @ 0000020054ccdf00] sq: send 1 ts 17.962667
[out#0/hls @ 0000020054ccdf00] sq: receive 1 ts 17.962667 queue head -1 ts N/A
[out#0/hls @ 0000020054ccdf00] sq: send 1 ts 17.984
[out#0/hls @ 0000020054ccdf00] sq: receive 1 ts 17.984 queue head -1 ts N/A
[out#0/hls @ 0000020054ccdf00] sq: send 1 ts 18.005333
[out#0/hls @ 0000020054ccdf00] sq: receive 1 ts 18.005333 queue head -1 ts N/A
[out#0/hls @ 0000020054ccdf00] sq: send 0 ts 16.666667
[out#0/hls @ 0000020054ccdf00] sq: receive 0 ts 16.666667 queue head -1 ts N/A
[h264 @ 0000020054e28880] nal_unit_type: 1(Coded slice of a non-IDR picture), nal_ref_idc: 2
[libx264 @ 0000020054ca7b00] frame= 322 QP=27.10 NAL=0 Slice:B Poc:142 I:49   P:960  SKIP:7151 size=2504 bytes
[out#0/hls @ 0000020054ccdf00] sq: send 0 ts 16.708333
[out#0/hls @ 0000020054ccdf00] sq: receive 0 ts 16.708333 queue head -1 ts N/A
[h264 @ 0000020054e29240] nal_unit_type: 1(Coded slice of a non-IDR picture), nal_ref_idc: 2
[libx264 @ 0000020054ca7b00] frame= 323 QP=20.92 NAL=2 Slice:P Poc:152 I:249  P:2726 SKIP:5185 size=19429 bytes
[out#0/hls @ 0000020054ccdf00] sq: send 0 ts 16.75
[out#0/hls @ 0000020054ccdf00] sq: receive 0 ts 16.75 queue head -1 ts N/A
[h264 @ 0000020054f4d980] nal_unit_type: 1(Coded slice of a non-IDR picture), nal_ref_idc: 0
[libx264 @ 0000020054ca7b00] frame= 324 QP=25.88 NAL=2 Slice:B Poc:148 I:33   P:1671 SKIP:6456 size=4344 bytes
[out#0/hls @ 0000020054ccdf00] sq: send 1 ts 18.026667
[out#0/hls @ 0000020054ccdf00] sq: receive 1 ts 18.026667 queue head -1 ts N/A
[out#0/hls @ 0000020054ccdf00] sq: send 1 ts 18.048
[out#0/hls @ 0000020054ccdf00] sq: receive 1 ts 18.048 queue head -1 ts N/A
[out#0/hls @ 0000020054ccdf00] sq: send 1 ts 18.069333
[out#0/hls @ 0000020054ccdf00] sq: receive 1 ts 18.069333 queue head -1 ts N/A
[out#0/hls @ 0000020054ccdf00] sq: send 1 ts 18.090667
[out#0/hls @ 0000020054ccdf00] sq: receive 1 ts 18.090667 queue head -1 ts N/A
[h264 @ 0000020054f4e480] nal_unit_type: 1(Coded slice of a non-IDR picture), nal_ref_idc: 0
[out#0/hls @ 0000020054ccdf00] sq: send 0 ts 16.791667
[out#0/hls @ 0000020054ccdf00] sq: receive 0 ts 16.791667 queue head -1 ts N/A
[libx264 @ 0000020054ca7b00] frame= 325 QP=27.15 NAL=0 Slice:B Poc:146 I:40   P:1018 SKIP:7102 size=2393 bytes
[libx264 @ 0000020054ca7b00] scene cut at 350 Icost:455827 Pcost:445828 ratio:0.0219 bias:0.2009 gop:100 (imb:7770 pmb:18)
[out#0/hls @ 0000020054ccdf00] sq: send 0 ts 16.833333
[out#0/hls @ 0000020054ccdf00] sq: receive 0 ts 16.833333 queue head -1 ts N/A
[h264 @ 0000020054f0edc0] nal_unit_type: 1(Coded slice of a non-IDR picture), nal_ref_idc: 2
[libx264 @ 0000020054ca7b00] frame= 326 QP=26.77 NAL=0 Slice:B Poc:150 I:26   P:827  SKIP:7307 size=2036 bytes
[out#0/hls @ 0000020054ccdf00] sq: send 0 ts 16.875
[out#0/hls @ 0000020054ccdf00] sq: receive 0 ts 16.875 queue head -1 ts N/A
[h264 @ 0000020054f0df00] nal_unit_type: 1(Coded slice of a non-IDR picture), nal_ref_idc: 2
[libx264 @ 0000020054ca7b00] frame= 327 QP=19.78 NAL=2 Slice:P Poc:160 I:300  P:3884 SKIP:3976 size=26925 bytes
[out#0/hls @ 0000020054ccdf00] sq: send 0 ts 16.916667
[out#0/hls @ 0000020054ccdf00] sq: receive 0 ts 16.916667 queue head -1 ts N/A
[h264 @ 0000020054f0f140] nal_unit_type: 1(Coded slice of a non-IDR picture), nal_ref_idc: 0
[libx264 @ 0000020054ca7b00] frame= 328 QP=25.67 NAL=2 Slice:B Poc:156 I:40   P:2503 SKIP:5617 size=6836 bytes
[out#0/hls @ 0000020054ccdf00] sq: send 1 ts 18.112
[out#0/hls @ 0000020054ccdf00] sq: receive 1 ts 18.112 queue head -1 ts N/A
[out#0/hls @ 0000020054ccdf00] sq: send 0 ts 16.958333
[out#0/hls @ 0000020054ccdf00] sq: receive 0 ts 16.958333 queue head -1 ts N/A
[libx264 @ 0000020054ca7b00] frame= 329 QP=26.17 NAL=0 Slice:B Poc:154 I:36   P:1486 SKIP:6638 size=2751 bytes
[out#0/hls @ 0000020054ccdf00] sq: send 0 ts 17
[out#0/hls @ 0000020054ccdf00] sq: receive 0 ts 17 queue head -1 ts N/A
[h264 @ 000002005514e980] nal_unit_type: 1(Coded slice of a non-IDR picture), nal_ref_idc: 0
[h264 @ 0000020054cab3c0] nal_unit_type: 1(Coded slice of a non-IDR picture), nal_ref_idc: 2
[libx264 @ 0000020054ca7b00] frame= 330 QP=26.02 NAL=0 Slice:B Poc:158 I:36   P:1221 SKIP:6903 size=2409 bytes
[out#0/hls @ 0000020054ccdf00] sq: send 1 ts 18.133333
[out#0/hls @ 0000020054ccdf00] sq: receive 1 ts 18.133333 queue head -1 ts N/A
[out#0/hls @ 0000020054ccdf00] sq: send 0 ts 17.041667
[out#0/hls @ 0000020054ccdf00] sq: receive 0 ts 17.041667 queue head -1 ts N/A
[h264 @ 0000020054d31000] nal_unit_type: 1(Coded slice of a non-IDR picture), nal_ref_idc: 2
[libx264 @ 0000020054ca7b00] frame= 331 QP=19.89 NAL=2 Slice:P Poc:168 I:203  P:4343 SKIP:3614 size=24021 bytes
[out#0/hls @ 0000020054ccdf00] sq: send 0 ts 17.083333
[out#0/hls @ 0000020054ccdf00] sq: receive 0 ts 17.083333 queue head -1 ts N/A
[h264 @ 0000020054d316c0] nal_unit_type: 1(Coded slice of a non-IDR picture), nal_ref_idc: 0
[libx264 @ 0000020054ca7b00] frame= 332 QP=25.65 NAL=2 Slice:B Poc:164 I:56   P:2208 SKIP:5896 size=4723 bytes
[out#0/hls @ 0000020054ccdf00] sq: send 1 ts 18.154667
[out#0/hls @ 0000020054ccdf00] sq: receive 1 ts 18.154667 queue head -1 ts N/A
[out#0/hls @ 0000020054ccdf00] sq: send 0 ts 17.125
[out#0/hls @ 0000020054ccdf00] sq: receive 0 ts 17.125 queue head -1 ts N/A
[h264 @ 0000020055207440] nal_unit_type: 1(Coded slice of a non-IDR picture), nal_ref_idc: 0
[libx264 @ 0000020054ca7b00] frame= 333 QP=26.69 NAL=0 Slice:B Poc:162 I:38   P:1212 SKIP:6910 size=2459 bytes
[out#0/hls @ 0000020054ccdf00] sq: send 0 ts 17.166667
[out#0/hls @ 0000020054ccdf00] sq: receive 0 ts 17.166667 queue head -1 ts N/A
[h264 @ 0000020054f6de40] nal_unit_type: 1(Coded slice of a non-IDR picture), nal_ref_idc: 2
[libx264 @ 0000020054ca7b00] frame= 334 QP=27.86 NAL=0 Slice:B Poc:166 I:33   P:1036 SKIP:7091 size=2044 bytes
[out#0/hls @ 0000020054ccdf00] sq: send 0 ts 17.208333
[out#0/hls @ 0000020054ccdf00] sq: receive 0 ts 17.208333 queue head -1 ts N/A
[h264 @ 0000020054f6e940] nal_unit_type: 1(Coded slice of a non-IDR picture), nal_ref_idc: 2
[libx264 @ 0000020054ca7b00] frame= 335 QP=20.48 NAL=2 Slice:P Poc:176 I:210  P:2221 SKIP:5729 size=11951 bytes
[out#0/hls @ 0000020054ccdf00] sq: send 1 ts 18.176
[out#0/hls @ 0000020054ccdf00] sq: receive 1 ts 18.176 queue head -1 ts N/A
[out#0/hls @ 0000020054ccdf00] sq: send 0 ts 17.25
[out#0/hls @ 0000020054ccdf00] sq: receive 0 ts 17.25 queue head -1 ts N/A
[h264 @ 0000020054cc1180] nal_unit_type: 1(Coded slice of a non-IDR picture), nal_ref_idc: 0
[libx264 @ 0000020054ca7b00] frame= 336 QP=25.42 NAL=2 Slice:B Poc:172 I:53   P:1552 SKIP:6555 size=4058 bytes
[out#0/hls @ 0000020054ccdf00] sq: send 1 ts 18.197333
[out#0/hls @ 0000020054ccdf00] sq: receive 1 ts 18.197333 queue head -1 ts N/A
[out#0/hls @ 0000020054ccdf00] sq: send 0 ts 17.291667
[out#0/hls @ 0000020054ccdf00] sq: receive 0 ts 17.291667 queue head -1 ts N/A
[h264 @ 0000020054cc1c80] nal_unit_type: 1(Coded slice of a non-IDR picture), nal_ref_idc: 0
[libx264 @ 0000020054ca7b00] frame= 337 QP=26.87 NAL=0 Slice:B Poc:170 I:29   P:960  SKIP:7171 size=1965 bytes
[out#0/hls @ 0000020054ccdf00] sq: send 1 ts 18.218667
[out#0/hls @ 0000020054ccdf00] sq: receive 1 ts 18.218667 queue head -1 ts N/A
[out#0/hls @ 0000020054ccdf00] sq: send 0 ts 17.333333
[out#0/hls @ 0000020054ccdf00] sq: receive 0 ts 17.333333 queue head -1 ts N/A
[h264 @ 0000020054e28880] nal_unit_type: 1(Coded slice of a non-IDR picture), nal_ref_idc: 2
[libx264 @ 0000020054ca7b00] frame= 338 QP=27.15 NAL=0 Slice:B Poc:174 I:41   P:960  SKIP:7159 size=2204 bytes
[out#0/hls @ 0000020054ccdf00] sq: send 0 ts 17.375
[out#0/hls @ 0000020054ccdf00] sq: receive 0 ts 17.375 queue head -1 ts N/A
[h264 @ 0000020054e29240] nal_unit_type: 1(Coded slice of a non-IDR picture), nal_ref_idc: 2
[libx264 @ 0000020054ca7b00] frame= 339 QP=21.46 NAL=2 Slice:P Poc:184 I:191  P:1575 SKIP:6394 size=8430 bytes
[out#0/hls @ 0000020054ccdf00] sq: send 1 ts 18.24
[out#0/hls @ 0000020054ccdf00] sq: receive 1 ts 18.24 queue head -1 ts N/A
[out#0/hls @ 0000020054ccdf00] sq: send 1 ts 18.261333
[out#0/hls @ 0000020054ccdf00] sq: receive 1 ts 18.261333 queue head -1 ts N/A
[out#0/hls @ 0000020054ccdf00] sq: send 1 ts 18.282667
[out#0/hls @ 0000020054ccdf00] sq: receive 1 ts 18.282667 queue head -1 ts N/A
[out#0/hls @ 0000020054ccdf00] sq: send 1 ts 18.304
[out#0/hls @ 0000020054ccdf00] sq: receive 1 ts 18.304 queue head -1 ts N/A
[out#0/hls @ 0000020054ccdf00] sq: send 1 ts 18.325333
[h264 @ 0000020054f4d980] nal_unit_type: 1(Coded slice of a non-IDR picture), nal_ref_idc: 0
[out#0/hls @ 0000020054ccdf00] sq: receive 1 ts 18.325333 queue head -1 ts N/A
[out#0/hls @ 0000020054ccdf00] sq: send 1 ts 18.346667
[out#0/hls @ 0000020054ccdf00] sq: receive 1 ts 18.346667 queue head -1 ts N/A
[out#0/hls @ 0000020054ccdf00] sq: send 1 ts 18.368
[out#0/hls @ 0000020054ccdf00] sq: receive 1 ts 18.368 queue head -1 ts N/A
[out#0/hls @ 0000020054ccdf00] sq: send 1 ts 18.389333
[out#0/hls @ 0000020054ccdf00] sq: receive 1 ts 18.389333 queue head -1 ts N/A
[out#0/hls @ 0000020054ccdf00] sq: send 1 ts 18.410667
[out#0/hls @ 0000020054ccdf00] sq: receive 1 ts 18.410667 queue head -1 ts N/A
[out#0/hls @ 0000020054ccdf00] sq: send 1 ts 18.432
[out#0/hls @ 0000020054ccdf00] sq: receive 1 ts 18.432 queue head -1 ts N/A
[out#0/hls @ 0000020054ccdf00] sq: send 1 ts 18.453333
[out#0/hls @ 0000020054ccdf00] sq: receive 1 ts 18.453333 queue head -1 ts N/A
[out#0/hls @ 0000020054ccdf00] sq: send 0 ts 17.416667
[out#0/hls @ 0000020054ccdf00] sq: receive 0 ts 17.416667 queue head -1 ts N/A
[libx264 @ 0000020054ca7b00] frame= 340 QP=25.76 NAL=2 Slice:B Poc:180 I:41   P:1268 SKIP:6851 size=3248 bytes
[out#0/hls @ 0000020054ccdf00] sq: send 1 ts 18.474667
[out#0/hls @ 0000020054ccdf00] sq: receive 1 ts 18.474667 queue head -1 ts N/A
[out#0/hls @ 0000020054ccdf00] sq: send 0 ts 17.458333
[out#0/hls @ 0000020054ccdf00] sq: receive 0 ts 17.458333 queue head -1 ts N/A
[h264 @ 0000020054f4e480] nal_unit_type: 1(Coded slice of a non-IDR picture), nal_ref_idc: 0
[libx264 @ 0000020054ca7b00] frame= 341 QP=26.22 NAL=0 Slice:B Poc:178 I:35   P:852  SKIP:7273 size=1575 bytes
[out#0/hls @ 0000020054ccdf00] sq: send 1 ts 18.496
[out#0/hls @ 0000020054ccdf00] sq: receive 1 ts 18.496 queue head -1 ts N/A
[out#0/hls @ 0000020054ccdf00] sq: send 0 ts 17.5
[out#0/hls @ 0000020054ccdf00] sq: receive 0 ts 17.5 queue head -1 ts N/A
[h264 @ 0000020054f0edc0] nal_unit_type: 1(Coded slice of a non-IDR picture), nal_ref_idc: 2
[libx264 @ 0000020054ca7b00] frame= 342 QP=28.38 NAL=0 Slice:B Poc:182 I:33   P:744  SKIP:7383 size=1430 bytes
[out#0/hls @ 0000020054ccdf00] sq: send 1 ts 18.517333
[out#0/hls @ 0000020054ccdf00] sq: receive 1 ts 18.517333 queue head -1 ts N/A
[out#0/hls @ 0000020054ccdf00] sq: send 0 ts 17.541667
[out#0/hls @ 0000020054ccdf00] sq: receive 0 ts 17.541667 queue head -1 ts N/A
[h264 @ 0000020054f0df00] nal_unit_type: 1(Coded slice of a non-IDR picture), nal_ref_idc: 2
[libx264 @ 0000020054ca7b00] frame= 343 QP=23.81 NAL=2 Slice:P Poc:192 I:117  P:1203 SKIP:6840 size=5396 bytes
[out#0/hls @ 0000020054ccdf00] sq: send 1 ts 18.538667
[out#0/hls @ 0000020054ccdf00] sq: receive 1 ts 18.538667 queue head -1 ts N/A
[out#0/hls @ 0000020054ccdf00] sq: send 0 ts 17.583333
[out#0/hls @ 0000020054ccdf00] sq: receive 0 ts 17.583333 queue head -1 ts N/A
[h264 @ 0000020054f0f140] nal_unit_type: 1(Coded slice of a non-IDR picture), nal_ref_idc: 0
[libx264 @ 0000020054ca7b00] frame= 344 QP=27.41 NAL=2 Slice:B Poc:188 I:35   P:1038 SKIP:7087 size=2609 bytes
[out#0/hls @ 0000020054ccdf00] sq: send 1 ts 18.56
[out#0/hls @ 0000020054ccdf00] sq: receive 1 ts 18.56 queue head -1 ts N/A
[out#0/hls @ 0000020054ccdf00] sq: send 0 ts 17.625
[out#0/hls @ 0000020054ccdf00] sq: receive 0 ts 17.625 queue head -1 ts N/A
[h264 @ 000002005514e980] nal_unit_type: 1(Coded slice of a non-IDR picture), nal_ref_idc: 0
[libx264 @ 0000020054ca7b00] frame= 345 QP=27.09 NAL=0 Slice:B Poc:186 I:38   P:532  SKIP:7590 size=1358 bytes
[out#0/hls @ 0000020054ccdf00] sq: send 1 ts 18.581333
[out#0/hls @ 0000020054ccdf00] sq: receive 1 ts 18.581333 queue head -1 ts N/A
[out#0/hls @ 0000020054ccdf00] sq: send 0 ts 17.666667
[out#0/hls @ 0000020054ccdf00] sq: receive 0 ts 17.666667 queue head -1 ts N/A
[h264 @ 0000020054cab3c0] nal_unit_type: 1(Coded slice of a non-IDR picture), nal_ref_idc: 2
[libx264 @ 0000020054ca7b00] frame= 346 QP=25.69 NAL=0 Slice:B Poc:190 I:23   P:488  SKIP:7649 size=989 bytes
[out#0/hls @ 0000020054ccdf00] sq: send 1 ts 18.602667
[out#0/hls @ 0000020054ccdf00] sq: receive 1 ts 18.602667 queue head -1 ts N/A
[out#0/hls @ 0000020054ccdf00] sq: send 0 ts 17.708333
[out#0/hls @ 0000020054ccdf00] sq: receive 0 ts 17.708333 queue head -1 ts N/A
[h264 @ 0000020054d31000] nal_unit_type: 1(Coded slice of a non-IDR picture), nal_ref_idc: 2
[libx264 @ 0000020054ca7b00] frame= 347 QP=26.86 NAL=2 Slice:P Poc:198 I:2212 P:194  SKIP:5754 size=1877 bytes
[out#0/hls @ 0000020054ccdf00] sq: send 0 ts 17.75
[out#0/hls @ 0000020054ccdf00] sq: receive 0 ts 17.75 queue head -1 ts N/A
[h264 @ 0000020054d316c0] nal_unit_type: 1(Coded slice of a non-IDR picture), nal_ref_idc: 0
[libx264 @ 0000020054ca7b00] frame= 348 QP=27.76 NAL=2 Slice:B Poc:194 I:20   P:691  SKIP:7449 size=1746 bytes
[out#0/hls @ 0000020054ccdf00] sq: send 1 ts 18.624
[out#0/hls @ 0000020054ccdf00] sq: receive 1 ts 18.624 queue head -1 ts N/A
[out#0/hls @ 0000020054ccdf00] sq: send 0 ts 17.791667
[out#0/hls @ 0000020054ccdf00] sq: receive 0 ts 17.791667 queue head -1 ts N/A
[h264 @ 0000020055207440] nal_unit_type: 1(Coded slice of a non-IDR picture), nal_ref_idc: 0
[libx264 @ 0000020054ca7b00] frame= 349 QP=29.42 NAL=0 Slice:B Poc:196 I:35   P:719  SKIP:7406 size=1989 bytes
[out#0/hls @ 0000020054ccdf00] sq: send 1 ts 18.645333
[out#0/hls @ 0000020054ccdf00] sq: receive 1 ts 18.645333 queue head -1 ts N/A
[out#0/hls @ 0000020054ccdf00] sq: send 0 ts 17.833333
[out#0/hls @ 0000020054ccdf00] sq: receive 0 ts 17.833333 queue head -1 ts N/A
[h264 @ 0000020054f6de40] nal_unit_type: 1(Coded slice of a non-IDR picture), nal_ref_idc: 2
[libx264 @ 0000020054ca7b00] scene cut at 374 Icost:2046808 Pcost:2046687 ratio:0.0001 bias:0.1000 gop:24 (imb:7777 pmb:11)
[libx264 @ 0000020054ca7b00] frame= 350 QP=13.08 NAL=3 Slice:I Poc:0   I:8160 P:0    SKIP:0    size=4364 bytes
[out#0/hls @ 0000020054ccdf00] sq: send 0 ts 17.875
[out#0/hls @ 0000020054ccdf00] sq: receive 0 ts 17.875 queue head -1 ts N/A
[h264 @ 0000020054f6e940] nal_unit_type: 1(Coded slice of a non-IDR picture), nal_ref_idc: 2
[libx264 @ 0000020054ca7b00] frame= 351 QP=9.00 NAL=2 Slice:P Poc:8   I:0    P:4    SKIP:8156 size=80 bytes
[out#0/hls @ 0000020054ccdf00] sq: send 0 ts 17.916667
[out#0/hls @ 0000020054ccdf00] sq: receive 0 ts 17.916667 queue head -1 ts N/A
[h264 @ 0000020054cc1180] nal_unit_type: 1(Coded slice of a non-IDR picture), nal_ref_idc: 0
[libx264 @ 0000020054ca7b00] frame= 352 QP=12.00 NAL=2 Slice:B Poc:4   I:0    P:0    SKIP:8160 size=68 bytes
[out#0/hls @ 0000020054ccdf00] sq: send 1 ts 18.666667
[out#0/hls @ 0000020054ccdf00] sq: receive 1 ts 18.666667 queue head -1 ts N/A
[out#0/hls @ 0000020054ccdf00] sq: send 0 ts 17.958333
[out#0/hls @ 0000020054ccdf00] sq: receive 0 ts 17.958333 queue head -1 ts N/A
[h264 @ 0000020054cc1c80] nal_unit_type: 1(Coded slice of a non-IDR picture), nal_ref_idc: 0
[libx264 @ 0000020054ca7b00] frame= 353 QP=13.00 NAL=0 Slice:B Poc:2   I:0    P:0    SKIP:8160 size=68 bytes
[out#0/hls @ 0000020054ccdf00] sq: send 1 ts 18.688
[out#0/hls @ 0000020054ccdf00] sq: receive 1 ts 18.688 queue head -1 ts N/A
[out#0/hls @ 0000020054ccdf00] sq: send 0 ts 18
[out#0/hls @ 0000020054ccdf00] sq: receive 0 ts 18 queue head -1 ts N/A
[h264 @ 0000020054e28880] nal_unit_type: 1(Coded slice of a non-IDR picture), nal_ref_idc: 2
[libx264 @ 0000020054ca7b00] frame= 354 QP=13.00 NAL=0 Slice:B Poc:6   I:0    P:0    SKIP:8160 size=68 bytes
[out#0/hls @ 0000020054ccdf00] sq: send 1 ts 18.709333
[out#0/hls @ 0000020054ccdf00] sq: receive 1 ts 18.709333 queue head -1 ts N/A
[out#0/hls @ 0000020054ccdf00] sq: send 1 ts 18.730667
[out#0/hls @ 0000020054ccdf00] sq: receive 1 ts 18.730667 queue head -1 ts N/A
[out#0/hls @ 0000020054ccdf00] sq: send 1 ts 18.752
[out#0/hls @ 0000020054ccdf00] sq: receive 1 ts 18.752 queue head -1 ts N/A
[out#0/hls @ 0000020054ccdf00] sq: send 1 ts 18.773333
[out#0/hls @ 0000020054ccdf00] sq: receive 1 ts 18.773333 queue head -1 ts N/A
[out#0/hls @ 0000020054ccdf00] sq: send 1 ts 18.794667
[out#0/hls @ 0000020054ccdf00] sq: receive 1 ts 18.794667 queue head -1 ts N/A
[out#0/hls @ 0000020054ccdf00] sq: send 1 ts 18.816
[out#0/hls @ 0000020054ccdf00] sq: receive 1 ts 18.816 queue head -1 ts N/A
[out#0/hls @ 0000020054ccdf00] sq: send 1 ts 18.837333
[out#0/hls @ 0000020054ccdf00] sq: receive 1 ts 18.837333 queue head -1 ts N/A
[h264 @ 0000020054e29240] nal_unit_type: 1(Coded slice of a non-IDR picture), nal_ref_idc: 2
[out#0/hls @ 0000020054ccdf00] sq: send 1 ts 18.858667
[out#0/hls @ 0000020054ccdf00] sq: receive 1 ts 18.858667 queue head -1 ts N/A
[out#0/hls @ 0000020054ccdf00] sq: send 1 ts 18.88
[out#0/hls @ 0000020054ccdf00] sq: receive 1 ts 18.88 queue head -1 ts N/A
[out#0/hls @ 0000020054ccdf00] sq: send 1 ts 18.901333
[out#0/hls @ 0000020054ccdf00] sq: receive 1 ts 18.901333 queue head -1 ts N/A
[out#0/hls @ 0000020054ccdf00] sq: send 1 ts 18.922667
[out#0/hls @ 0000020054ccdf00] sq: receive 1 ts 18.922667 queue head -1 ts N/A
[libx264 @ 0000020054ca7b00] frame= 355 QP=9.00 NAL=2 Slice:P Poc:16  I:0    P:0    SKIP:8160 size=77 bytes
[out#0/hls @ 0000020054ccdf00] sq: send 1 ts 18.944
[out#0/hls @ 0000020054ccdf00] sq: receive 1 ts 18.944 queue head -1 ts N/A
[out#0/hls @ 0000020054ccdf00] sq: send 0 ts 18.041667
[out#0/hls @ 0000020054ccdf00] sq: receive 0 ts 18.041667 queue head -1 ts N/A
[out#0/hls @ 0000020054ccdf00] sq: send 1 ts 18.965333
[out#0/hls @ 0000020054ccdf00] sq: receive 1 ts 18.965333 queue head -1 ts N/A
[h264 @ 0000020054f4d980] nal_unit_type: 1(Coded slice of a non-IDR picture), nal_ref_idc: 0
[out#0/hls @ 0000020054ccdf00] sq: send 0 ts 18.083333
[out#0/hls @ 0000020054ccdf00] sq: receive 0 ts 18.083333 queue head -1 ts N/A
frame=  356 fps= 99 q=28.0 size=N/A time=00:00:14.75 bitrate=N/A speed=4.09x    [libx264 @ 0000020054ca7b00] frame= 356 QP=12.00 NAL=2 Slice:B Poc:12  I:0    P:0    SKIP:8160 size=70 bytes
[out#0/hls @ 0000020054ccdf00] sq: send 1 ts 18.986667
[out#0/hls @ 0000020054ccdf00] sq: receive 1 ts 18.986667 queue head -1 ts N/A
[out#0/hls @ 0000020054ccdf00] sq: send 0 ts 18.125
[out#0/hls @ 0000020054ccdf00] sq: receive 0 ts 18.125 queue head -1 ts N/A
[h264 @ 0000020054f4e480] nal_unit_type: 1(Coded slice of a non-IDR picture), nal_ref_idc: 0
[libx264 @ 0000020054ca7b00] frame= 357 QP=13.00 NAL=0 Slice:B Poc:10  I:0    P:0    SKIP:8160 size=68 bytes
[out#0/hls @ 0000020054ccdf00] sq: send 1 ts 19.008
[out#0/hls @ 0000020054ccdf00] sq: receive 1 ts 19.008 queue head -1 ts N/A
[out#0/hls @ 0000020054ccdf00] sq: send 0 ts 18.166667
[out#0/hls @ 0000020054ccdf00] sq: receive 0 ts 18.166667 queue head -1 ts N/A
[h264 @ 0000020054f0edc0] nal_unit_type: 1(Coded slice of a non-IDR picture), nal_ref_idc: 2
[libx264 @ 0000020054ca7b00] frame= 358 QP=13.00 NAL=0 Slice:B Poc:14  I:0    P:0    SKIP:8160 size=68 bytes
[out#0/hls @ 0000020054ccdf00] sq: send 1 ts 19.029333
[out#0/hls @ 0000020054ccdf00] sq: receive 1 ts 19.029333 queue head -1 ts N/A
[out#0/hls @ 0000020054ccdf00] sq: send 0 ts 18.208333
[out#0/hls @ 0000020054ccdf00] sq: receive 0 ts 18.208333 queue head -1 ts N/A
[h264 @ 0000020054f0df00] nal_unit_type: 1(Coded slice of a non-IDR picture), nal_ref_idc: 2
[libx264 @ 0000020054ca7b00] frame= 359 QP=9.00 NAL=2 Slice:P Poc:24  I:0    P:0    SKIP:8160 size=77 bytes
[out#0/hls @ 0000020054ccdf00] sq: send 0 ts 18.25
[out#0/hls @ 0000020054ccdf00] sq: receive 0 ts 18.25 queue head -1 ts N/A
[h264 @ 0000020054f0f140] nal_unit_type: 1(Coded slice of a non-IDR picture), nal_ref_idc: 0
[libx264 @ 0000020054ca7b00] frame= 360 QP=12.00 NAL=2 Slice:B Poc:20  I:0    P:0    SKIP:8160 size=70 bytes
[out#0/hls @ 0000020054ccdf00] sq: send 1 ts 19.050667
[out#0/hls @ 0000020054ccdf00] sq: receive 1 ts 19.050667 queue head -1 ts N/A
[out#0/hls @ 0000020054ccdf00] sq: send 0 ts 18.291667
[out#0/hls @ 0000020054ccdf00] sq: receive 0 ts 18.291667 queue head -1 ts N/A
[h264 @ 000002005514e980] nal_unit_type: 1(Coded slice of a non-IDR picture), nal_ref_idc: 0
[libx264 @ 0000020054ca7b00] frame= 361 QP=13.00 NAL=0 Slice:B Poc:18  I:0    P:0    SKIP:8160 size=68 bytes
[out#0/hls @ 0000020054ccdf00] sq: send 1 ts 19.072
[out#0/hls @ 0000020054ccdf00] sq: receive 1 ts 19.072 queue head -1 ts N/A
[out#0/hls @ 0000020054ccdf00] sq: send 1 ts 19.093333
[out#0/hls @ 0000020054ccdf00] sq: receive 1 ts 19.093333 queue head -1 ts N/A
[out#0/hls @ 0000020054ccdf00] sq: send 1 ts 19.114667
[out#0/hls @ 0000020054ccdf00] sq: receive 1 ts 19.114667 queue head -1 ts N/A
[out#0/hls @ 0000020054ccdf00] sq: send 1 ts 19.136
[out#0/hls @ 0000020054ccdf00] sq: receive 1 ts 19.136 queue head -1 ts N/A
[out#0/hls @ 0000020054ccdf00] sq: send 1 ts 19.157333
[out#0/hls @ 0000020054ccdf00] sq: receive 1 ts 19.157333 queue head -1 ts N/A
[out#0/hls @ 0000020054ccdf00] sq: send 1 ts 19.178667
[out#0/hls @ 0000020054ccdf00] sq: receive 1 ts 19.178667 queue head -1 ts N/A
[out#0/hls @ 0000020054ccdf00] sq: send 1 ts 19.2
[out#0/hls @ 0000020054ccdf00] sq: receive 1 ts 19.2 queue head -1 ts N/A
[out#0/hls @ 0000020054ccdf00] sq: send 1 ts 19.221333
[out#0/hls @ 0000020054ccdf00] sq: receive 1 ts 19.221333 queue head -1 ts N/A
[out#0/hls @ 0000020054ccdf00] sq: send 1 ts 19.242667
[out#0/hls @ 0000020054ccdf00] sq: receive 1 ts 19.242667 queue head -1 ts N/A
[out#0/hls @ 0000020054ccdf00] sq: send 1 ts 19.264
[out#0/hls @ 0000020054ccdf00] sq: receive 1 ts 19.264 queue head -1 ts N/A
[h264 @ 0000020054cab3c0] nal_unit_type: 1(Coded slice of a non-IDR picture), nal_ref_idc: 2
[out#0/hls @ 0000020054ccdf00] sq: send 0 ts 18.333333
[out#0/hls @ 0000020054ccdf00] sq: receive 0 ts 18.333333 queue head -1 ts N/A
[libx264 @ 0000020054ca7b00] frame= 362 QP=13.00 NAL=0 Slice:B Poc:22  I:0    P:0    SKIP:8160 size=68 bytes
[out#0/hls @ 0000020054ccdf00] sq: send 1 ts 19.285333
[out#0/hls @ 0000020054ccdf00] sq: receive 1 ts 19.285333 queue head -1 ts N/A
[out#0/hls @ 0000020054ccdf00] sq: send 1 ts 19.306667
[out#0/hls @ 0000020054ccdf00] sq: receive 1 ts 19.306667 queue head -1 ts N/A
[out#0/hls @ 0000020054ccdf00] sq: send 1 ts 19.328
[out#0/hls @ 0000020054ccdf00] sq: receive 1 ts 19.328 queue head -1 ts N/A
[out#0/hls @ 0000020054ccdf00] sq: send 1 ts 19.349333
[out#0/hls @ 0000020054ccdf00] sq: receive 1 ts 19.349333 queue head -1 ts N/A
[out#0/hls @ 0000020054ccdf00] sq: send 1 ts 19.370667
[out#0/hls @ 0000020054ccdf00] sq: receive 1 ts 19.370667 queue head -1 ts N/A
[out#0/hls @ 0000020054ccdf00] sq: send 1 ts 19.392
[out#0/hls @ 0000020054ccdf00] sq: receive 1 ts 19.392 queue head -1 ts N/A
[out#0/hls @ 0000020054ccdf00] sq: send 1 ts 19.413333
[out#0/hls @ 0000020054ccdf00] sq: receive 1 ts 19.413333 queue head -1 ts N/A
[out#0/hls @ 0000020054ccdf00] sq: send 1 ts 19.434667
[out#0/hls @ 0000020054ccdf00] sq: receive 1 ts 19.434667 queue head -1 ts N/A
[out#0/hls @ 0000020054ccdf00] sq: send 1 ts 19.456
[out#0/hls @ 0000020054ccdf00] sq: receive 1 ts 19.456 queue head -1 ts N/A
[out#0/hls @ 0000020054ccdf00] sq: send 1 ts 19.477333
[out#0/hls @ 0000020054ccdf00] sq: receive 1 ts 19.477333 queue head -1 ts N/A
[h264 @ 0000020054d31000] nal_unit_type: 1(Coded slice of a non-IDR picture), nal_ref_idc: 2
[out#0/hls @ 0000020054ccdf00] sq: send 0 ts 18.375
[out#0/hls @ 0000020054ccdf00] sq: receive 0 ts 18.375 queue head -1 ts N/A
[libx264 @ 0000020054ca7b00] frame= 363 QP=10.00 NAL=2 Slice:P Poc:32  I:0    P:0    SKIP:8160 size=77 bytes
[out#0/hls @ 0000020054ccdf00] sq: send 1 ts 19.498667
[out#0/hls @ 0000020054ccdf00] sq: receive 1 ts 19.498667 queue head -1 ts N/A
[out#0/hls @ 0000020054ccdf00] sq: send 0 ts 18.416667
[out#0/hls @ 0000020054ccdf00] sq: receive 0 ts 18.416667 queue head -1 ts N/A
[h264 @ 0000020054d316c0] nal_unit_type: 1(Coded slice of a non-IDR picture), nal_ref_idc: 0
[libx264 @ 0000020054ca7b00] frame= 364 QP=12.00 NAL=2 Slice:B Poc:28  I:0    P:0    SKIP:8160 size=70 bytes
[out#0/hls @ 0000020054ccdf00] sq: send 1 ts 19.52
[out#0/hls @ 0000020054ccdf00] sq: receive 1 ts 19.52 queue head -1 ts N/A
[out#0/hls @ 0000020054ccdf00] sq: send 1 ts 19.541333
[out#0/hls @ 0000020054ccdf00] sq: receive 1 ts 19.541333 queue head -1 ts N/A
[out#0/hls @ 0000020054ccdf00] sq: send 1 ts 19.562667
[out#0/hls @ 0000020054ccdf00] sq: receive 1 ts 19.562667 queue head -1 ts N/A
[out#0/hls @ 0000020054ccdf00] sq: send 0 ts 18.458333
[h264 @ 0000020055207440] nal_unit_type: 1(Coded slice of a non-IDR picture), nal_ref_idc: 0
[out#0/hls @ 0000020054ccdf00] sq: receive 0 ts 18.458333 queue head -1 ts N/A
[libx264 @ 0000020054ca7b00] frame= 365 QP=13.00 NAL=0 Slice:B Poc:26  I:0    P:0    SKIP:8160 size=68 bytes
[out#0/hls @ 0000020054ccdf00] sq: send 0 ts 18.5
[out#0/hls @ 0000020054ccdf00] sq: receive 0 ts 18.5 queue head -1 ts N/A
[h264 @ 0000020054f6de40] nal_unit_type: 1(Coded slice of a non-IDR picture), nal_ref_idc: 2
[libx264 @ 0000020054ca7b00] frame= 366 QP=13.00 NAL=0 Slice:B Poc:30  I:0    P:0    SKIP:8160 size=68 bytes
[out#0/hls @ 0000020054ccdf00] sq: send 1 ts 19.584
[out#0/hls @ 0000020054ccdf00] sq: receive 1 ts 19.584 queue head -1 ts N/A
[out#0/hls @ 0000020054ccdf00] sq: send 0 ts 18.541667
[out#0/hls @ 0000020054ccdf00] sq: receive 0 ts 18.541667 queue head -1 ts N/A
[h264 @ 0000020054f6e940] nal_unit_type: 1(Coded slice of a non-IDR picture), nal_ref_idc: 2
[libx264 @ 0000020054ca7b00] frame= 367 QP=11.00 NAL=2 Slice:P Poc:40  I:0    P:0    SKIP:8160 size=77 bytes
[out#0/hls @ 0000020054ccdf00] sq: send 1 ts 19.605333
[out#0/hls @ 0000020054ccdf00] sq: receive 1 ts 19.605333 queue head -1 ts N/A
[out#0/hls @ 0000020054ccdf00] sq: send 1 ts 19.626667
[out#0/hls @ 0000020054ccdf00] sq: receive 1 ts 19.626667 queue head -1 ts N/A
[out#0/hls @ 0000020054ccdf00] sq: send 1 ts 19.648
[out#0/hls @ 0000020054ccdf00] sq: receive 1 ts 19.648 queue head -1 ts N/A
[out#0/hls @ 0000020054ccdf00] sq: send 1 ts 19.669333
[out#0/hls @ 0000020054ccdf00] sq: receive 1 ts 19.669333 queue head -1 ts N/A
[h264 @ 0000020054cc1180] nal_unit_type: 1(Coded slice of a non-IDR picture), nal_ref_idc: 0
[out#0/hls @ 0000020054ccdf00] sq: send 1 ts 19.690667
[out#0/hls @ 0000020054ccdf00] sq: receive 1 ts 19.690667 queue head -1 ts N/A
[out#0/hls @ 0000020054ccdf00] sq: send 1 ts 19.712
[out#0/hls @ 0000020054ccdf00] sq: receive 1 ts 19.712 queue head -1 ts N/A
[out#0/hls @ 0000020054ccdf00] sq: send 1 ts 19.733333
[out#0/hls @ 0000020054ccdf00] sq: receive 1 ts 19.733333 queue head -1 ts N/A
[out#0/hls @ 0000020054ccdf00] sq: send 1 ts 19.754667
[out#0/hls @ 0000020054ccdf00] sq: receive 1 ts 19.754667 queue head -1 ts N/A
[out#0/hls @ 0000020054ccdf00] sq: send 1 ts 19.776
[out#0/hls @ 0000020054ccdf00] sq: receive 1 ts 19.776 queue head -1 ts N/A
[out#0/hls @ 0000020054ccdf00] sq: send 1 ts 19.797333
[out#0/hls @ 0000020054ccdf00] sq: receive 1 ts 19.797333 queue head -1 ts N/A
[out#0/hls @ 0000020054ccdf00] sq: send 0 ts 18.583333
[out#0/hls @ 0000020054ccdf00] sq: receive 0 ts 18.583333 queue head -1 ts N/A
[libx264 @ 0000020054ca7b00] frame= 368 QP=12.00 NAL=2 Slice:B Poc:36  I:0    P:0    SKIP:8160 size=70 bytes
[out#0/hls @ 0000020054ccdf00] sq: send 1 ts 19.818667
[out#0/hls @ 0000020054ccdf00] sq: receive 1 ts 19.818667 queue head -1 ts N/A
[out#0/hls @ 0000020054ccdf00] sq: send 0 ts 18.625
[out#0/hls @ 0000020054ccdf00] sq: receive 0 ts 18.625 queue head -1 ts N/A
[h264 @ 0000020054cc1c80] nal_unit_type: 1(Coded slice of a non-IDR picture), nal_ref_idc: 0
[libx264 @ 0000020054ca7b00] frame= 369 QP=13.00 NAL=0 Slice:B Poc:34  I:0    P:0    SKIP:8160 size=68 bytes
[out#0/hls @ 0000020054ccdf00] sq: send 1 ts 19.84
[out#0/hls @ 0000020054ccdf00] sq: receive 1 ts 19.84 queue head -1 ts N/A
[out#0/hls @ 0000020054ccdf00] sq: send 1 ts 19.861333
[out#0/hls @ 0000020054ccdf00] sq: receive 1 ts 19.861333 queue head -1 ts N/A
[out#0/hls @ 0000020054ccdf00] sq: send 0 ts 18.666667
[out#0/hls @ 0000020054ccdf00] sq: receive 0 ts 18.666667 queue head -1 ts N/A
[h264 @ 0000020054e28880] nal_unit_type: 1(Coded slice of a non-IDR picture), nal_ref_idc: 2
[libx264 @ 0000020054ca7b00] frame= 370 QP=13.00 NAL=0 Slice:B Poc:38  I:0    P:0    SKIP:8160 size=68 bytes
[out#0/hls @ 0000020054ccdf00] sq: send 1 ts 19.882667
[out#0/hls @ 0000020054ccdf00] sq: receive 1 ts 19.882667 queue head -1 ts N/A
[out#0/hls @ 0000020054ccdf00] sq: send 0 ts 18.708333
[out#0/hls @ 0000020054ccdf00] sq: receive 0 ts 18.708333 queue head -1 ts N/A
[h264 @ 0000020054e29240] nal_unit_type: 1(Coded slice of a non-IDR picture), nal_ref_idc: 2
[libx264 @ 0000020054ca7b00] frame= 371 QP=13.00 NAL=2 Slice:P Poc:46  I:0    P:0    SKIP:8160 size=76 bytes
[out#0/hls @ 0000020054ccdf00] sq: send 0 ts 18.75
[out#0/hls @ 0000020054ccdf00] sq: receive 0 ts 18.75 queue head -1 ts N/A
[h264 @ 0000020054f4d980] nal_unit_type: 1(Coded slice of a non-IDR picture), nal_ref_idc: 0
[libx264 @ 0000020054ca7b00] frame= 372 QP=13.00 NAL=2 Slice:B Poc:42  I:0    P:0    SKIP:8160 size=70 bytes
[out#0/hls @ 0000020054ccdf00] sq: send 1 ts 19.904
[out#0/hls @ 0000020054ccdf00] sq: receive 1 ts 19.904 queue head -1 ts N/A
[out#0/hls @ 0000020054ccdf00] sq: send 1 ts 19.925333
[out#0/hls @ 0000020054ccdf00] sq: receive 1 ts 19.925333 queue head -1 ts N/A
[out#0/hls @ 0000020054ccdf00] sq: send 1 ts 19.946667
[out#0/hls @ 0000020054ccdf00] sq: receive 1 ts 19.946667 queue head -1 ts N/A
[out#0/hls @ 0000020054ccdf00] sq: send 1 ts 19.968
[out#0/hls @ 0000020054ccdf00] sq: receive 1 ts 19.968 queue head -1 ts N/A
[out#0/hls @ 0000020054ccdf00] sq: send 1 ts 19.989333
[out#0/hls @ 0000020054ccdf00] sq: receive 1 ts 19.989333 queue head -1 ts N/A
[out#0/hls @ 0000020054ccdf00] sq: send 1 ts 20.010667
[out#0/hls @ 0000020054ccdf00] sq: receive 1 ts 20.010667 queue head -1 ts N/A
[out#0/hls @ 0000020054ccdf00] sq: send 1 ts 20.032
[out#0/hls @ 0000020054ccdf00] sq: receive 1 ts 20.032 queue head -1 ts N/A
[out#0/hls @ 0000020054ccdf00] sq: send 1 ts 20.053333
[out#0/hls @ 0000020054ccdf00] sq: receive 1 ts 20.053333 queue head -1 ts N/A
[out#0/hls @ 0000020054ccdf00] sq: send 1 ts 20.074667
[out#0/hls @ 0000020054ccdf00] sq: receive 1 ts 20.074667 queue head -1 ts N/A
[out#0/hls @ 0000020054ccdf00] sq: send 1 ts 20.096
[out#0/hls @ 0000020054ccdf00] sq: receive 1 ts 20.096 queue head -1 ts N/A
[h264 @ 0000020054f4e480] nal_unit_type: 1(Coded slice of a non-IDR picture), nal_ref_idc: 0
[out#0/hls @ 0000020054ccdf00] sq: send 0 ts 18.791667
[out#0/hls @ 0000020054ccdf00] sq: receive 0 ts 18.791667 queue head -1 ts N/A
[libx264 @ 0000020054ca7b00] frame= 373 QP=13.00 NAL=0 Slice:B Poc:44  I:0    P:0    SKIP:8160 size=68 bytes
[out#0/hls @ 0000020054ccdf00] sq: send 1 ts 20.117333
[out#0/hls @ 0000020054ccdf00] sq: receive 1 ts 20.117333 queue head -1 ts N/A
[out#0/hls @ 0000020054ccdf00] sq: send 1 ts 20.138667
[out#0/hls @ 0000020054ccdf00] sq: receive 1 ts 20.138667 queue head -1 ts N/A
[out#0/hls @ 0000020054ccdf00] sq: send 0 ts 18.833333
[h264 @ 0000020054f0edc0] nal_unit_type: 1(Coded slice of a non-IDR picture), nal_ref_idc: 2
[out#0/hls @ 0000020054ccdf00] sq: receive 0 ts 18.833333 queue head -1 ts N/A
[libx264 @ 0000020054ca7b00] frame= 374 QP=18.11 NAL=3 Slice:I Poc:0   I:8160 P:0    SKIP:0    size=137100 bytes
[out#0/hls @ 0000020054ccdf00] sq: send 0 ts 18.875
[out#0/hls @ 0000020054ccdf00] sq: receive 0 ts 18.875 queue head -1 ts N/A
[h264 @ 0000020054f0df00] nal_unit_type: 1(Coded slice of a non-IDR picture), nal_ref_idc: 2
[libx264 @ 0000020054ca7b00] frame= 375 QP=21.41 NAL=2 Slice:P Poc:4   I:737  P:3377 SKIP:4046 size=16521 bytes
[out#0/hls @ 0000020054ccdf00] sq: send 1 ts 20.16
[out#0/hls @ 0000020054ccdf00] sq: receive 1 ts 20.16 queue head -1 ts N/A
[out#0/hls @ 0000020054ccdf00] sq: send 0 ts 18.916667
[out#0/hls @ 0000020054ccdf00] sq: receive 0 ts 18.916667 queue head -1 ts N/A
[h264 @ 0000020054f0f140] nal_unit_type: 1(Coded slice of a non-IDR picture), nal_ref_idc: 0
[libx264 @ 0000020054ca7b00] frame= 376 QP=27.36 NAL=0 Slice:B Poc:2   I:46   P:2335 SKIP:5779 size=4631 bytes
[out#0/hls @ 0000020054ccdf00] sq: send 1 ts 20.181333
[out#0/hls @ 0000020054ccdf00] sq: receive 1 ts 20.181333 queue head -1 ts N/A
[out#0/hls @ 0000020054ccdf00] sq: send 1 ts 20.202667
[out#0/hls @ 0000020054ccdf00] sq: receive 1 ts 20.202667 queue head -1 ts N/A
[out#0/hls @ 0000020054ccdf00] sq: send 1 ts 20.224
[out#0/hls @ 0000020054ccdf00] sq: receive 1 ts 20.224 queue head -1 ts N/A
[out#0/hls @ 0000020054ccdf00] sq: send 1 ts 20.245333
[out#0/hls @ 0000020054ccdf00] sq: receive 1 ts 20.245333 queue head -1 ts N/A
[out#0/hls @ 0000020054ccdf00] sq: send 1 ts 20.266667
[out#0/hls @ 0000020054ccdf00] sq: receive 1 ts 20.266667 queue head -1 ts N/A
[h264 @ 000002005514e980] nal_unit_type: 1(Coded slice of a non-IDR picture), nal_ref_idc: 0
[out#0/hls @ 0000020054ccdf00] sq: send 1 ts 20.288
[out#0/hls @ 0000020054ccdf00] sq: receive 1 ts 20.288 queue head -1 ts N/A
[out#0/hls @ 0000020054ccdf00] sq: send 1 ts 20.309333
[out#0/hls @ 0000020054ccdf00] sq: receive 1 ts 20.309333 queue head -1 ts N/A
[out#0/hls @ 0000020054ccdf00] sq: send 0 ts 18.958333
[out#0/hls @ 0000020054ccdf00] sq: receive 0 ts 18.958333 queue head -1 ts N/A
[libx264 @ 0000020054ca7b00] frame= 377 QP=21.53 NAL=2 Slice:P Poc:8   I:804  P:5028 SKIP:2328 size=20147 bytes
[out#0/hls @ 0000020054ccdf00] sq: send 0 ts 19
[out#0/hls @ 0000020054ccdf00] sq: receive 0 ts 19 queue head -1 ts N/A
[h264 @ 0000020054cab3c0] nal_unit_type: 1(Coded slice of a non-IDR picture), nal_ref_idc: 2
[libx264 @ 0000020054ca7b00] frame= 378 QP=26.57 NAL=0 Slice:B Poc:6   I:74   P:2423 SKIP:5663 size=5360 bytes
[out#0/hls @ 0000020054ccdf00] sq: send 0 ts 19.041667
[out#0/hls @ 0000020054ccdf00] sq: receive 0 ts 19.041667 queue head -1 ts N/A
[h264 @ 0000020054d31000] nal_unit_type: 1(Coded slice of a non-IDR picture), nal_ref_idc: 2
[libx264 @ 0000020054ca7b00] frame= 379 QP=21.25 NAL=2 Slice:P Poc:12  I:824  P:4936 SKIP:2400 size=23283 bytes
[out#0/hls @ 0000020054ccdf00] sq: send 1 ts 20.330667
[out#0/hls @ 0000020054ccdf00] sq: receive 1 ts 20.330667 queue head -1 ts N/A
[out#0/hls @ 0000020054ccdf00] sq: send 1 ts 20.352
[out#0/hls @ 0000020054ccdf00] sq: receive 1 ts 20.352 queue head -1 ts N/A
[out#0/hls @ 0000020054ccdf00] sq: send 1 ts 20.373333
[out#0/hls @ 0000020054ccdf00] sq: receive 1 ts 20.373333 queue head -1 ts N/A
[out#0/hls @ 0000020054ccdf00] sq: send 1 ts 20.394667
[out#0/hls @ 0000020054ccdf00] sq: receive 1 ts 20.394667 queue head -1 ts N/A
[h264 @ 0000020054d316c0] nal_unit_type: 1(Coded slice of a non-IDR picture), nal_ref_idc: 0
[out#0/hls @ 0000020054ccdf00] sq: send 1 ts 20.416
[out#0/hls @ 0000020054ccdf00] sq: receive 1 ts 20.416 queue head -1 ts N/A
[out#0/hls @ 0000020054ccdf00] sq: send 1 ts 20.437333
[out#0/hls @ 0000020054ccdf00] sq: receive 1 ts 20.437333 queue head -1 ts N/A
[out#0/hls @ 0000020054ccdf00] sq: send 0 ts 19.083333
[out#0/hls @ 0000020054ccdf00] sq: receive 0 ts 19.083333 queue head -1 ts N/A
[libx264 @ 0000020054ca7b00] frame= 380 QP=26.41 NAL=0 Slice:B Poc:10  I:63   P:2485 SKIP:5612 size=5711 bytes
[out#0/hls @ 0000020054ccdf00] sq: send 0 ts 19.125
[out#0/hls @ 0000020054ccdf00] sq: receive 0 ts 19.125 queue head -1 ts N/A
[h264 @ 0000020055207440] nal_unit_type: 1(Coded slice of a non-IDR picture), nal_ref_idc: 0
[libx264 @ 0000020054ca7b00] frame= 381 QP=21.34 NAL=2 Slice:P Poc:16  I:531  P:5799 SKIP:1830 size=23190 bytes
[out#0/hls @ 0000020054ccdf00] sq: send 0 ts 19.166667
[out#0/hls @ 0000020054ccdf00] sq: receive 0 ts 19.166667 queue head -1 ts N/A
[h264 @ 0000020054f6de40] nal_unit_type: 1(Coded slice of a non-IDR picture), nal_ref_idc: 2
[libx264 @ 0000020054ca7b00] frame= 382 QP=26.44 NAL=0 Slice:B Poc:14  I:56   P:2576 SKIP:5528 size=5416 bytes
[out#0/hls @ 0000020054ccdf00] sq: send 0 ts 19.208333
[out#0/hls @ 0000020054ccdf00] sq: receive 0 ts 19.208333 queue head -1 ts N/A
[h264 @ 0000020054f6e940] nal_unit_type: 1(Coded slice of a non-IDR picture), nal_ref_idc: 2
[libx264 @ 0000020054ca7b00] frame= 383 QP=21.33 NAL=2 Slice:P Poc:20  I:423  P:5469 SKIP:2268 size=22644 bytes
[out#0/hls @ 0000020054ccdf00] sq: send 1 ts 20.458667
[out#0/hls @ 0000020054ccdf00] sq: receive 1 ts 20.458667 queue head -1 ts N/A
[out#0/hls @ 0000020054ccdf00] sq: send 0 ts 19.25
[out#0/hls @ 0000020054ccdf00] sq: receive 0 ts 19.25 queue head -1 ts N/A
[h264 @ 0000020054cc1180] nal_unit_type: 1(Coded slice of a non-IDR picture), nal_ref_idc: 0
[libx264 @ 0000020054ca7b00] frame= 384 QP=26.41 NAL=0 Slice:B Poc:18  I:63   P:2672 SKIP:5425 size=5601 bytes
[out#0/hls @ 0000020054ccdf00] sq: send 1 ts 20.48
[out#0/hls @ 0000020054ccdf00] sq: receive 1 ts 20.48 queue head -1 ts N/A
[out#0/hls @ 0000020054ccdf00] sq: send 1 ts 20.501333
[out#0/hls @ 0000020054ccdf00] sq: receive 1 ts 20.501333 queue head -1 ts N/A
[out#0/hls @ 0000020054ccdf00] sq: send 1 ts 20.522667
[out#0/hls @ 0000020054ccdf00] sq: receive 1 ts 20.522667 queue head -1 ts N/A
[out#0/hls @ 0000020054ccdf00] sq: send 1 ts 20.544
[out#0/hls @ 0000020054ccdf00] sq: receive 1 ts 20.544 queue head -1 ts N/A
[out#0/hls @ 0000020054ccdf00] sq: send 1 ts 20.565333
[out#0/hls @ 0000020054ccdf00] sq: receive 1 ts 20.565333 queue head -1 ts N/A
[out#0/hls @ 0000020054ccdf00] sq: send 1 ts 20.586667
[out#0/hls @ 0000020054ccdf00] sq: receive 1 ts 20.586667 queue head -1 ts N/A
[out#0/hls @ 0000020054ccdf00] sq: send 1 ts 20.608
[out#0/hls @ 0000020054ccdf00] sq: receive 1 ts 20.608 queue head -1 ts N/A
[h264 @ 0000020054cc1c80] nal_unit_type: 1(Coded slice of a non-IDR picture), nal_ref_idc: 0
[out#0/hls @ 0000020054ccdf00] sq: send 1 ts 20.629333
[out#0/hls @ 0000020054ccdf00] sq: receive 1 ts 20.629333 queue head -1 ts N/A
[out#0/hls @ 0000020054ccdf00] sq: send 0 ts 19.291667
[out#0/hls @ 0000020054ccdf00] sq: receive 0 ts 19.291667 queue head -1 ts N/A
[libx264 @ 0000020054ca7b00] frame= 385 QP=21.25 NAL=2 Slice:P Poc:24  I:489  P:5819 SKIP:1852 size=25458 bytes
[out#0/hls @ 0000020054ccdf00] sq: send 0 ts 19.333333
[out#0/hls @ 0000020054ccdf00] sq: receive 0 ts 19.333333 queue head -1 ts N/A
[h264 @ 0000020054e28880] nal_unit_type: 1(Coded slice of a non-IDR picture), nal_ref_idc: 2
[libx264 @ 0000020054ca7b00] frame= 386 QP=25.64 NAL=0 Slice:B Poc:22  I:48   P:3011 SKIP:5101 size=6263 bytes
[out#0/hls @ 0000020054ccdf00] sq: send 1 ts 20.650667
[out#0/hls @ 0000020054ccdf00] sq: receive 1 ts 20.650667 queue head -1 ts N/A
[out#0/hls @ 0000020054ccdf00] sq: send 1 ts 20.672
[out#0/hls @ 0000020054ccdf00] sq: receive 1 ts 20.672 queue head -1 ts N/A
[out#0/hls @ 0000020054ccdf00] sq: send 1 ts 20.693333
[out#0/hls @ 0000020054ccdf00] sq: receive 1 ts 20.693333 queue head -1 ts N/A
[out#0/hls @ 0000020054ccdf00] sq: send 1 ts 20.714667
[h264 @ 0000020054e29240] nal_unit_type: 1(Coded slice of a non-IDR picture), nal_ref_idc: 2
[out#0/hls @ 0000020054ccdf00] sq: receive 1 ts 20.714667 queue head -1 ts N/A
[out#0/hls @ 0000020054ccdf00] sq: send 0 ts 19.375
[out#0/hls @ 0000020054ccdf00] sq: receive 0 ts 19.375 queue head -1 ts N/A
[libx264 @ 0000020054ca7b00] frame= 387 QP=21.13 NAL=2 Slice:P Poc:28  I:326  P:5693 SKIP:2141 size=22449 bytes
[out#0/hls @ 0000020054ccdf00] sq: send 0 ts 19.416667
[out#0/hls @ 0000020054ccdf00] sq: receive 0 ts 19.416667 queue head -1 ts N/A
[h264 @ 0000020054f4d980] nal_unit_type: 1(Coded slice of a non-IDR picture), nal_ref_idc: 0
[libx264 @ 0000020054ca7b00] frame= 388 QP=25.83 NAL=0 Slice:B Poc:26  I:33   P:2665 SKIP:5462 size=5009 bytes
[out#0/hls @ 0000020054ccdf00] sq: send 1 ts 20.736
[out#0/hls @ 0000020054ccdf00] sq: receive 1 ts 20.736 queue head -1 ts N/A
[out#0/hls @ 0000020054ccdf00] sq: send 1 ts 20.757333
[out#0/hls @ 0000020054ccdf00] sq: receive 1 ts 20.757333 queue head -1 ts N/A
[h264 @ 0000020054f4e480] nal_unit_type: 1(Coded slice of a non-IDR picture), nal_ref_idc: 0
[out#0/hls @ 0000020054ccdf00] sq: send 0 ts 19.458333
[out#0/hls @ 0000020054ccdf00] sq: receive 0 ts 19.458333 queue head -1 ts N/A
[libx264 @ 0000020054ca7b00] frame= 389 QP=21.10 NAL=2 Slice:P Poc:32  I:439  P:6419 SKIP:1302 size=27188 bytes
[out#0/hls @ 0000020054ccdf00] sq: send 1 ts 20.778667
[out#0/hls @ 0000020054ccdf00] sq: receive 1 ts 20.778667 queue head -1 ts N/A
[out#0/hls @ 0000020054ccdf00] sq: send 0 ts 19.5
[out#0/hls @ 0000020054ccdf00] sq: receive 0 ts 19.5 queue head -1 ts N/A
[h264 @ 0000020054f0edc0] nal_unit_type: 1(Coded slice of a non-IDR picture), nal_ref_idc: 2
[libx264 @ 0000020054ca7b00] frame= 390 QP=25.73 NAL=0 Slice:B Poc:30  I:30   P:2897 SKIP:5233 size=5702 bytes
[out#0/hls @ 0000020054ccdf00] sq: send 1 ts 20.8
[out#0/hls @ 0000020054ccdf00] sq: receive 1 ts 20.8 queue head -1 ts N/A
[out#0/hls @ 0000020054ccdf00] sq: send 0 ts 19.541667
[out#0/hls @ 0000020054ccdf00] sq: receive 0 ts 19.541667 queue head -1 ts N/A
[h264 @ 0000020054f0df00] nal_unit_type: 1(Coded slice of a non-IDR picture), nal_ref_idc: 2
[libx264 @ 0000020054ca7b00] frame= 391 QP=21.28 NAL=2 Slice:P Poc:38  I:900  P:5672 SKIP:1588 size=29500 bytes
[out#0/hls @ 0000020054ccdf00] sq: send 1 ts 20.821333
[out#0/hls @ 0000020054ccdf00] sq: receive 1 ts 20.821333 queue head -1 ts N/A
[out#0/hls @ 0000020054ccdf00] sq: send 0 ts 19.583333
[out#0/hls @ 0000020054ccdf00] sq: receive 0 ts 19.583333 queue head -1 ts N/A
[h264 @ 0000020054f0f140] nal_unit_type: 1(Coded slice of a non-IDR picture), nal_ref_idc: 0
[libx264 @ 0000020054ca7b00] frame= 392 QP=24.81 NAL=2 Slice:B Poc:34  I:115  P:2921 SKIP:5124 size=7227 bytes
[out#0/hls @ 0000020054ccdf00] sq: send 0 ts 19.625
[out#0/hls @ 0000020054ccdf00] sq: receive 0 ts 19.625 queue head -1 ts N/A
[h264 @ 000002005514e980] nal_unit_type: 1(Coded slice of a non-IDR picture), nal_ref_idc: 0
[libx264 @ 0000020054ca7b00] frame= 393 QP=25.53 NAL=0 Slice:B Poc:36  I:88   P:2705 SKIP:5367 size=5691 bytes
[out#0/hls @ 0000020054ccdf00] sq: send 1 ts 20.842667
[out#0/hls @ 0000020054ccdf00] sq: receive 1 ts 20.842667 queue head -1 ts N/A
[out#0/hls @ 0000020054ccdf00] sq: send 1 ts 20.864
[out#0/hls @ 0000020054ccdf00] sq: receive 1 ts 20.864 queue head -1 ts N/A
[out#0/hls @ 0000020054ccdf00] sq: send 1 ts 20.885333
[out#0/hls @ 0000020054ccdf00] sq: receive 1 ts 20.885333 queue head -1 ts N/A
[out#0/hls @ 0000020054ccdf00] sq: send 1 ts 20.906667
[out#0/hls @ 0000020054ccdf00] sq: receive 1 ts 20.906667 queue head -1 ts N/A
[out#0/hls @ 0000020054ccdf00] sq: send 1 ts 20.928
[out#0/hls @ 0000020054ccdf00] sq: receive 1 ts 20.928 queue head -1 ts N/A
[out#0/hls @ 0000020054ccdf00] sq: send 1 ts 20.949333
[out#0/hls @ 0000020054ccdf00] sq: receive 1 ts 20.949333 queue head -1 ts N/A
[out#0/hls @ 0000020054ccdf00] sq: send 1 ts 20.970667
[out#0/hls @ 0000020054ccdf00] sq: receive 1 ts 20.970667 queue head -1 ts N/A
[out#0/hls @ 0000020054ccdf00] sq: send 0 ts 19.666667
[out#0/hls @ 0000020054ccdf00] sq: receive 0 ts 19.666667 queue head -1 ts N/A
[h264 @ 0000020054cab3c0] nal_unit_type: 1(Coded slice of a non-IDR picture), nal_ref_idc: 2
[libx264 @ 0000020054ca7b00] frame= 394 QP=20.97 NAL=2 Slice:P Poc:42  I:842  P:5274 SKIP:2044 size=26231 bytes
[out#0/hls @ 0000020054ccdf00] sq: send 1 ts 20.992
[out#0/hls @ 0000020054ccdf00] sq: receive 1 ts 20.992 queue head -1 ts N/A
[out#0/hls @ 0000020054ccdf00] sq: send 1 ts 21.013333
[out#0/hls @ 0000020054ccdf00] sq: receive 1 ts 21.013333 queue head -1 ts N/A
[out#0/hls @ 0000020054ccdf00] sq: send 1 ts 21.034667
[out#0/hls @ 0000020054ccdf00] sq: receive 1 ts 21.034667 queue head -1 ts N/A
[out#0/hls @ 0000020054ccdf00] sq: send 1 ts 21.056
[out#0/hls @ 0000020054ccdf00] sq: receive 1 ts 21.056 queue head -1 ts N/A
[h264 @ 0000020054d31000] nal_unit_type: 1(Coded slice of a non-IDR picture), nal_ref_idc: 2
[out#0/hls @ 0000020054ccdf00] sq: send 0 ts 19.708333
[out#0/hls @ 0000020054ccdf00] sq: receive 0 ts 19.708333 queue head -1 ts N/A
[libx264 @ 0000020054ca7b00] frame= 395 QP=26.07 NAL=0 Slice:B Poc:40  I:124  P:2826 SKIP:5210 size=6579 bytes
[out#0/hls @ 0000020054ccdf00] sq: send 0 ts 19.75
[out#0/hls @ 0000020054ccdf00] sq: receive 0 ts 19.75 queue head -1 ts N/A
[h264 @ 0000020054d316c0] nal_unit_type: 1(Coded slice of a non-IDR picture), nal_ref_idc: 0
[libx264 @ 0000020054ca7b00] frame= 396 QP=20.86 NAL=2 Slice:P Poc:46  I:444  P:6422 SKIP:1294 size=26068 bytes
[out#0/hls @ 0000020054ccdf00] sq: send 0 ts 19.791667
[out#0/hls @ 0000020054ccdf00] sq: receive 0 ts 19.791667 queue head -1 ts N/A
[h264 @ 0000020055207440] nal_unit_type: 1(Coded slice of a non-IDR picture), nal_ref_idc: 0
[libx264 @ 0000020054ca7b00] frame= 397 QP=26.01 NAL=0 Slice:B Poc:44  I:72   P:2944 SKIP:5144 size=5710 bytes
[out#0/hls @ 0000020054ccdf00] sq: send 0 ts 19.833333
[out#0/hls @ 0000020054ccdf00] sq: receive 0 ts 19.833333 queue head -1 ts N/A
[h264 @ 0000020054f6de40] nal_unit_type: 1(Coded slice of a non-IDR picture), nal_ref_idc: 2
[libx264 @ 0000020054ca7b00] frame= 398 QP=21.09 NAL=2 Slice:P Poc:52  I:448  P:6178 SKIP:1534 size=27271 bytes
[out#0/hls @ 0000020054ccdf00] sq: send 1 ts 21.077333
[out#0/hls @ 0000020054ccdf00] sq: receive 1 ts 21.077333 queue head -1 ts N/A
[out#0/hls @ 0000020054ccdf00] sq: send 1 ts 21.098667
[out#0/hls @ 0000020054ccdf00] sq: receive 1 ts 21.098667 queue head -1 ts N/A
[out#0/hls @ 0000020054ccdf00] sq: send 1 ts 21.12
[out#0/hls @ 0000020054ccdf00] sq: receive 1 ts 21.12 queue head -1 ts N/A
[out#0/hls @ 0000020054ccdf00] sq: send 1 ts 21.141333
[out#0/hls @ 0000020054ccdf00] sq: receive 1 ts 21.141333 queue head -1 ts N/A
[out#0/hls @ 0000020054ccdf00] sq: send 1 ts 21.162667
[out#0/hls @ 0000020054ccdf00] sq: receive 1 ts 21.162667 queue head -1 ts N/A
[out#0/hls @ 0000020054ccdf00] sq: send 1 ts 21.184
[out#0/hls @ 0000020054ccdf00] sq: receive 1 ts 21.184 queue head -1 ts N/A
[out#0/hls @ 0000020054ccdf00] sq: send 1 ts 21.205333
[out#0/hls @ 0000020054ccdf00] sq: receive 1 ts 21.205333 queue head -1 ts N/A
[out#0/hls @ 0000020054ccdf00] sq: send 1 ts 21.226667
[h264 @ 0000020054f6e940] nal_unit_type: 1(Coded slice of a non-IDR picture), nal_ref_idc: 2
[out#0/hls @ 0000020054ccdf00] sq: receive 1 ts 21.226667 queue head -1 ts N/A
[out#0/hls @ 0000020054ccdf00] sq: send 0 ts 19.875
[out#0/hls @ 0000020054ccdf00] sq: receive 0 ts 19.875 queue head -1 ts N/A
[libx264 @ 0000020054ca7b00] frame= 399 QP=24.73 NAL=2 Slice:B Poc:48  I:65   P:3038 SKIP:5057 size=7044 bytes
[out#0/hls @ 0000020054ccdf00] sq: send 0 ts 19.916667
[out#0/hls @ 0000020054ccdf00] sq: receive 0 ts 19.916667 queue head -1 ts N/A
[h264 @ 0000020054cc1180] nal_unit_type: 1(Coded slice of a non-IDR picture), nal_ref_idc: 0
[libx264 @ 0000020054ca7b00] frame= 400 QP=25.96 NAL=0 Slice:B Poc:50  I:61   P:2848 SKIP:5251 size=5816 bytes
[out#0/hls @ 0000020054ccdf00] sq: send 1 ts 21.248
[out#0/hls @ 0000020054ccdf00] sq: receive 1 ts 21.248 queue head -1 ts N/A
[out#0/hls @ 0000020054ccdf00] sq: send 0 ts 19.958333
[out#0/hls @ 0000020054ccdf00] sq: receive 0 ts 19.958333 queue head -1 ts N/A
[h264 @ 0000020054cc1c80] nal_unit_type: 1(Coded slice of a non-IDR picture), nal_ref_idc: 0
[libx264 @ 0000020054ca7b00] frame= 401 QP=20.79 NAL=2 Slice:P Poc:56  I:346  P:5807 SKIP:2007 size=25055 bytes
[out#0/hls @ 0000020054ccdf00] sq: send 1 ts 21.269333
[out#0/hls @ 0000020054ccdf00] sq: receive 1 ts 21.269333 queue head -1 ts N/A
[out#0/hls @ 0000020054ccdf00] sq: send 1 ts 21.290667
[out#0/hls @ 0000020054ccdf00] sq: receive 1 ts 21.290667 queue head -1 ts N/A
[out#0/hls @ 0000020054ccdf00] sq: send 0 ts 20
[out#0/hls @ 0000020054ccdf00] sq: receive 0 ts 20 queue head -1 ts N/A
[h264 @ 0000020054e28880] nal_unit_type: 1(Coded slice of a non-IDR picture), nal_ref_idc: 2
[libx264 @ 0000020054ca7b00] frame= 402 QP=25.91 NAL=0 Slice:B Poc:54  I:47   P:2793 SKIP:5320 size=5276 bytes
[out#0/hls @ 0000020054ccdf00] sq: send 1 ts 21.312
[out#0/hls @ 0000020054ccdf00] sq: receive 1 ts 21.312 queue head -1 ts N/A
[out#0/hls @ 0000020054ccdf00] sq: send 0 ts 20.041667
[out#0/hls @ 0000020054ccdf00] sq: receive 0 ts 20.041667 queue head -1 ts N/A
[h264 @ 0000020054e29240] nal_unit_type: 1(Coded slice of a non-IDR picture), nal_ref_idc: 2
[libx264 @ 0000020054ca7b00] frame= 403 QP=20.73 NAL=2 Slice:P Poc:64  I:886  P:6402 SKIP:872  size=36834 bytes
[out#0/hls @ 0000020054ccdf00] sq: send 0 ts 20.083333
[out#0/hls @ 0000020054ccdf00] sq: receive 0 ts 20.083333 queue head -1 ts N/A
[h264 @ 0000020054f4d980] nal_unit_type: 1(Coded slice of a non-IDR picture), nal_ref_idc: 0
[libx264 @ 0000020054ca7b00] frame= 404 QP=24.22 NAL=2 Slice:B Poc:60  I:146  P:3998 SKIP:4016 size=11457 bytes
[out#0/hls @ 0000020054ccdf00] sq: send 0 ts 20.125
[out#0/hls @ 0000020054ccdf00] sq: receive 0 ts 20.125 queue head -1 ts N/A
[h264 @ 0000020054f4e480] nal_unit_type: 1(Coded slice of a non-IDR picture), nal_ref_idc: 0
[libx264 @ 0000020054ca7b00] frame= 405 QP=26.02 NAL=0 Slice:B Poc:58  I:57   P:2917 SKIP:5186 size=5577 bytes
[out#0/hls @ 0000020054ccdf00] sq: send 0 ts 20.166667
[out#0/hls @ 0000020054ccdf00] sq: receive 0 ts 20.166667 queue head -1 ts N/A
[h264 @ 0000020054f0edc0] nal_unit_type: 1(Coded slice of a non-IDR picture), nal_ref_idc: 2
[libx264 @ 0000020054ca7b00] frame= 406 QP=26.31 NAL=0 Slice:B Poc:62  I:61   P:3060 SKIP:5039 size=6179 bytes
[out#0/hls @ 0000020054ccdf00] sq: send 0 ts 20.208333
[out#0/hls @ 0000020054ccdf00] sq: receive 0 ts 20.208333 queue head -1 ts N/A
[h264 @ 0000020054f0df00] nal_unit_type: 1(Coded slice of a non-IDR picture), nal_ref_idc: 2
[libx264 @ 0000020054ca7b00] frame= 407 QP=20.70 NAL=2 Slice:P Poc:68  I:757  P:5793 SKIP:1610 size=28678 bytes
[out#0/hls @ 0000020054ccdf00] sq: send 1 ts 21.333333
[out#0/hls @ 0000020054ccdf00] sq: receive 1 ts 21.333333 queue head -1 ts N/A
[out#0/hls @ 0000020054ccdf00] sq: send 1 ts 21.354667
[out#0/hls @ 0000020054ccdf00] sq: receive 1 ts 21.354667 queue head -1 ts N/A
[out#0/hls @ 0000020054ccdf00] sq: send 1 ts 21.376
[out#0/hls @ 0000020054ccdf00] sq: receive 1 ts 21.376 queue head -1 ts N/A
[out#0/hls @ 0000020054ccdf00] sq: send 1 ts 21.397333
[out#0/hls @ 0000020054ccdf00] sq: receive 1 ts 21.397333 queue head -1 ts N/A
[out#0/hls @ 0000020054ccdf00] sq: send 1 ts 21.418667
[out#0/hls @ 0000020054ccdf00] sq: receive 1 ts 21.418667 queue head -1 ts N/A
[out#0/hls @ 0000020054ccdf00] sq: send 1 ts 21.44
[out#0/hls @ 0000020054ccdf00] sq: receive 1 ts 21.44 queue head -1 ts N/A
[out#0/hls @ 0000020054ccdf00] sq: send 1 ts 21.461333
[out#0/hls @ 0000020054ccdf00] sq: receive 1 ts 21.461333 queue head -1 ts N/A
[out#0/hls @ 0000020054ccdf00] sq: send 1 ts 21.482667
[out#0/hls @ 0000020054ccdf00] sq: receive 1 ts 21.482667 queue head -1 ts N/A
[out#0/hls @ 0000020054ccdf00] sq: send 1 ts 21.504
[out#0/hls @ 0000020054ccdf00] sq: receive 1 ts 21.504 queue head -1 ts N/A
[out#0/hls @ 0000020054ccdf00] sq: send 1 ts 21.525333
[out#0/hls @ 0000020054ccdf00] sq: receive 1 ts 21.525333 queue head -1 ts N/A
[h264 @ 0000020054f0f140] nal_unit_type: 1(Coded slice of a non-IDR picture), nal_ref_idc: 0
[out#0/hls @ 0000020054ccdf00] sq: send 1 ts 21.546667
[out#0/hls @ 0000020054ccdf00] sq: receive 1 ts 21.546667 queue head -1 ts N/A
[out#0/hls @ 0000020054ccdf00] sq: send 1 ts 21.568
[out#0/hls @ 0000020054ccdf00] sq: receive 1 ts 21.568 queue head -1 ts N/A
[out#0/hls @ 0000020054ccdf00] sq: send 1 ts 21.589333
[out#0/hls @ 0000020054ccdf00] sq: receive 1 ts 21.589333 queue head -1 ts N/A
[out#0/hls @ 0000020054ccdf00] sq: send 0 ts 20.25
[out#0/hls @ 0000020054ccdf00] sq: receive 0 ts 20.25 queue head -1 ts N/A
[libx264 @ 0000020054ca7b00] frame= 408 QP=26.20 NAL=0 Slice:B Poc:66  I:82   P:2621 SKIP:5457 size=5875 bytes
[out#0/hls @ 0000020054ccdf00] sq: send 0 ts 20.291667
[out#0/hls @ 0000020054ccdf00] sq: receive 0 ts 20.291667 queue head -1 ts N/A
[h264 @ 000002005514e980] nal_unit_type: 1(Coded slice of a non-IDR picture), nal_ref_idc: 0
[libx264 @ 0000020054ca7b00] frame= 409 QP=20.96 NAL=2 Slice:P Poc:76  I:821  P:5973 SKIP:1366 size=32657 bytes
[out#0/hls @ 0000020054ccdf00] sq: send 1 ts 21.610667
[out#0/hls @ 0000020054ccdf00] sq: receive 1 ts 21.610667 queue head -1 ts N/A
[out#0/hls @ 0000020054ccdf00] sq: send 0 ts 20.333333
[out#0/hls @ 0000020054ccdf00] sq: receive 0 ts 20.333333 queue head -1 ts N/A
[h264 @ 0000020054cab3c0] nal_unit_type: 1(Coded slice of a non-IDR picture), nal_ref_idc: 2
[libx264 @ 0000020054ca7b00] frame= 410 QP=24.58 NAL=2 Slice:B Poc:72  I:288  P:3496 SKIP:4376 size=11280 bytes
[out#0/hls @ 0000020054ccdf00] sq: send 0 ts 20.375
[out#0/hls @ 0000020054ccdf00] sq: receive 0 ts 20.375 queue head -1 ts N/A
[h264 @ 0000020054d31000] nal_unit_type: 1(Coded slice of a non-IDR picture), nal_ref_idc: 2
[libx264 @ 0000020054ca7b00] frame= 411 QP=26.34 NAL=0 Slice:B Poc:70  I:84   P:2939 SKIP:5137 size=6300 bytes
[out#0/hls @ 0000020054ccdf00] sq: send 1 ts 21.632
[out#0/hls @ 0000020054ccdf00] sq: receive 1 ts 21.632 queue head -1 ts N/A
[out#0/hls @ 0000020054ccdf00] sq: send 1 ts 21.653333
[out#0/hls @ 0000020054ccdf00] sq: receive 1 ts 21.653333 queue head -1 ts N/A
[out#0/hls @ 0000020054ccdf00] sq: send 1 ts 21.674667
[out#0/hls @ 0000020054ccdf00] sq: receive 1 ts 21.674667 queue head -1 ts N/A
[out#0/hls @ 0000020054ccdf00] sq: send 1 ts 21.696
[out#0/hls @ 0000020054ccdf00] sq: receive 1 ts 21.696 queue head -1 ts N/A
[out#0/hls @ 0000020054ccdf00] sq: send 1 ts 21.717333
[h264 @ 0000020054d316c0] nal_unit_type: 1(Coded slice of a non-IDR picture), nal_ref_idc: 0
[out#0/hls @ 0000020054ccdf00] sq: receive 1 ts 21.717333 queue head -1 ts N/A
[out#0/hls @ 0000020054ccdf00] sq: send 1 ts 21.738667
[out#0/hls @ 0000020054ccdf00] sq: receive 1 ts 21.738667 queue head -1 ts N/A
[out#0/hls @ 0000020054ccdf00] sq: send 1 ts 21.76
[out#0/hls @ 0000020054ccdf00] sq: receive 1 ts 21.76 queue head -1 ts N/A
[out#0/hls @ 0000020054ccdf00] sq: send 0 ts 20.416667
[out#0/hls @ 0000020054ccdf00] sq: receive 0 ts 20.416667 queue head -1 ts N/A
[libx264 @ 0000020054ca7b00] frame= 412 QP=26.49 NAL=0 Slice:B Poc:74  I:73   P:2832 SKIP:5255 size=6607 bytes
[out#0/hls @ 0000020054ccdf00] sq: send 0 ts 20.458333
[out#0/hls @ 0000020054ccdf00] sq: receive 0 ts 20.458333 queue head -1 ts N/A
[h264 @ 0000020055207440] nal_unit_type: 1(Coded slice of a non-IDR picture), nal_ref_idc: 0
[libx264 @ 0000020054ca7b00] frame= 413 QP=20.81 NAL=2 Slice:P Poc:80  I:457  P:5870 SKIP:1833 size=27297 bytes
[out#0/hls @ 0000020054ccdf00] sq: send 1 ts 21.781333
[out#0/hls @ 0000020054ccdf00] sq: receive 1 ts 21.781333 queue head -1 ts N/A
[out#0/hls @ 0000020054ccdf00] sq: send 0 ts 20.5
[out#0/hls @ 0000020054ccdf00] sq: receive 0 ts 20.5 queue head -1 ts N/A
[h264 @ 0000020054f6de40] nal_unit_type: 1(Coded slice of a non-IDR picture), nal_ref_idc: 2
frame=  414 fps=100 q=28.0 size=N/A time=00:00:17.16 bitrate=N/A speed=4.16x    [libx264 @ 0000020054ca7b00] frame= 414 QP=26.57 NAL=0 Slice:B Poc:78  I:62   P:2797 SKIP:5301 size=6561 bytes
[out#0/hls @ 0000020054ccdf00] sq: send 0 ts 20.541667
[out#0/hls @ 0000020054ccdf00] sq: receive 0 ts 20.541667 queue head -1 ts N/A
[h264 @ 0000020054f6e940] nal_unit_type: 1(Coded slice of a non-IDR picture), nal_ref_idc: 2
[libx264 @ 0000020054ca7b00] frame= 415 QP=20.53 NAL=2 Slice:P Poc:84  I:548  P:6090 SKIP:1522 size=32505 bytes
[out#0/hls @ 0000020054ccdf00] sq: send 0 ts 20.583333
[out#0/hls @ 0000020054ccdf00] sq: receive 0 ts 20.583333 queue head -1 ts N/A
[h264 @ 0000020054cc1180] nal_unit_type: 1(Coded slice of a non-IDR picture), nal_ref_idc: 0
[libx264 @ 0000020054ca7b00] frame= 416 QP=27.59 NAL=0 Slice:B Poc:82  I:58   P:2686 SKIP:5416 size=6178 bytes
[out#0/hls @ 0000020054ccdf00] sq: send 1 ts 21.802667
[out#0/hls @ 0000020054ccdf00] sq: receive 1 ts 21.802667 queue head -1 ts N/A
[out#0/hls @ 0000020054ccdf00] sq: send 0 ts 20.625
[out#0/hls @ 0000020054ccdf00] sq: receive 0 ts 20.625 queue head -1 ts N/A
[h264 @ 0000020054cc1c80] nal_unit_type: 1(Coded slice of a non-IDR picture), nal_ref_idc: 0
[libx264 @ 0000020054ca7b00] frame= 417 QP=19.71 NAL=2 Slice:P Poc:92  I:1274 P:6228 SKIP:658  size=47168 bytes
[out#0/hls @ 0000020054ccdf00] sq: send 0 ts 20.666667
[out#0/hls @ 0000020054ccdf00] sq: receive 0 ts 20.666667 queue head -1 ts N/A
[h264 @ 0000020054e28880] nal_unit_type: 1(Coded slice of a non-IDR picture), nal_ref_idc: 2
[libx264 @ 0000020054ca7b00] frame= 418 QP=24.48 NAL=2 Slice:B Poc:88  I:292  P:3573 SKIP:4295 size=11324 bytes
[out#0/hls @ 0000020054ccdf00] sq: send 0 ts 20.708333
[out#0/hls @ 0000020054ccdf00] sq: receive 0 ts 20.708333 queue head -1 ts N/A
[h264 @ 0000020054e29240] nal_unit_type: 1(Coded slice of a non-IDR picture), nal_ref_idc: 2
[libx264 @ 0000020054ca7b00] frame= 419 QP=26.77 NAL=0 Slice:B Poc:86  I:80   P:2804 SKIP:5276 size=6780 bytes
[out#0/hls @ 0000020054ccdf00] sq: send 1 ts 21.824
[out#0/hls @ 0000020054ccdf00] sq: receive 1 ts 21.824 queue head -1 ts N/A
[out#0/hls @ 0000020054ccdf00] sq: send 1 ts 21.845333
[out#0/hls @ 0000020054ccdf00] sq: receive 1 ts 21.845333 queue head -1 ts N/A
[out#0/hls @ 0000020054ccdf00] sq: send 1 ts 21.866667
[out#0/hls @ 0000020054ccdf00] sq: receive 1 ts 21.866667 queue head -1 ts N/A
[out#0/hls @ 0000020054ccdf00] sq: send 1 ts 21.888
[out#0/hls @ 0000020054ccdf00] sq: receive 1 ts 21.888 queue head -1 ts N/A
[out#0/hls @ 0000020054ccdf00] sq: send 1 ts 21.909333
[out#0/hls @ 0000020054ccdf00] sq: receive 1 ts 21.909333 queue head -1 ts N/A
[out#0/hls @ 0000020054ccdf00] sq: send 1 ts 21.930667
[out#0/hls @ 0000020054ccdf00] sq: receive 1 ts 21.930667 queue head -1 ts N/A
[out#0/hls @ 0000020054ccdf00] sq: send 1 ts 21.952
[out#0/hls @ 0000020054ccdf00] sq: receive 1 ts 21.952 queue head -1 ts N/A
[out#0/hls @ 0000020054ccdf00] sq: send 1 ts 21.973333
[out#0/hls @ 0000020054ccdf00] sq: receive 1 ts 21.973333 queue head -1 ts N/A
[out#0/hls @ 0000020054ccdf00] sq: send 1 ts 21.994667
[out#0/hls @ 0000020054ccdf00] sq: receive 1 ts 21.994667 queue head -1 ts N/A
[h264 @ 0000020054f4d980] nal_unit_type: 1(Coded slice of a non-IDR picture), nal_ref_idc: 0
[out#0/hls @ 0000020054ccdf00] sq: send 1 ts 22.016
[out#0/hls @ 0000020054ccdf00] sq: receive 1 ts 22.016 queue head -1 ts N/A
[libx264 @ 0000020054ca7b00] frame= 420 QP=26.50 NAL=0 Slice:B Poc:90  I:142  P:2545 SKIP:5473 size=7071 bytes
[out#0/hls @ 0000020054ccdf00] sq: send 0 ts 20.75
[out#0/hls @ 0000020054ccdf00] sq: receive 0 ts 20.75 queue head -1 ts N/A
[out#0/hls @ 0000020054ccdf00] sq: send 0 ts 20.791667
[out#0/hls @ 0000020054ccdf00] sq: receive 0 ts 20.791667 queue head -1 ts N/A
[h264 @ 0000020054f4e480] nal_unit_type: 1(Coded slice of a non-IDR picture), nal_ref_idc: 0
[libx264 @ 0000020054ca7b00] frame= 421 QP=19.55 NAL=2 Slice:P Poc:100 I:825  P:6142 SKIP:1193 size=37186 bytes
[out#0/hls @ 0000020054ccdf00] sq: send 1 ts 22.037333
[out#0/hls @ 0000020054ccdf00] sq: receive 1 ts 22.037333 queue head -1 ts N/A
[out#0/hls @ 0000020054ccdf00] sq: send 1 ts 22.058667
[out#0/hls @ 0000020054ccdf00] sq: receive 1 ts 22.058667 queue head -1 ts N/A
[out#0/hls @ 0000020054ccdf00] sq: send 1 ts 22.08
[out#0/hls @ 0000020054ccdf00] sq: receive 1 ts 22.08 queue head -1 ts N/A
[out#0/hls @ 0000020054ccdf00] sq: send 1 ts 22.101333
[out#0/hls @ 0000020054ccdf00] sq: receive 1 ts 22.101333 queue head -1 ts N/A
[out#0/hls @ 0000020054ccdf00] sq: send 1 ts 22.122667
[out#0/hls @ 0000020054ccdf00] sq: receive 1 ts 22.122667 queue head -1 ts N/A
[out#0/hls @ 0000020054ccdf00] sq: send 1 ts 22.144
[out#0/hls @ 0000020054ccdf00] sq: receive 1 ts 22.144 queue head -1 ts N/A
[h264 @ 0000020054f0edc0] nal_unit_type: 1(Coded slice of a non-IDR picture), nal_ref_idc: 2
[out#0/hls @ 0000020054ccdf00] sq: send 1 ts 22.165333
[out#0/hls @ 0000020054ccdf00] sq: receive 1 ts 22.165333 queue head -1 ts N/A
[out#0/hls @ 0000020054ccdf00] sq: send 1 ts 22.186667
[out#0/hls @ 0000020054ccdf00] sq: receive 1 ts 22.186667 queue head -1 ts N/A
[out#0/hls @ 0000020054ccdf00] sq: send 0 ts 20.833333
[out#0/hls @ 0000020054ccdf00] sq: receive 0 ts 20.833333 queue head -1 ts N/A
[libx264 @ 0000020054ca7b00] frame= 422 QP=24.33 NAL=2 Slice:B Poc:96  I:82   P:3442 SKIP:4636 size=8756 bytes
[out#0/hls @ 0000020054ccdf00] sq: send 0 ts 20.875
[out#0/hls @ 0000020054ccdf00] sq: receive 0 ts 20.875 queue head -1 ts N/A
[h264 @ 0000020054f0df00] nal_unit_type: 1(Coded slice of a non-IDR picture), nal_ref_idc: 2
[libx264 @ 0000020054ca7b00] frame= 423 QP=26.62 NAL=0 Slice:B Poc:94  I:20   P:2788 SKIP:5352 size=5086 bytes
[out#0/hls @ 0000020054ccdf00] sq: send 1 ts 22.208
[out#0/hls @ 0000020054ccdf00] sq: receive 1 ts 22.208 queue head -1 ts N/A
[out#0/hls @ 0000020054ccdf00] sq: send 0 ts 20.916667
[out#0/hls @ 0000020054ccdf00] sq: receive 0 ts 20.916667 queue head -1 ts N/A
[h264 @ 0000020054f0f140] nal_unit_type: 1(Coded slice of a non-IDR picture), nal_ref_idc: 0
[libx264 @ 0000020054ca7b00] frame= 424 QP=26.78 NAL=0 Slice:B Poc:98  I:122  P:2399 SKIP:5639 size=5824 bytes
[out#0/hls @ 0000020054ccdf00] sq: send 1 ts 22.229333
[out#0/hls @ 0000020054ccdf00] sq: receive 1 ts 22.229333 queue head -1 ts N/A
[out#0/hls @ 0000020054ccdf00] sq: send 1 ts 22.250667
[out#0/hls @ 0000020054ccdf00] sq: receive 1 ts 22.250667 queue head -1 ts N/A
[out#0/hls @ 0000020054ccdf00] sq: send 1 ts 22.272
[out#0/hls @ 0000020054ccdf00] sq: receive 1 ts 22.272 queue head -1 ts N/A
[out#0/hls @ 0000020054ccdf00] sq: send 1 ts 22.293333
[h264 @ 000002005514e980] nal_unit_type: 1(Coded slice of a non-IDR picture), nal_ref_idc: 0
[out#0/hls @ 0000020054ccdf00] sq: receive 1 ts 22.293333 queue head -1 ts N/A
[out#0/hls @ 0000020054ccdf00] sq: send 0 ts 20.958333
[out#0/hls @ 0000020054ccdf00] sq: receive 0 ts 20.958333 queue head -1 ts N/A
[libx264 @ 0000020054ca7b00] frame= 425 QP=19.08 NAL=2 Slice:P Poc:108 I:957  P:6159 SKIP:1044 size=43855 bytes
[out#0/hls @ 0000020054ccdf00] sq: send 0 ts 21
[out#0/hls @ 0000020054ccdf00] sq: receive 0 ts 21 queue head -1 ts N/A
[h264 @ 0000020054cab3c0] nal_unit_type: 1(Coded slice of a non-IDR picture), nal_ref_idc: 2
[libx264 @ 0000020054ca7b00] frame= 426 QP=24.64 NAL=2 Slice:B Poc:104 I:559  P:3008 SKIP:4593 size=11505 bytes
[out#0/hls @ 0000020054ccdf00] sq: send 0 ts 21.041667
[out#0/hls @ 0000020054ccdf00] sq: receive 0 ts 21.041667 queue head -1 ts N/A
[h264 @ 0000020054d31000] nal_unit_type: 5(IDR), nal_ref_idc: 3
[libx264 @ 0000020054ca7b00] frame= 427 QP=26.26 NAL=0 Slice:B Poc:102 I:144  P:2715 SKIP:5301 size=6860 bytes
[out#0/hls @ 0000020054ccdf00] sq: send 0 ts 21.083333
[out#0/hls @ 0000020054ccdf00] sq: receive 0 ts 21.083333 queue head -1 ts N/A
[h264 @ 0000020054d316c0] nal_unit_type: 1(Coded slice of a non-IDR picture), nal_ref_idc: 2
[libx264 @ 0000020054ca7b00] frame= 428 QP=27.13 NAL=0 Slice:B Poc:106 I:187  P:2432 SKIP:5541 size=7164 bytes
[out#0/hls @ 0000020054ccdf00] sq: send 0 ts 21.125
[out#0/hls @ 0000020054ccdf00] sq: receive 0 ts 21.125 queue head -1 ts N/A
[h264 @ 0000020055207440] nal_unit_type: 1(Coded slice of a non-IDR picture), nal_ref_idc: 2
[libx264 @ 0000020054ca7b00] frame= 429 QP=18.52 NAL=2 Slice:P Poc:116 I:768  P:6298 SKIP:1094 size=41931 bytes
[out#0/hls @ 0000020054ccdf00] sq: send 0 ts 21.166667
[out#0/hls @ 0000020054ccdf00] sq: receive 0 ts 21.166667 queue head -1 ts N/A
[h264 @ 0000020054f6de40] nal_unit_type: 1(Coded slice of a non-IDR picture), nal_ref_idc: 0
[libx264 @ 0000020054ca7b00] frame= 430 QP=24.51 NAL=2 Slice:B Poc:112 I:79   P:3191 SKIP:4890 size=7525 bytes
[out#0/hls @ 0000020054ccdf00] sq: send 1 ts 22.314667
[out#0/hls @ 0000020054ccdf00] sq: receive 1 ts 22.314667 queue head -1 ts N/A
[out#0/hls @ 0000020054ccdf00] sq: send 0 ts 21.208333
[out#0/hls @ 0000020054ccdf00] sq: receive 0 ts 21.208333 queue head -1 ts N/A
[h264 @ 0000020054f6e940] nal_unit_type: 1(Coded slice of a non-IDR picture), nal_ref_idc: 0
[libx264 @ 0000020054ca7b00] frame= 431 QP=27.01 NAL=0 Slice:B Poc:110 I:132  P:2528 SKIP:5500 size=6537 bytes
[out#0/hls @ 0000020054ccdf00] sq: send 0 ts 21.25
[out#0/hls @ 0000020054ccdf00] sq: receive 0 ts 21.25 queue head -1 ts N/A
[h264 @ 0000020054cc1180] nal_unit_type: 1(Coded slice of a non-IDR picture), nal_ref_idc: 2
[libx264 @ 0000020054ca7b00] frame= 432 QP=27.46 NAL=0 Slice:B Poc:114 I:26   P:2194 SKIP:5940 size=3832 bytes
[out#0/hls @ 0000020054ccdf00] sq: send 0 ts 21.291667
[out#0/hls @ 0000020054ccdf00] sq: receive 0 ts 21.291667 queue head -1 ts N/A
[h264 @ 0000020054cc1c80] nal_unit_type: 1(Coded slice of a non-IDR picture), nal_ref_idc: 2
[libx264 @ 0000020054ca7b00] frame= 433 QP=17.77 NAL=2 Slice:P Poc:120 I:117  P:7101 SKIP:942  size=40760 bytes
[out#0/hls @ 0000020054ccdf00] sq: send 1 ts 22.336
[out#0/hls @ 0000020054ccdf00] sq: receive 1 ts 22.336 queue head -1 ts N/A
[out#0/hls @ 0000020054ccdf00] sq: send 0 ts 21.333333
[out#0/hls @ 0000020054ccdf00] sq: receive 0 ts 21.333333 queue head -1 ts N/A
[h264 @ 0000020054e28880] nal_unit_type: 1(Coded slice of a non-IDR picture), nal_ref_idc: 0
[libx264 @ 0000020054ca7b00] frame= 434 QP=26.48 NAL=0 Slice:B Poc:118 I:12   P:2236 SKIP:5912 size=2959 bytes
[out#0/hls @ 0000020054ccdf00] sq: send 0 ts 21.375
[out#0/hls @ 0000020054ccdf00] sq: receive 0 ts 21.375 queue head -1 ts N/A
[h264 @ 0000020054e29240] nal_unit_type: 1(Coded slice of a non-IDR picture), nal_ref_idc: 0
[libx264 @ 0000020054ca7b00] frame= 435 QP=17.64 NAL=2 Slice:P Poc:124 I:33   P:4888 SKIP:3239 size=24359 bytes
[out#0/hls @ 0000020054ccdf00] sq: send 1 ts 22.357333
[out#0/hls @ 0000020054ccdf00] sq: receive 1 ts 22.357333 queue head -1 ts N/A
[out#0/hls @ 0000020054ccdf00] sq: send 1 ts 22.378667
[out#0/hls @ 0000020054ccdf00] sq: receive 1 ts 22.378667 queue head -1 ts N/A
[out#0/hls @ 0000020054ccdf00] sq: send 1 ts 22.4
[h264 @ 0000020054f4d980] nal_unit_type: 1(Coded slice of a non-IDR picture), nal_ref_idc: 2
[out#0/hls @ 0000020054ccdf00] sq: receive 1 ts 22.4 queue head -1 ts N/A
[out#0/hls @ 0000020054ccdf00] sq: send 1 ts 22.421333
[out#0/hls @ 0000020054ccdf00] sq: receive 1 ts 22.421333 queue head -1 ts N/A
[out#0/hls @ 0000020054ccdf00] sq: send 1 ts 22.442667
[out#0/hls @ 0000020054ccdf00] sq: receive 1 ts 22.442667 queue head -1 ts N/A
[out#0/hls @ 0000020054ccdf00] sq: send 1 ts 22.464
[out#0/hls @ 0000020054ccdf00] sq: receive 1 ts 22.464 queue head -1 ts N/A
[out#0/hls @ 0000020054ccdf00] sq: send 1 ts 22.485333
[out#0/hls @ 0000020054ccdf00] sq: receive 1 ts 22.485333 queue head -1 ts N/A
[out#0/hls @ 0000020054ccdf00] sq: send 1 ts 22.506667
[out#0/hls @ 0000020054ccdf00] sq: receive 1 ts 22.506667 queue head -1 ts N/A
[out#0/hls @ 0000020054ccdf00] sq: send 1 ts 22.528
[out#0/hls @ 0000020054ccdf00] sq: receive 1 ts 22.528 queue head -1 ts N/A
[out#0/hls @ 0000020054ccdf00] sq: send 1 ts 22.549333
[out#0/hls @ 0000020054ccdf00] sq: receive 1 ts 22.549333 queue head -1 ts N/A
[out#0/hls @ 0000020054ccdf00] sq: send 1 ts 22.570667
[out#0/hls @ 0000020054ccdf00] sq: receive 1 ts 22.570667 queue head -1 ts N/A
[out#0/hls @ 0000020054ccdf00] sq: send 1 ts 22.592
[out#0/hls @ 0000020054ccdf00] sq: receive 1 ts 22.592 queue head -1 ts N/A
[out#0/hls @ 0000020054ccdf00] sq: send 1 ts 22.613333
[out#0/hls @ 0000020054ccdf00] sq: receive 1 ts 22.613333 queue head -1 ts N/A
[out#0/hls @ 0000020054ccdf00] sq: send 1 ts 22.634667
[out#0/hls @ 0000020054ccdf00] sq: receive 1 ts 22.634667 queue head -1 ts N/A
[out#0/hls @ 0000020054ccdf00] sq: send 1 ts 22.656
[out#0/hls @ 0000020054ccdf00] sq: receive 1 ts 22.656 queue head -1 ts N/A
[out#0/hls @ 0000020054ccdf00] sq: send 0 ts 21.416667
[out#0/hls @ 0000020054ccdf00] sq: receive 0 ts 21.416667 queue head -1 ts N/A
[libx264 @ 0000020054ca7b00] frame= 436 QP=27.90 NAL=0 Slice:B Poc:122 I:1    P:1714 SKIP:6445 size=2349 bytes
[out#0/hls @ 0000020054ccdf00] sq: send 1 ts 22.677333
[out#0/hls @ 0000020054ccdf00] sq: receive 1 ts 22.677333 queue head -1 ts N/A
[out#0/hls @ 0000020054ccdf00] sq: send 0 ts 21.458333
[out#0/hls @ 0000020054ccdf00] sq: receive 0 ts 21.458333 queue head -1 ts N/A
[h264 @ 0000020054f4e480] nal_unit_type: 1(Coded slice of a non-IDR picture), nal_ref_idc: 2
[libx264 @ 0000020054ca7b00] frame= 437 QP=17.73 NAL=2 Slice:P Poc:132 I:290  P:4422 SKIP:3448 size=25432 bytes
[out#0/hls @ 0000020054ccdf00] sq: send 0 ts 21.5
[out#0/hls @ 0000020054ccdf00] sq: receive 0 ts 21.5 queue head -1 ts N/A
[h264 @ 0000020054f0edc0] nal_unit_type: 1(Coded slice of a non-IDR picture), nal_ref_idc: 0
[libx264 @ 0000020054ca7b00] frame= 438 QP=27.11 NAL=2 Slice:B Poc:128 I:47   P:1547 SKIP:6566 size=4164 bytes
[out#0/hls @ 0000020054ccdf00] sq: send 1 ts 22.698667
[out#0/hls @ 0000020054ccdf00] sq: receive 1 ts 22.698667 queue head -1 ts N/A
[out#0/hls @ 0000020054ccdf00] sq: send 1 ts 22.72
[out#0/hls @ 0000020054ccdf00] sq: receive 1 ts 22.72 queue head -1 ts N/A
[out#0/hls @ 0000020054ccdf00] sq: send 1 ts 22.741333
[out#0/hls @ 0000020054ccdf00] sq: receive 1 ts 22.741333 queue head -1 ts N/A
[out#0/hls @ 0000020054ccdf00] sq: send 1 ts 22.762667
[out#0/hls @ 0000020054ccdf00] sq: receive 1 ts 22.762667 queue head -1 ts N/A
[out#0/hls @ 0000020054ccdf00] sq: send 1 ts 22.784
[out#0/hls @ 0000020054ccdf00] sq: receive 1 ts 22.784 queue head -1 ts N/A
[out#0/hls @ 0000020054ccdf00] sq: send 1 ts 22.805333
[out#0/hls @ 0000020054ccdf00] sq: receive 1 ts 22.805333 queue head -1 ts N/A
[out#0/hls @ 0000020054ccdf00] sq: send 1 ts 22.826667
[out#0/hls @ 0000020054ccdf00] sq: receive 1 ts 22.826667 queue head -1 ts N/A
[out#0/hls @ 0000020054ccdf00] sq: send 1 ts 22.848
[out#0/hls @ 0000020054ccdf00] sq: receive 1 ts 22.848 queue head -1 ts N/A
[out#0/hls @ 0000020054ccdf00] sq: send 0 ts 21.541667
[out#0/hls @ 0000020054ccdf00] sq: receive 0 ts 21.541667 queue head -1 ts N/A
[h264 @ 0000020054f0df00] nal_unit_type: 1(Coded slice of a non-IDR picture), nal_ref_idc: 0
[libx264 @ 0000020054ca7b00] frame= 439 QP=28.59 NAL=0 Slice:B Poc:126 I:20   P:1199 SKIP:6941 size=2966 bytes
[out#0/hls @ 0000020054ccdf00] sq: send 1 ts 22.869333
[out#0/hls @ 0000020054ccdf00] sq: receive 1 ts 22.869333 queue head -1 ts N/A
[out#0/hls @ 0000020054ccdf00] sq: send 0 ts 21.583333
[out#0/hls @ 0000020054ccdf00] sq: receive 0 ts 21.583333 queue head -1 ts N/A
[h264 @ 0000020054f0f140] nal_unit_type: 1(Coded slice of a non-IDR picture), nal_ref_idc: 2
[libx264 @ 0000020054ca7b00] frame= 440 QP=28.91 NAL=0 Slice:B Poc:130 I:18   P:1377 SKIP:6765 size=2504 bytes
[out#0/hls @ 0000020054ccdf00] sq: send 1 ts 22.890667
[out#0/hls @ 0000020054ccdf00] sq: receive 1 ts 22.890667 queue head -1 ts N/A
[out#0/hls @ 0000020054ccdf00] sq: send 1 ts 22.912
[out#0/hls @ 0000020054ccdf00] sq: receive 1 ts 22.912 queue head -1 ts N/A
[out#0/hls @ 0000020054ccdf00] sq: send 1 ts 22.933333
[out#0/hls @ 0000020054ccdf00] sq: receive 1 ts 22.933333 queue head -1 ts N/A
[out#0/hls @ 0000020054ccdf00] sq: send 1 ts 22.954667
[out#0/hls @ 0000020054ccdf00] sq: receive 1 ts 22.954667 queue head -1 ts N/A
[out#0/hls @ 0000020054ccdf00] sq: send 1 ts 22.976
[out#0/hls @ 0000020054ccdf00] sq: receive 1 ts 22.976 queue head -1 ts N/A
[out#0/hls @ 0000020054ccdf00] sq: send 0 ts 21.625
[out#0/hls @ 0000020054ccdf00] sq: receive 0 ts 21.625 queue head -1 ts N/A
[libx264 @ 0000020054ca7b00] frame= 441 QP=17.78 NAL=2 Slice:P Poc:140 I:86   P:4251 SKIP:3823 size=20109 bytes
[h264 @ 000002005514e980] nal_unit_type: 1(Coded slice of a non-IDR picture), nal_ref_idc: 2
[out#0/hls @ 0000020054ccdf00] sq: send 0 ts 21.666667
[out#0/hls @ 0000020054ccdf00] sq: receive 0 ts 21.666667 queue head -1 ts N/A
[h264 @ 0000020054cab3c0] nal_unit_type: 1(Coded slice of a non-IDR picture), nal_ref_idc: 0
[libx264 @ 0000020054ca7b00] frame= 442 QP=26.59 NAL=2 Slice:B Poc:136 I:19   P:1373 SKIP:6768 size=3453 bytes
[out#0/hls @ 0000020054ccdf00] sq: send 0 ts 21.708333
[out#0/hls @ 0000020054ccdf00] sq: receive 0 ts 21.708333 queue head -1 ts N/A
[h264 @ 0000020054d31000] nal_unit_type: 1(Coded slice of a non-IDR picture), nal_ref_idc: 0
[libx264 @ 0000020054ca7b00] frame= 443 QP=27.90 NAL=0 Slice:B Poc:134 I:7    P:1228 SKIP:6925 size=2178 bytes
[out#0/hls @ 0000020054ccdf00] sq: send 1 ts 22.997333
[out#0/hls @ 0000020054ccdf00] sq: receive 1 ts 22.997333 queue head -1 ts N/A
[out#0/hls @ 0000020054ccdf00] sq: send 0 ts 21.75
[out#0/hls @ 0000020054ccdf00] sq: receive 0 ts 21.75 queue head -1 ts N/A
[h264 @ 0000020054d316c0] nal_unit_type: 1(Coded slice of a non-IDR picture), nal_ref_idc: 2
[libx264 @ 0000020054ca7b00] frame= 444 QP=28.56 NAL=0 Slice:B Poc:138 I:14   P:1214 SKIP:6932 size=1923 bytes
[out#0/hls @ 0000020054ccdf00] sq: send 1 ts 23.018667
[out#0/hls @ 0000020054ccdf00] sq: receive 1 ts 23.018667 queue head -1 ts N/A
[out#0/hls @ 0000020054ccdf00] sq: send 1 ts 23.04
[out#0/hls @ 0000020054ccdf00] sq: receive 1 ts 23.04 queue head -1 ts N/A
[out#0/hls @ 0000020054ccdf00] sq: send 1 ts 23.061333
[out#0/hls @ 0000020054ccdf00] sq: receive 1 ts 23.061333 queue head -1 ts N/A
[out#0/hls @ 0000020054ccdf00] sq: send 1 ts 23.082667
[out#0/hls @ 0000020054ccdf00] sq: receive 1 ts 23.082667 queue head -1 ts N/A
[out#0/hls @ 0000020054ccdf00] sq: send 1 ts 23.104
[out#0/hls @ 0000020054ccdf00] sq: receive 1 ts 23.104 queue head -1 ts N/A
[out#0/hls @ 0000020054ccdf00] sq: send 1 ts 23.125333
[out#0/hls @ 0000020054ccdf00] sq: receive 1 ts 23.125333 queue head -1 ts N/A
[h264 @ 0000020055207440] nal_unit_type: 1(Coded slice of a non-IDR picture), nal_ref_idc: 2
[out#0/hls @ 0000020054ccdf00] sq: send 0 ts 21.791667
[out#0/hls @ 0000020054ccdf00] sq: receive 0 ts 21.791667 queue head -1 ts N/A
[libx264 @ 0000020054ca7b00] frame= 445 QP=17.87 NAL=2 Slice:P Poc:148 I:141  P:3849 SKIP:4170 size=19033 bytes
[out#0/hls @ 0000020054ccdf00] sq: send 0 ts 21.833333
[out#0/hls @ 0000020054ccdf00] sq: receive 0 ts 21.833333 queue head -1 ts N/A
[h264 @ 0000020054f6de40] nal_unit_type: 1(Coded slice of a non-IDR picture), nal_ref_idc: 0
[libx264 @ 0000020054ca7b00] frame= 446 QP=26.46 NAL=2 Slice:B Poc:144 I:20   P:1280 SKIP:6860 size=3411 bytes
[out#0/hls @ 0000020054ccdf00] sq: send 1 ts 23.146667
[out#0/hls @ 0000020054ccdf00] sq: receive 1 ts 23.146667 queue head -1 ts N/A
[out#0/hls @ 0000020054ccdf00] sq: send 1 ts 23.168
[out#0/hls @ 0000020054ccdf00] sq: receive 1 ts 23.168 queue head -1 ts N/A
[h264 @ 0000020054f6e940] nal_unit_type: 1(Coded slice of a non-IDR picture), nal_ref_idc: 0
[out#0/hls @ 0000020054ccdf00] sq: send 1 ts 23.189333
[out#0/hls @ 0000020054ccdf00] sq: receive 1 ts 23.189333 queue head -1 ts N/A
[out#0/hls @ 0000020054ccdf00] sq: send 1 ts 23.210667
[out#0/hls @ 0000020054ccdf00] sq: receive 1 ts 23.210667 queue head -1 ts N/A
[out#0/hls @ 0000020054ccdf00] sq: send 0 ts 21.875
[out#0/hls @ 0000020054ccdf00] sq: receive 0 ts 21.875 queue head -1 ts N/A
[libx264 @ 0000020054ca7b00] frame= 447 QP=28.73 NAL=0 Slice:B Poc:142 I:9    P:1108 SKIP:7043 size=1936 bytes
[out#0/hls @ 0000020054ccdf00] sq: send 0 ts 21.916667
[out#0/hls @ 0000020054ccdf00] sq: receive 0 ts 21.916667 queue head -1 ts N/A
[h264 @ 0000020054cc1180] nal_unit_type: 1(Coded slice of a non-IDR picture), nal_ref_idc: 2
[libx264 @ 0000020054ca7b00] frame= 448 QP=29.38 NAL=0 Slice:B Poc:146 I:18   P:1172 SKIP:6970 size=2430 bytes
[out#0/hls @ 0000020054ccdf00] sq: send 0 ts 21.958333
[out#0/hls @ 0000020054ccdf00] sq: receive 0 ts 21.958333 queue head -1 ts N/A
[h264 @ 0000020054cc1c80] nal_unit_type: 1(Coded slice of a non-IDR picture), nal_ref_idc: 2
[libx264 @ 0000020054ca7b00] frame= 449 QP=17.39 NAL=2 Slice:P Poc:152 I:90   P:4431 SKIP:3639 size=19778 bytes
[out#0/hls @ 0000020054ccdf00] sq: send 0 ts 22
[out#0/hls @ 0000020054ccdf00] sq: receive 0 ts 22 queue head -1 ts N/A
[h264 @ 0000020054e28880] nal_unit_type: 1(Coded slice of a non-IDR picture), nal_ref_idc: 0
[libx264 @ 0000020054ca7b00] frame= 450 QP=29.58 NAL=0 Slice:B Poc:150 I:15   P:1395 SKIP:6750 size=2045 bytes
[out#0/hls @ 0000020054ccdf00] sq: send 1 ts 23.232
[out#0/hls @ 0000020054ccdf00] sq: receive 1 ts 23.232 queue head -1 ts N/A
[out#0/hls @ 0000020054ccdf00] sq: send 0 ts 22.041667
[out#0/hls @ 0000020054ccdf00] sq: receive 0 ts 22.041667 queue head -1 ts N/A
[h264 @ 0000020054e29240] nal_unit_type: 1(Coded slice of a non-IDR picture), nal_ref_idc: 0
[libx264 @ 0000020054ca7b00] frame= 451 QP=17.37 NAL=2 Slice:P Poc:160 I:37   P:5276 SKIP:2847 size=23493 bytes
[out#0/hls @ 0000020054ccdf00] sq: send 1 ts 23.253333
[out#0/hls @ 0000020054ccdf00] sq: receive 1 ts 23.253333 queue head -1 ts N/A
[out#0/hls @ 0000020054ccdf00] sq: send 0 ts 22.083333
[out#0/hls @ 0000020054ccdf00] sq: receive 0 ts 22.083333 queue head -1 ts N/A
[h264 @ 0000020054f4d980] nal_unit_type: 1(Coded slice of a non-IDR picture), nal_ref_idc: 2
[libx264 @ 0000020054ca7b00] frame= 452 QP=24.98 NAL=2 Slice:B Poc:156 I:7    P:2872 SKIP:5281 size=3191 bytes
[out#0/hls @ 0000020054ccdf00] sq: send 1 ts 23.274667
[out#0/hls @ 0000020054ccdf00] sq: receive 1 ts 23.274667 queue head -1 ts N/A
[out#0/hls @ 0000020054ccdf00] sq: send 1 ts 23.296
[out#0/hls @ 0000020054ccdf00] sq: receive 1 ts 23.296 queue head -1 ts N/A
[out#0/hls @ 0000020054ccdf00] sq: send 1 ts 23.317333
[out#0/hls @ 0000020054ccdf00] sq: receive 1 ts 23.317333 queue head -1 ts N/A
[out#0/hls @ 0000020054ccdf00] sq: send 1 ts 23.338667
[out#0/hls @ 0000020054ccdf00] sq: receive 1 ts 23.338667 queue head -1 ts N/A
[out#0/hls @ 0000020054ccdf00] sq: send 1 ts 23.36
[out#0/hls @ 0000020054ccdf00] sq: receive 1 ts 23.36 queue head -1 ts N/A
[out#0/hls @ 0000020054ccdf00] sq: send 1 ts 23.381333
[out#0/hls @ 0000020054ccdf00] sq: receive 1 ts 23.381333 queue head -1 ts N/A
[out#0/hls @ 0000020054ccdf00] sq: send 1 ts 23.402667
[out#0/hls @ 0000020054ccdf00] sq: receive 1 ts 23.402667 queue head -1 ts N/A
[out#0/hls @ 0000020054ccdf00] sq: send 1 ts 23.424
[out#0/hls @ 0000020054ccdf00] sq: receive 1 ts 23.424 queue head -1 ts N/A
[h264 @ 0000020054f4e480] nal_unit_type: 1(Coded slice of a non-IDR picture), nal_ref_idc: 2
[out#0/hls @ 0000020054ccdf00] sq: send 1 ts 23.445333
[out#0/hls @ 0000020054ccdf00] sq: receive 1 ts 23.445333 queue head -1 ts N/A
[out#0/hls @ 0000020054ccdf00] sq: send 1 ts 23.466667
[out#0/hls @ 0000020054ccdf00] sq: receive 1 ts 23.466667 queue head -1 ts N/A
[out#0/hls @ 0000020054ccdf00] sq: send 0 ts 22.125
[out#0/hls @ 0000020054ccdf00] sq: receive 0 ts 22.125 queue head -1 ts N/A
[libx264 @ 0000020054ca7b00] frame= 453 QP=28.60 NAL=0 Slice:B Poc:154 I:8    P:1844 SKIP:6308 size=2042 bytes
[out#0/hls @ 0000020054ccdf00] sq: send 0 ts 22.166667
[out#0/hls @ 0000020054ccdf00] sq: receive 0 ts 22.166667 queue head -1 ts N/A
[libx264 @ 0000020054ca7b00] frame= 454 QP=28.06 NAL=0 Slice:B Poc:158 I:4    P:1848 SKIP:6308 size=1661 bytes
[out#0/hls @ 0000020054ccdf00] sq: send 0 ts 22.208333
[out#0/hls @ 0000020054ccdf00] sq: receive 0 ts 22.208333 queue head -1 ts N/A
[h264 @ 0000020054f0edc0] nal_unit_type: 1(Coded slice of a non-IDR picture), nal_ref_idc: 0
[h264 @ 0000020054f0df00] nal_unit_type: 1(Coded slice of a non-IDR picture), nal_ref_idc: 0
[libx264 @ 0000020054ca7b00] frame= 455 QP=17.38 NAL=2 Slice:P Poc:168 I:80   P:4269 SKIP:3811 size=19496 bytes
[out#0/hls @ 0000020054ccdf00] sq: send 1 ts 23.488
[out#0/hls @ 0000020054ccdf00] sq: receive 1 ts 23.488 queue head -1 ts N/A
[out#0/hls @ 0000020054ccdf00] sq: send 1 ts 23.509333
[out#0/hls @ 0000020054ccdf00] sq: receive 1 ts 23.509333 queue head -1 ts N/A
[out#0/hls @ 0000020054ccdf00] sq: send 1 ts 23.530667
[out#0/hls @ 0000020054ccdf00] sq: receive 1 ts 23.530667 queue head -1 ts N/A
[out#0/hls @ 0000020054ccdf00] sq: send 1 ts 23.552
[out#0/hls @ 0000020054ccdf00] sq: receive 1 ts 23.552 queue head -1 ts N/A
[out#0/hls @ 0000020054ccdf00] sq: send 0 ts 22.25
[h264 @ 0000020054f0f140] nal_unit_type: 1(Coded slice of a non-IDR picture), nal_ref_idc: 2
[out#0/hls @ 0000020054ccdf00] sq: receive 0 ts 22.25 queue head -1 ts N/A
[libx264 @ 0000020054ca7b00] frame= 456 QP=25.87 NAL=2 Slice:B Poc:164 I:6    P:2770 SKIP:5384 size=3793 bytes
[out#0/hls @ 0000020054ccdf00] sq: send 1 ts 23.573333
[out#0/hls @ 0000020054ccdf00] sq: receive 1 ts 23.573333 queue head -1 ts N/A
[out#0/hls @ 0000020054ccdf00] sq: send 1 ts 23.594667
[out#0/hls @ 0000020054ccdf00] sq: receive 1 ts 23.594667 queue head -1 ts N/A
[out#0/hls @ 0000020054ccdf00] sq: send 1 ts 23.616
[out#0/hls @ 0000020054ccdf00] sq: receive 1 ts 23.616 queue head -1 ts N/A
[out#0/hls @ 0000020054ccdf00] sq: send 1 ts 23.637333
[out#0/hls @ 0000020054ccdf00] sq: receive 1 ts 23.637333 queue head -1 ts N/A
[h264 @ 000002005514e980] nal_unit_type: 1(Coded slice of a non-IDR picture), nal_ref_idc: 2
[out#0/hls @ 0000020054ccdf00] sq: send 0 ts 22.291667
[out#0/hls @ 0000020054ccdf00] sq: receive 0 ts 22.291667 queue head -1 ts N/A
[libx264 @ 0000020054ca7b00] frame= 457 QP=26.77 NAL=0 Slice:B Poc:162 I:5    P:2268 SKIP:5887 size=2271 bytes
[out#0/hls @ 0000020054ccdf00] sq: send 0 ts 22.333333
[out#0/hls @ 0000020054ccdf00] sq: receive 0 ts 22.333333 queue head -1 ts N/A
[h264 @ 0000020054cab3c0] nal_unit_type: 1(Coded slice of a non-IDR picture), nal_ref_idc: 0
[libx264 @ 0000020054ca7b00] frame= 458 QP=28.55 NAL=0 Slice:B Poc:166 I:6    P:2158 SKIP:5996 size=2210 bytes
[out#0/hls @ 0000020054ccdf00] sq: send 1 ts 23.658667
[out#0/hls @ 0000020054ccdf00] sq: receive 1 ts 23.658667 queue head -1 ts N/A
[out#0/hls @ 0000020054ccdf00] sq: send 1 ts 23.68
[out#0/hls @ 0000020054ccdf00] sq: receive 1 ts 23.68 queue head -1 ts N/A
[out#0/hls @ 0000020054ccdf00] sq: send 1 ts 23.701333
[out#0/hls @ 0000020054ccdf00] sq: receive 1 ts 23.701333 queue head -1 ts N/A
[out#0/hls @ 0000020054ccdf00] sq: send 1 ts 23.722667
[out#0/hls @ 0000020054ccdf00] sq: receive 1 ts 23.722667 queue head -1 ts N/A
[out#0/hls @ 0000020054ccdf00] sq: send 0 ts 22.375
[out#0/hls @ 0000020054ccdf00] sq: receive 0 ts 22.375 queue head -1 ts N/A
[h264 @ 0000020054d31000] nal_unit_type: 1(Coded slice of a non-IDR picture), nal_ref_idc: 0
[libx264 @ 0000020054ca7b00] frame= 459 QP=17.40 NAL=2 Slice:P Poc:176 I:43   P:4593 SKIP:3524 size=18463 bytes
[out#0/hls @ 0000020054ccdf00] sq: send 0 ts 22.416667
[out#0/hls @ 0000020054ccdf00] sq: receive 0 ts 22.416667 queue head -1 ts N/A
[h264 @ 0000020054d316c0] nal_unit_type: 1(Coded slice of a non-IDR picture), nal_ref_idc: 2
[libx264 @ 0000020054ca7b00] frame= 460 QP=24.93 NAL=2 Slice:B Poc:172 I:4    P:2789 SKIP:5367 size=3628 bytes
[out#0/hls @ 0000020054ccdf00] sq: send 0 ts 22.458333
[out#0/hls @ 0000020054ccdf00] sq: receive 0 ts 22.458333 queue head -1 ts N/A
[h264 @ 0000020055207440] nal_unit_type: 1(Coded slice of a non-IDR picture), nal_ref_idc: 2
[libx264 @ 0000020054ca7b00] frame= 461 QP=28.34 NAL=0 Slice:B Poc:170 I:10   P:2278 SKIP:5872 size=2289 bytes
[out#0/hls @ 0000020054ccdf00] sq: send 0 ts 22.5
[out#0/hls @ 0000020054ccdf00] sq: receive 0 ts 22.5 queue head -1 ts N/A
[h264 @ 0000020054f6de40] nal_unit_type: 1(Coded slice of a non-IDR picture), nal_ref_idc: 0
[libx264 @ 0000020054ca7b00] frame= 462 QP=27.72 NAL=0 Slice:B Poc:174 I:4    P:2213 SKIP:5943 size=2125 bytes
[out#0/hls @ 0000020054ccdf00] sq: send 1 ts 23.744
[out#0/hls @ 0000020054ccdf00] sq: receive 1 ts 23.744 queue head -1 ts N/A
[out#0/hls @ 0000020054ccdf00] sq: send 0 ts 22.541667
[out#0/hls @ 0000020054ccdf00] sq: receive 0 ts 22.541667 queue head -1 ts N/A
[h264 @ 0000020054f6e940] nal_unit_type: 1(Coded slice of a non-IDR picture), nal_ref_idc: 0
[libx264 @ 0000020054ca7b00] frame= 463 QP=17.32 NAL=2 Slice:P Poc:184 I:141  P:5291 SKIP:2728 size=23853 bytes
[out#0/hls @ 0000020054ccdf00] sq: send 0 ts 22.583333
[out#0/hls @ 0000020054ccdf00] sq: receive 0 ts 22.583333 queue head -1 ts N/A
[h264 @ 0000020054cc1180] nal_unit_type: 1(Coded slice of a non-IDR picture), nal_ref_idc: 2
[libx264 @ 0000020054ca7b00] frame= 464 QP=24.79 NAL=2 Slice:B Poc:180 I:6    P:3127 SKIP:5027 size=3793 bytes
[out#0/hls @ 0000020054ccdf00] sq: send 0 ts 22.625
[out#0/hls @ 0000020054ccdf00] sq: receive 0 ts 22.625 queue head -1 ts N/A
[h264 @ 0000020054cc1c80] nal_unit_type: 1(Coded slice of a non-IDR picture), nal_ref_idc: 2
[libx264 @ 0000020054ca7b00] frame= 465 QP=28.61 NAL=0 Slice:B Poc:178 I:4    P:2081 SKIP:6075 size=2258 bytes
[out#0/hls @ 0000020054ccdf00] sq: send 0 ts 22.666667
[out#0/hls @ 0000020054ccdf00] sq: receive 0 ts 22.666667 queue head -1 ts N/A
[h264 @ 0000020054e28880] nal_unit_type: 1(Coded slice of a non-IDR picture), nal_ref_idc: 0
[libx264 @ 0000020054ca7b00] frame= 466 QP=28.61 NAL=0 Slice:B Poc:182 I:21   P:1896 SKIP:6243 size=2034 bytes
[out#0/hls @ 0000020054ccdf00] sq: send 0 ts 22.708333
[out#0/hls @ 0000020054ccdf00] sq: receive 0 ts 22.708333 queue head -1 ts N/A
[h264 @ 0000020054e29240] nal_unit_type: 1(Coded slice of a non-IDR picture), nal_ref_idc: 0
[libx264 @ 0000020054ca7b00] frame= 467 QP=17.40 NAL=2 Slice:P Poc:192 I:78   P:3938 SKIP:4144 size=15299 bytes
[out#0/hls @ 0000020054ccdf00] sq: send 1 ts 23.765333
[out#0/hls @ 0000020054ccdf00] sq: receive 1 ts 23.765333 queue head -1 ts N/A
[out#0/hls @ 0000020054ccdf00] sq: send 1 ts 23.786667
[out#0/hls @ 0000020054ccdf00] sq: receive 1 ts 23.786667 queue head -1 ts N/A
[out#0/hls @ 0000020054ccdf00] sq: send 1 ts 23.808
[out#0/hls @ 0000020054ccdf00] sq: receive 1 ts 23.808 queue head -1 ts N/A
[out#0/hls @ 0000020054ccdf00] sq: send 1 ts 23.829333
[h264 @ 0000020054f4d980] nal_unit_type: 1(Coded slice of a non-IDR picture), nal_ref_idc: 2
[out#0/hls @ 0000020054ccdf00] sq: receive 1 ts 23.829333 queue head -1 ts N/A
[out#0/hls @ 0000020054ccdf00] sq: send 1 ts 23.850667
[out#0/hls @ 0000020054ccdf00] sq: receive 1 ts 23.850667 queue head -1 ts N/A
[out#0/hls @ 0000020054ccdf00] sq: send 1 ts 23.872
[out#0/hls @ 0000020054ccdf00] sq: receive 1 ts 23.872 queue head -1 ts N/A
[out#0/hls @ 0000020054ccdf00] sq: send 1 ts 23.893333
[out#0/hls @ 0000020054ccdf00] sq: receive 1 ts 23.893333 queue head -1 ts N/A
[out#0/hls @ 0000020054ccdf00] sq: send 1 ts 23.914667
[out#0/hls @ 0000020054ccdf00] sq: receive 1 ts 23.914667 queue head -1 ts N/A
[out#0/hls @ 0000020054ccdf00] sq: send 1 ts 23.936
[out#0/hls @ 0000020054ccdf00] sq: receive 1 ts 23.936 queue head -1 ts N/A
[out#0/hls @ 0000020054ccdf00] sq: send 1 ts 23.957333
[out#0/hls @ 0000020054ccdf00] sq: receive 1 ts 23.957333 queue head -1 ts N/A
[out#0/hls @ 0000020054ccdf00] sq: send 1 ts 23.978667
[out#0/hls @ 0000020054ccdf00] sq: receive 1 ts 23.978667 queue head -1 ts N/A
[out#0/hls @ 0000020054ccdf00] sq: send 0 ts 22.75
[out#0/hls @ 0000020054ccdf00] sq: receive 0 ts 22.75 queue head -1 ts N/A
[libx264 @ 0000020054ca7b00] frame= 468 QP=25.21 NAL=2 Slice:B Poc:188 I:12   P:2557 SKIP:5591 size=2869 bytes
[out#0/hls @ 0000020054ccdf00] sq: send 1 ts 24
[out#0/hls @ 0000020054ccdf00] sq: receive 1 ts 24 queue head -1 ts N/A
[out#0/hls @ 0000020054ccdf00] sq: send 1 ts 24.021333
[out#0/hls @ 0000020054ccdf00] sq: receive 1 ts 24.021333 queue head -1 ts N/A
[out#0/hls @ 0000020054ccdf00] sq: send 1 ts 24.042667
[out#0/hls @ 0000020054ccdf00] sq: receive 1 ts 24.042667 queue head -1 ts N/A
[out#0/hls @ 0000020054ccdf00] sq: send 1 ts 24.064
[out#0/hls @ 0000020054ccdf00] sq: receive 1 ts 24.064 queue head -1 ts N/A
[out#0/hls @ 0000020054ccdf00] sq: send 1 ts 24.085333
[out#0/hls @ 0000020054ccdf00] sq: receive 1 ts 24.085333 queue head -1 ts N/A
[h264 @ 0000020054f4e480] nal_unit_type: 1(Coded slice of a non-IDR picture), nal_ref_idc: 2
[out#0/hls @ 0000020054ccdf00] sq: send 0 ts 22.791667
[out#0/hls @ 0000020054ccdf00] sq: receive 0 ts 22.791667 queue head -1 ts N/A
[libx264 @ 0000020054ca7b00] frame= 469 QP=28.99 NAL=0 Slice:B Poc:186 I:11   P:1846 SKIP:6303 size=1843 bytes
[out#0/hls @ 0000020054ccdf00] sq: send 1 ts 24.106667
[out#0/hls @ 0000020054ccdf00] sq: receive 1 ts 24.106667 queue head -1 ts N/A
[out#0/hls @ 0000020054ccdf00] sq: send 0 ts 22.833333
[out#0/hls @ 0000020054ccdf00] sq: receive 0 ts 22.833333 queue head -1 ts N/A
[h264 @ 0000020054f0edc0] nal_unit_type: 1(Coded slice of a non-IDR picture), nal_ref_idc: 0
[libx264 @ 0000020054ca7b00] frame= 470 QP=29.12 NAL=0 Slice:B Poc:190 I:7    P:1908 SKIP:6245 size=1639 bytes
[out#0/hls @ 0000020054ccdf00] sq: send 1 ts 24.128
[out#0/hls @ 0000020054ccdf00] sq: receive 1 ts 24.128 queue head -1 ts N/A
[out#0/hls @ 0000020054ccdf00] sq: send 0 ts 22.875
[out#0/hls @ 0000020054ccdf00] sq: receive 0 ts 22.875 queue head -1 ts N/A
[h264 @ 0000020054f0df00] nal_unit_type: 1(Coded slice of a non-IDR picture), nal_ref_idc: 0
[libx264 @ 0000020054ca7b00] frame= 471 QP=17.66 NAL=2 Slice:P Poc:200 I:156  P:3530 SKIP:4474 size=16270 bytes
[out#0/hls @ 0000020054ccdf00] sq: send 0 ts 22.916667
[out#0/hls @ 0000020054ccdf00] sq: receive 0 ts 22.916667 queue head -1 ts N/A
[h264 @ 0000020054f0f140] nal_unit_type: 1(Coded slice of a non-IDR picture), nal_ref_idc: 2
[libx264 @ 0000020054ca7b00] frame= 472 QP=25.90 NAL=2 Slice:B Poc:196 I:6    P:2000 SKIP:6154 size=3106 bytes
[out#0/hls @ 0000020054ccdf00] sq: send 1 ts 24.149333
[out#0/hls @ 0000020054ccdf00] sq: receive 1 ts 24.149333 queue head -1 ts N/A
[out#0/hls @ 0000020054ccdf00] sq: send 1 ts 24.170667
[out#0/hls @ 0000020054ccdf00] sq: receive 1 ts 24.170667 queue head -1 ts N/A
[out#0/hls @ 0000020054ccdf00] sq: send 1 ts 24.192
[out#0/hls @ 0000020054ccdf00] sq: receive 1 ts 24.192 queue head -1 ts N/A
[out#0/hls @ 0000020054ccdf00] sq: send 0 ts 22.958333
[h264 @ 000002005514e980] nal_unit_type: 1(Coded slice of a non-IDR picture), nal_ref_idc: 2
[out#0/hls @ 0000020054ccdf00] sq: receive 0 ts 22.958333 queue head -1 ts N/A
[libx264 @ 0000020054ca7b00] frame= 473 QP=28.57 NAL=0 Slice:B Poc:194 I:7    P:1874 SKIP:6279 size=1797 bytes
[out#0/hls @ 0000020054ccdf00] sq: send 1 ts 24.213333
[out#0/hls @ 0000020054ccdf00] sq: receive 1 ts 24.213333 queue head -1 ts N/A
[out#0/hls @ 0000020054ccdf00] sq: send 0 ts 23
[out#0/hls @ 0000020054ccdf00] sq: receive 0 ts 23 queue head -1 ts N/A
[h264 @ 0000020054cab3c0] nal_unit_type: 1(Coded slice of a non-IDR picture), nal_ref_idc: 0
[libx264 @ 0000020054ca7b00] frame= 474 QP=30.15 NAL=0 Slice:B Poc:198 I:33   P:1586 SKIP:6541 size=2633 bytes
[out#0/hls @ 0000020054ccdf00] sq: send 1 ts 24.234667
[out#0/hls @ 0000020054ccdf00] sq: receive 1 ts 24.234667 queue head -1 ts N/A
[out#0/hls @ 0000020054ccdf00] sq: send 1 ts 24.256
[out#0/hls @ 0000020054ccdf00] sq: receive 1 ts 24.256 queue head -1 ts N/A
[out#0/hls @ 0000020054ccdf00] sq: send 1 ts 24.277333
[out#0/hls @ 0000020054ccdf00] sq: receive 1 ts 24.277333 queue head -1 ts N/A
[out#0/hls @ 0000020054ccdf00] sq: send 1 ts 24.298667
[out#0/hls @ 0000020054ccdf00] sq: receive 1 ts 24.298667 queue head -1 ts N/A
[out#0/hls @ 0000020054ccdf00] sq: send 1 ts 24.32
[out#0/hls @ 0000020054ccdf00] sq: receive 1 ts 24.32 queue head -1 ts N/A
[out#0/hls @ 0000020054ccdf00] sq: send 1 ts 24.341333
[out#0/hls @ 0000020054ccdf00] sq: receive 1 ts 24.341333 queue head -1 ts N/A
[out#0/hls @ 0000020054ccdf00] sq: send 0 ts 23.041667
[out#0/hls @ 0000020054ccdf00] sq: receive 0 ts 23.041667 queue head -1 ts N/A
[h264 @ 0000020054d31000] nal_unit_type: 1(Coded slice of a non-IDR picture), nal_ref_idc: 0
[libx264 @ 0000020054ca7b00] frame= 475 QP=17.61 NAL=2 Slice:P Poc:208 I:100  P:4039 SKIP:4021 size=16365 bytes
[out#0/hls @ 0000020054ccdf00] sq: send 0 ts 23.083333
[out#0/hls @ 0000020054ccdf00] sq: receive 0 ts 23.083333 queue head -1 ts N/A
[h264 @ 0000020054d316c0] nal_unit_type: 1(Coded slice of a non-IDR picture), nal_ref_idc: 2
frame=  475 fps=102 q=28.0 size=N/A time=00:00:19.70 bitrate=N/A speed=4.24x    [libx264 @ 0000020054ca7b00] frame= 476 QP=25.68 NAL=2 Slice:B Poc:204 I:9    P:2549 SKIP:5602 size=3314 bytes
[out#0/hls @ 0000020054ccdf00] sq: send 0 ts 23.125
[out#0/hls @ 0000020054ccdf00] sq: receive 0 ts 23.125 queue head -1 ts N/A
[h264 @ 0000020055207440] nal_unit_type: 1(Coded slice of a non-IDR picture), nal_ref_idc: 2
[libx264 @ 0000020054ca7b00] frame= 477 QP=28.93 NAL=0 Slice:B Poc:202 I:13   P:1897 SKIP:6250 size=2350 bytes
[out#0/hls @ 0000020054ccdf00] sq: send 0 ts 23.166667
[out#0/hls @ 0000020054ccdf00] sq: receive 0 ts 23.166667 queue head -1 ts N/A
[h264 @ 0000020054f6de40] nal_unit_type: 1(Coded slice of a non-IDR picture), nal_ref_idc: 0
[libx264 @ 0000020054ca7b00] frame= 478 QP=30.30 NAL=0 Slice:B Poc:206 I:8    P:1965 SKIP:6187 size=1837 bytes
[out#0/hls @ 0000020054ccdf00] sq: send 1 ts 24.362667
[out#0/hls @ 0000020054ccdf00] sq: receive 1 ts 24.362667 queue head -1 ts N/A
[out#0/hls @ 0000020054ccdf00] sq: send 1 ts 24.384
[out#0/hls @ 0000020054ccdf00] sq: receive 1 ts 24.384 queue head -1 ts N/A
[out#0/hls @ 0000020054ccdf00] sq: send 1 ts 24.405333
[out#0/hls @ 0000020054ccdf00] sq: receive 1 ts 24.405333 queue head -1 ts N/A
[out#0/hls @ 0000020054ccdf00] sq: send 1 ts 24.426667
[out#0/hls @ 0000020054ccdf00] sq: receive 1 ts 24.426667 queue head -1 ts N/A
[out#0/hls @ 0000020054ccdf00] sq: send 0 ts 23.208333
[out#0/hls @ 0000020054ccdf00] sq: receive 0 ts 23.208333 queue head -1 ts N/A
[h264 @ 0000020054f6e940] nal_unit_type: 1(Coded slice of a non-IDR picture), nal_ref_idc: 0
[libx264 @ 0000020054ca7b00] frame= 479 QP=17.55 NAL=2 Slice:P Poc:216 I:56   P:4726 SKIP:3378 size=20763 bytes
[out#0/hls @ 0000020054ccdf00] sq: send 1 ts 24.448
[out#0/hls @ 0000020054ccdf00] sq: receive 1 ts 24.448 queue head -1 ts N/A
[out#0/hls @ 0000020054ccdf00] sq: send 0 ts 23.25
[out#0/hls @ 0000020054ccdf00] sq: receive 0 ts 23.25 queue head -1 ts N/A
[h264 @ 0000020054cc1180] nal_unit_type: 1(Coded slice of a non-IDR picture), nal_ref_idc: 2
[libx264 @ 0000020054ca7b00] frame= 480 QP=25.18 NAL=2 Slice:B Poc:212 I:2    P:2842 SKIP:5316 size=3394 bytes
[out#0/hls @ 0000020054ccdf00] sq: send 0 ts 23.291667
[out#0/hls @ 0000020054ccdf00] sq: receive 0 ts 23.291667 queue head -1 ts N/A
[h264 @ 0000020054cc1c80] nal_unit_type: 1(Coded slice of a non-IDR picture), nal_ref_idc: 2
[libx264 @ 0000020054ca7b00] frame= 481 QP=28.27 NAL=0 Slice:B Poc:210 I:7    P:2008 SKIP:6145 size=1968 bytes
[out#0/hls @ 0000020054ccdf00] sq: send 1 ts 24.469333
[out#0/hls @ 0000020054ccdf00] sq: receive 1 ts 24.469333 queue head -1 ts N/A
[out#0/hls @ 0000020054ccdf00] sq: send 1 ts 24.490667
[out#0/hls @ 0000020054ccdf00] sq: receive 1 ts 24.490667 queue head -1 ts N/A
[out#0/hls @ 0000020054ccdf00] sq: send 1 ts 24.512
[out#0/hls @ 0000020054ccdf00] sq: receive 1 ts 24.512 queue head -1 ts N/A
[out#0/hls @ 0000020054ccdf00] sq: send 1 ts 24.533333
[out#0/hls @ 0000020054ccdf00] sq: receive 1 ts 24.533333 queue head -1 ts N/A
[out#0/hls @ 0000020054ccdf00] sq: send 1 ts 24.554667
[out#0/hls @ 0000020054ccdf00] sq: receive 1 ts 24.554667 queue head -1 ts N/A
[out#0/hls @ 0000020054ccdf00] sq: send 1 ts 24.576
[out#0/hls @ 0000020054ccdf00] sq: receive 1 ts 24.576 queue head -1 ts N/A
[out#0/hls @ 0000020054ccdf00] sq: send 1 ts 24.597333
[out#0/hls @ 0000020054ccdf00] sq: receive 1 ts 24.597333 queue head -1 ts N/A
[out#0/hls @ 0000020054ccdf00] sq: send 1 ts 24.618667
[out#0/hls @ 0000020054ccdf00] sq: receive 1 ts 24.618667 queue head -1 ts N/A
[out#0/hls @ 0000020054ccdf00] sq: send 1 ts 24.64
[out#0/hls @ 0000020054ccdf00] sq: receive 1 ts 24.64 queue head -1 ts N/A
[libx264 @ 0000020054ca7b00] frame= 482 QP=28.93 NAL=0 Slice:B Poc:214 I:6    P:1877 SKIP:6277 size=2167 bytes
[h264 @ 0000020054e28880] nal_unit_type: 1(Coded slice of a non-IDR picture), nal_ref_idc: 0
[out#0/hls @ 0000020054ccdf00] sq: send 0 ts 23.333333
[out#0/hls @ 0000020054ccdf00] sq: receive 0 ts 23.333333 queue head -1 ts N/A
[out#0/hls @ 0000020054ccdf00] sq: send 0 ts 23.375
[out#0/hls @ 0000020054ccdf00] sq: receive 0 ts 23.375 queue head -1 ts N/A
[h264 @ 0000020054e29240] nal_unit_type: 1(Coded slice of a non-IDR picture), nal_ref_idc: 0
[libx264 @ 0000020054ca7b00] frame= 483 QP=17.53 NAL=2 Slice:P Poc:224 I:161  P:3604 SKIP:4395 size=18755 bytes
[out#0/hls @ 0000020054ccdf00] sq: send 1 ts 24.661333
[out#0/hls @ 0000020054ccdf00] sq: receive 1 ts 24.661333 queue head -1 ts N/A
[out#0/hls @ 0000020054ccdf00] sq: send 1 ts 24.682667
[out#0/hls @ 0000020054ccdf00] sq: receive 1 ts 24.682667 queue head -1 ts N/A
[out#0/hls @ 0000020054ccdf00] sq: send 1 ts 24.704
[out#0/hls @ 0000020054ccdf00] sq: receive 1 ts 24.704 queue head -1 ts N/A
[out#0/hls @ 0000020054ccdf00] sq: send 1 ts 24.725333
[out#0/hls @ 0000020054ccdf00] sq: receive 1 ts 24.725333 queue head -1 ts N/A
[h264 @ 0000020054f4d980] nal_unit_type: 1(Coded slice of a non-IDR picture), nal_ref_idc: 2
[out#0/hls @ 0000020054ccdf00] sq: send 1 ts 24.746667
[out#0/hls @ 0000020054ccdf00] sq: receive 1 ts 24.746667 queue head -1 ts N/A
[out#0/hls @ 0000020054ccdf00] sq: send 1 ts 24.768
[out#0/hls @ 0000020054ccdf00] sq: receive 1 ts 24.768 queue head -1 ts N/A
[out#0/hls @ 0000020054ccdf00] sq: send 0 ts 23.416667
[out#0/hls @ 0000020054ccdf00] sq: receive 0 ts 23.416667 queue head -1 ts N/A
[libx264 @ 0000020054ca7b00] frame= 484 QP=26.91 NAL=2 Slice:B Poc:220 I:30   P:2321 SKIP:5809 size=4379 bytes
[out#0/hls @ 0000020054ccdf00] sq: send 0 ts 23.458333
[out#0/hls @ 0000020054ccdf00] sq: receive 0 ts 23.458333 queue head -1 ts N/A
[h264 @ 0000020054f4e480] nal_unit_type: 1(Coded slice of a non-IDR picture), nal_ref_idc: 2
[libx264 @ 0000020054ca7b00] frame= 485 QP=28.61 NAL=0 Slice:B Poc:218 I:19   P:1825 SKIP:6316 size=2834 bytes
[out#0/hls @ 0000020054ccdf00] sq: send 0 ts 23.5
[out#0/hls @ 0000020054ccdf00] sq: receive 0 ts 23.5 queue head -1 ts N/A
[h264 @ 0000020054f0edc0] nal_unit_type: 1(Coded slice of a non-IDR picture), nal_ref_idc: 0
[libx264 @ 0000020054ca7b00] frame= 486 QP=29.91 NAL=0 Slice:B Poc:222 I:10   P:1932 SKIP:6218 size=2479 bytes
[out#0/hls @ 0000020054ccdf00] sq: send 0 ts 23.541667
[out#0/hls @ 0000020054ccdf00] sq: receive 0 ts 23.541667 queue head -1 ts N/A
[h264 @ 0000020054f0df00] nal_unit_type: 1(Coded slice of a non-IDR picture), nal_ref_idc: 0
[libx264 @ 0000020054ca7b00] frame= 487 QP=17.82 NAL=2 Slice:P Poc:232 I:25   P:2985 SKIP:5150 size=11641 bytes
[out#0/hls @ 0000020054ccdf00] sq: send 0 ts 23.583333
[out#0/hls @ 0000020054ccdf00] sq: receive 0 ts 23.583333 queue head -1 ts N/A
[h264 @ 0000020054f0f140] nal_unit_type: 1(Coded slice of a non-IDR picture), nal_ref_idc: 2
[libx264 @ 0000020054ca7b00] frame= 488 QP=25.73 NAL=2 Slice:B Poc:228 I:7    P:1909 SKIP:6244 size=3091 bytes
[out#0/hls @ 0000020054ccdf00] sq: send 1 ts 24.789333
[out#0/hls @ 0000020054ccdf00] sq: receive 1 ts 24.789333 queue head -1 ts N/A
[out#0/hls @ 0000020054ccdf00] sq: send 1 ts 24.810667
[out#0/hls @ 0000020054ccdf00] sq: receive 1 ts 24.810667 queue head -1 ts N/A
[out#0/hls @ 0000020054ccdf00] sq: send 1 ts 24.832
[out#0/hls @ 0000020054ccdf00] sq: receive 1 ts 24.832 queue head -1 ts N/A
[out#0/hls @ 0000020054ccdf00] sq: send 1 ts 24.853333
[out#0/hls @ 0000020054ccdf00] sq: receive 1 ts 24.853333 queue head -1 ts N/A
[out#0/hls @ 0000020054ccdf00] sq: send 1 ts 24.874667
[out#0/hls @ 0000020054ccdf00] sq: receive 1 ts 24.874667 queue head -1 ts N/A
[out#0/hls @ 0000020054ccdf00] sq: send 1 ts 24.896
[out#0/hls @ 0000020054ccdf00] sq: receive 1 ts 24.896 queue head -1 ts N/A
[out#0/hls @ 0000020054ccdf00] sq: send 1 ts 24.917333
[out#0/hls @ 0000020054ccdf00] sq: receive 1 ts 24.917333 queue head -1 ts N/A
[out#0/hls @ 0000020054ccdf00] sq: send 1 ts 24.938667
[out#0/hls @ 0000020054ccdf00] sq: receive 1 ts 24.938667 queue head -1 ts N/A
[out#0/hls @ 0000020054ccdf00] sq: send 1 ts 24.96
[out#0/hls @ 0000020054ccdf00] sq: receive 1 ts 24.96 queue head -1 ts N/A
[h264 @ 000002005514e980] nal_unit_type: 1(Coded slice of a non-IDR picture), nal_ref_idc: 2
[out#0/hls @ 0000020054ccdf00] sq: send 0 ts 23.625
[out#0/hls @ 0000020054ccdf00] sq: receive 0 ts 23.625 queue head -1 ts N/A
[libx264 @ 0000020054ca7b00] frame= 489 QP=29.33 NAL=0 Slice:B Poc:226 I:10   P:1583 SKIP:6567 size=1898 bytes
[out#0/hls @ 0000020054ccdf00] sq: send 0 ts 23.666667
[out#0/hls @ 0000020054ccdf00] sq: receive 0 ts 23.666667 queue head -1 ts N/A
[h264 @ 0000020054cab3c0] nal_unit_type: 1(Coded slice of a non-IDR picture), nal_ref_idc: 0
[libx264 @ 0000020054ca7b00] frame= 490 QP=28.06 NAL=0 Slice:B Poc:230 I:5    P:1743 SKIP:6412 size=1802 bytes
[out#0/hls @ 0000020054ccdf00] sq: send 0 ts 23.708333
[out#0/hls @ 0000020054ccdf00] sq: receive 0 ts 23.708333 queue head -1 ts N/A
[h264 @ 0000020054d31000] nal_unit_type: 1(Coded slice of a non-IDR picture), nal_ref_idc: 0
[libx264 @ 0000020054ca7b00] frame= 491 QP=18.06 NAL=2 Slice:P Poc:240 I:402  P:3754 SKIP:4004 size=21403 bytes
[out#0/hls @ 0000020054ccdf00] sq: send 1 ts 24.981333
[out#0/hls @ 0000020054ccdf00] sq: receive 1 ts 24.981333 queue head -1 ts N/A
[out#0/hls @ 0000020054ccdf00] sq: send 1 ts 25.002667
[out#0/hls @ 0000020054ccdf00] sq: receive 1 ts 25.002667 queue head -1 ts N/A
[out#0/hls @ 0000020054ccdf00] sq: send 1 ts 25.024
[out#0/hls @ 0000020054ccdf00] sq: receive 1 ts 25.024 queue head -1 ts N/A
[out#0/hls @ 0000020054ccdf00] sq: send 1 ts 25.045333
[out#0/hls @ 0000020054ccdf00] sq: receive 1 ts 25.045333 queue head -1 ts N/A
[h264 @ 0000020054d316c0] nal_unit_type: 1(Coded slice of a non-IDR picture), nal_ref_idc: 2
[out#0/hls @ 0000020054ccdf00] sq: send 0 ts 23.75
[out#0/hls @ 0000020054ccdf00] sq: receive 0 ts 23.75 queue head -1 ts N/A
[libx264 @ 0000020054ca7b00] frame= 492 QP=25.90 NAL=2 Slice:B Poc:236 I:13   P:2360 SKIP:5787 size=4847 bytes
[out#0/hls @ 0000020054ccdf00] sq: send 1 ts 25.066667
[out#0/hls @ 0000020054ccdf00] sq: receive 1 ts 25.066667 queue head -1 ts N/A
[out#0/hls @ 0000020054ccdf00] sq: send 0 ts 23.791667
[out#0/hls @ 0000020054ccdf00] sq: receive 0 ts 23.791667 queue head -1 ts N/A
[h264 @ 0000020055207440] nal_unit_type: 1(Coded slice of a non-IDR picture), nal_ref_idc: 2
[libx264 @ 0000020054ca7b00] frame= 493 QP=28.92 NAL=0 Slice:B Poc:234 I:8    P:1930 SKIP:6222 size=2123 bytes
[out#0/hls @ 0000020054ccdf00] sq: send 1 ts 25.088
[out#0/hls @ 0000020054ccdf00] sq: receive 1 ts 25.088 queue head -1 ts N/A
[out#0/hls @ 0000020054ccdf00] sq: send 0 ts 23.833333
[out#0/hls @ 0000020054ccdf00] sq: receive 0 ts 23.833333 queue head -1 ts N/A
[h264 @ 0000020054f6de40] nal_unit_type: 1(Coded slice of a non-IDR picture), nal_ref_idc: 0
[libx264 @ 0000020054ca7b00] frame= 494 QP=29.25 NAL=0 Slice:B Poc:238 I:48   P:1719 SKIP:6393 size=3695 bytes
[out#0/hls @ 0000020054ccdf00] sq: send 0 ts 23.875
[out#0/hls @ 0000020054ccdf00] sq: receive 0 ts 23.875 queue head -1 ts N/A
[h264 @ 0000020054f6e940] nal_unit_type: 1(Coded slice of a non-IDR picture), nal_ref_idc: 0
[libx264 @ 0000020054ca7b00] frame= 495 QP=17.82 NAL=2 Slice:P Poc:248 I:1042 P:3967 SKIP:3151 size=36400 bytes
[out#0/hls @ 0000020054ccdf00] sq: send 1 ts 25.109333
[out#0/hls @ 0000020054ccdf00] sq: receive 1 ts 25.109333 queue head -1 ts N/A
[out#0/hls @ 0000020054ccdf00] sq: send 1 ts 25.130667
[out#0/hls @ 0000020054ccdf00] sq: receive 1 ts 25.130667 queue head -1 ts N/A
[out#0/hls @ 0000020054ccdf00] sq: send 1 ts 25.152
[out#0/hls @ 0000020054ccdf00] sq: receive 1 ts 25.152 queue head -1 ts N/A
[out#0/hls @ 0000020054ccdf00] sq: send 0 ts 23.916667
[h264 @ 0000020054cc1180] nal_unit_type: 1(Coded slice of a non-IDR picture), nal_ref_idc: 2
[out#0/hls @ 0000020054ccdf00] sq: receive 0 ts 23.916667 queue head -1 ts N/A
[libx264 @ 0000020054ca7b00] frame= 496 QP=26.24 NAL=2 Slice:B Poc:244 I:689  P:2418 SKIP:5053 size=10517 bytes
[out#0/hls @ 0000020054ccdf00] sq: send 1 ts 25.173333
[out#0/hls @ 0000020054ccdf00] sq: receive 1 ts 25.173333 queue head -1 ts N/A
[out#0/hls @ 0000020054ccdf00] sq: send 1 ts 25.194667
[out#0/hls @ 0000020054ccdf00] sq: receive 1 ts 25.194667 queue head -1 ts N/A
[out#0/hls @ 0000020054ccdf00] sq: send 1 ts 25.216
[out#0/hls @ 0000020054ccdf00] sq: receive 1 ts 25.216 queue head -1 ts N/A
[out#0/hls @ 0000020054ccdf00] sq: send 1 ts 25.237333
[out#0/hls @ 0000020054ccdf00] sq: receive 1 ts 25.237333 queue head -1 ts N/A
[out#0/hls @ 0000020054ccdf00] sq: send 1 ts 25.258667
[h264 @ 0000020054cc1c80] nal_unit_type: 1(Coded slice of a non-IDR picture), nal_ref_idc: 2
[out#0/hls @ 0000020054ccdf00] sq: receive 1 ts 25.258667 queue head -1 ts N/A
[out#0/hls @ 0000020054ccdf00] sq: send 1 ts 25.28
[out#0/hls @ 0000020054ccdf00] sq: receive 1 ts 25.28 queue head -1 ts N/A
[out#0/hls @ 0000020054ccdf00] sq: send 1 ts 25.301333
[out#0/hls @ 0000020054ccdf00] sq: receive 1 ts 25.301333 queue head -1 ts N/A
[out#0/hls @ 0000020054ccdf00] sq: send 0 ts 23.958333
[out#0/hls @ 0000020054ccdf00] sq: receive 0 ts 23.958333 queue head -1 ts N/A
[libx264 @ 0000020054ca7b00] frame= 497 QP=29.57 NAL=0 Slice:B Poc:242 I:198  P:1596 SKIP:6366 size=5629 bytes
[out#0/hls @ 0000020054ccdf00] sq: send 0 ts 24
[out#0/hls @ 0000020054ccdf00] sq: receive 0 ts 24 queue head -1 ts N/A
[h264 @ 0000020054e28880] nal_unit_type: 1(Coded slice of a non-IDR picture), nal_ref_idc: 0
[libx264 @ 0000020054ca7b00] frame= 498 QP=26.84 NAL=0 Slice:B Poc:246 I:229  P:1685 SKIP:6246 size=5825 bytes
[out#0/hls @ 0000020054ccdf00] sq: send 0 ts 24.041667
[out#0/hls @ 0000020054ccdf00] sq: receive 0 ts 24.041667 queue head -1 ts N/A
[h264 @ 0000020054e29240] nal_unit_type: 1(Coded slice of a non-IDR picture), nal_ref_idc: 0
[libx264 @ 0000020054ca7b00] frame= 499 QP=17.94 NAL=2 Slice:P Poc:256 I:301  P:3671 SKIP:4188 size=20323 bytes
[out#0/hls @ 0000020054ccdf00] sq: send 1 ts 25.322667
[out#0/hls @ 0000020054ccdf00] sq: receive 1 ts 25.322667 queue head -1 ts N/A
[out#0/hls @ 0000020054ccdf00] sq: send 1 ts 25.344
[out#0/hls @ 0000020054ccdf00] sq: receive 1 ts 25.344 queue head -1 ts N/A
[out#0/hls @ 0000020054ccdf00] sq: send 1 ts 25.365333
[out#0/hls @ 0000020054ccdf00] sq: receive 1 ts 25.365333 queue head -1 ts N/A
[out#0/hls @ 0000020054ccdf00] sq: send 1 ts 25.386667
[out#0/hls @ 0000020054ccdf00] sq: receive 1 ts 25.386667 queue head -1 ts N/A
[h264 @ 0000020054f4d980] nal_unit_type: 1(Coded slice of a non-IDR picture), nal_ref_idc: 2
[out#0/hls @ 0000020054ccdf00] sq: send 0 ts 24.083333
[out#0/hls @ 0000020054ccdf00] sq: receive 0 ts 24.083333 queue head -1 ts N/A
[libx264 @ 0000020054ca7b00] frame= 500 QP=25.68 NAL=2 Slice:B Poc:252 I:63   P:2379 SKIP:5718 size=5377 bytes
[out#0/hls @ 0000020054ccdf00] sq: send 0 ts 24.125
[out#0/hls @ 0000020054ccdf00] sq: receive 0 ts 24.125 queue head -1 ts N/A
[h264 @ 0000020054f4e480] nal_unit_type: 1(Coded slice of a non-IDR picture), nal_ref_idc: 2
[libx264 @ 0000020054ca7b00] frame= 501 QP=27.55 NAL=0 Slice:B Poc:250 I:17   P:1609 SKIP:6534 size=2451 bytes
[out#0/hls @ 0000020054ccdf00] sq: send 0 ts 24.166667
[out#0/hls @ 0000020054ccdf00] sq: receive 0 ts 24.166667 queue head -1 ts N/A
[libx264 @ 0000020054ca7b00] frame= 502 QP=27.89 NAL=0 Slice:B Poc:254 I:9    P:1606 SKIP:6545 size=2436 bytes
[h264 @ 0000020054f0edc0] nal_unit_type: 1(Coded slice of a non-IDR picture), nal_ref_idc: 0
[out#0/hls @ 0000020054ccdf00] sq: send 1 ts 25.408
[out#0/hls @ 0000020054ccdf00] sq: receive 1 ts 25.408 queue head -1 ts N/A
[out#0/hls @ 0000020054ccdf00] sq: send 1 ts 25.429333
[out#0/hls @ 0000020054ccdf00] sq: receive 1 ts 25.429333 queue head -1 ts N/A
[out#0/hls @ 0000020054ccdf00] sq: send 1 ts 25.450667
[out#0/hls @ 0000020054ccdf00] sq: receive 1 ts 25.450667 queue head -1 ts N/A
[out#0/hls @ 0000020054ccdf00] sq: send 1 ts 25.472
[out#0/hls @ 0000020054ccdf00] sq: receive 1 ts 25.472 queue head -1 ts N/A
[out#0/hls @ 0000020054ccdf00] sq: send 1 ts 25.493333
[out#0/hls @ 0000020054ccdf00] sq: receive 1 ts 25.493333 queue head -1 ts N/A
[out#0/hls @ 0000020054ccdf00] sq: send 1 ts 25.514667
[out#0/hls @ 0000020054ccdf00] sq: receive 1 ts 25.514667 queue head -1 ts N/A
[out#0/hls @ 0000020054ccdf00] sq: send 0 ts 24.208333
[out#0/hls @ 0000020054ccdf00] sq: receive 0 ts 24.208333 queue head -1 ts N/A
[h264 @ 0000020054f0df00] nal_unit_type: 1(Coded slice of a non-IDR picture), nal_ref_idc: 0
[libx264 @ 0000020054ca7b00] frame= 503 QP=18.31 NAL=2 Slice:P Poc:264 I:112  P:3199 SKIP:4849 size=15238 bytes
[out#0/hls @ 0000020054ccdf00] sq: send 1 ts 25.536
[out#0/hls @ 0000020054ccdf00] sq: receive 1 ts 25.536 queue head -1 ts N/A
[out#0/hls @ 0000020054ccdf00] sq: send 0 ts 24.25
[out#0/hls @ 0000020054ccdf00] sq: receive 0 ts 24.25 queue head -1 ts N/A
[h264 @ 0000020054f0f140] nal_unit_type: 1(Coded slice of a non-IDR picture), nal_ref_idc: 2
[libx264 @ 0000020054ca7b00] frame= 504 QP=26.06 NAL=2 Slice:B Poc:260 I:10   P:2047 SKIP:6103 size=3809 bytes
[out#0/hls @ 0000020054ccdf00] sq: send 1 ts 25.557333
[out#0/hls @ 0000020054ccdf00] sq: receive 1 ts 25.557333 queue head -1 ts N/A
[out#0/hls @ 0000020054ccdf00] sq: send 0 ts 24.291667
[out#0/hls @ 0000020054ccdf00] sq: receive 0 ts 24.291667 queue head -1 ts N/A
[h264 @ 000002005514e980] nal_unit_type: 1(Coded slice of a non-IDR picture), nal_ref_idc: 2
[libx264 @ 0000020054ca7b00] scene cut at 530 Icost:1920236 Pcost:1909652 ratio:0.0055 bias:0.2752 gop:156 (imb:7601 pmb:187)
[libx264 @ 0000020054ca7b00] frame= 505 QP=28.29 NAL=0 Slice:B Poc:258 I:4    P:1405 SKIP:6751 size=2285 bytes
[out#0/hls @ 0000020054ccdf00] sq: send 0 ts 24.333333
[out#0/hls @ 0000020054ccdf00] sq: receive 0 ts 24.333333 queue head -1 ts N/A
[h264 @ 0000020054cab3c0] nal_unit_type: 1(Coded slice of a non-IDR picture), nal_ref_idc: 0
[libx264 @ 0000020054ca7b00] frame= 506 QP=29.71 NAL=0 Slice:B Poc:262 I:11   P:1635 SKIP:6514 size=2189 bytes
[out#0/hls @ 0000020054ccdf00] sq: send 0 ts 24.375
[out#0/hls @ 0000020054ccdf00] sq: receive 0 ts 24.375 queue head -1 ts N/A
[h264 @ 0000020054d31000] nal_unit_type: 1(Coded slice of a non-IDR picture), nal_ref_idc: 0
[libx264 @ 0000020054ca7b00] frame= 507 QP=18.61 NAL=2 Slice:P Poc:272 I:39   P:3076 SKIP:5045 size=11327 bytes
[out#0/hls @ 0000020054ccdf00] sq: send 0 ts 24.416667
[out#0/hls @ 0000020054ccdf00] sq: receive 0 ts 24.416667 queue head -1 ts N/A
[h264 @ 0000020054d316c0] nal_unit_type: 1(Coded slice of a non-IDR picture), nal_ref_idc: 2
[libx264 @ 0000020054ca7b00] frame= 508 QP=24.54 NAL=2 Slice:B Poc:268 I:2    P:1998 SKIP:6160 size=3107 bytes
[out#0/hls @ 0000020054ccdf00] sq: send 0 ts 24.458333
[out#0/hls @ 0000020054ccdf00] sq: receive 0 ts 24.458333 queue head -1 ts N/A
[h264 @ 0000020055207440] nal_unit_type: 1(Coded slice of a non-IDR picture), nal_ref_idc: 2
[libx264 @ 0000020054ca7b00] frame= 509 QP=29.62 NAL=0 Slice:B Poc:266 I:6    P:1491 SKIP:6663 size=1825 bytes
[out#0/hls @ 0000020054ccdf00] sq: send 1 ts 25.578667
[out#0/hls @ 0000020054ccdf00] sq: receive 1 ts 25.578667 queue head -1 ts N/A
[out#0/hls @ 0000020054ccdf00] sq: send 1 ts 25.6
[out#0/hls @ 0000020054ccdf00] sq: receive 1 ts 25.6 queue head -1 ts N/A
[out#0/hls @ 0000020054ccdf00] sq: send 1 ts 25.621333
[out#0/hls @ 0000020054ccdf00] sq: receive 1 ts 25.621333 queue head -1 ts N/A
[out#0/hls @ 0000020054ccdf00] sq: send 1 ts 25.642667
[out#0/hls @ 0000020054ccdf00] sq: receive 1 ts 25.642667 queue head -1 ts N/A
[out#0/hls @ 0000020054ccdf00] sq: send 1 ts 25.664
[out#0/hls @ 0000020054ccdf00] sq: receive 1 ts 25.664 queue head -1 ts N/A
[out#0/hls @ 0000020054ccdf00] sq: send 1 ts 25.685333
[out#0/hls @ 0000020054ccdf00] sq: receive 1 ts 25.685333 queue head -1 ts N/A
[out#0/hls @ 0000020054ccdf00] sq: send 1 ts 25.706667
[out#0/hls @ 0000020054ccdf00] sq: receive 1 ts 25.706667 queue head -1 ts N/A
[out#0/hls @ 0000020054ccdf00] sq: send 1 ts 25.728
[out#0/hls @ 0000020054ccdf00] sq: receive 1 ts 25.728 queue head -1 ts N/A
[out#0/hls @ 0000020054ccdf00] sq: send 1 ts 25.749333
[out#0/hls @ 0000020054ccdf00] sq: receive 1 ts 25.749333 queue head -1 ts N/A
[out#0/hls @ 0000020054ccdf00] sq: send 0 ts 24.5
[out#0/hls @ 0000020054ccdf00] sq: receive 0 ts 24.5 queue head -1 ts N/A
[h264 @ 0000020054f6de40] nal_unit_type: 1(Coded slice of a non-IDR picture), nal_ref_idc: 0
[libx264 @ 0000020054ca7b00] frame= 510 QP=28.31 NAL=0 Slice:B Poc:270 I:7    P:1616 SKIP:6537 size=1672 bytes
[out#0/hls @ 0000020054ccdf00] sq: send 1 ts 25.770667
[out#0/hls @ 0000020054ccdf00] sq: receive 1 ts 25.770667 queue head -1 ts N/A
[out#0/hls @ 0000020054ccdf00] sq: send 0 ts 24.541667
[out#0/hls @ 0000020054ccdf00] sq: receive 0 ts 24.541667 queue head -1 ts N/A
[h264 @ 0000020054f6e940] nal_unit_type: 1(Coded slice of a non-IDR picture), nal_ref_idc: 0
[libx264 @ 0000020054ca7b00] frame= 511 QP=19.01 NAL=2 Slice:P Poc:280 I:42   P:3072 SKIP:5046 size=11319 bytes
[out#0/hls @ 0000020054ccdf00] sq: send 0 ts 24.583333
[out#0/hls @ 0000020054ccdf00] sq: receive 0 ts 24.583333 queue head -1 ts N/A
[h264 @ 0000020054cc1180] nal_unit_type: 1(Coded slice of a non-IDR picture), nal_ref_idc: 2
[libx264 @ 0000020054ca7b00] frame= 512 QP=24.87 NAL=2 Slice:B Poc:276 I:2    P:2265 SKIP:5893 size=3120 bytes
[out#0/hls @ 0000020054ccdf00] sq: send 1 ts 25.792
[out#0/hls @ 0000020054ccdf00] sq: receive 1 ts 25.792 queue head -1 ts N/A
[out#0/hls @ 0000020054ccdf00] sq: send 1 ts 25.813333
[out#0/hls @ 0000020054ccdf00] sq: receive 1 ts 25.813333 queue head -1 ts N/A
[out#0/hls @ 0000020054ccdf00] sq: send 1 ts 25.834667
[out#0/hls @ 0000020054ccdf00] sq: receive 1 ts 25.834667 queue head -1 ts N/A
[out#0/hls @ 0000020054ccdf00] sq: send 1 ts 25.856
[out#0/hls @ 0000020054ccdf00] sq: receive 1 ts 25.856 queue head -1 ts N/A
[out#0/hls @ 0000020054ccdf00] sq: send 1 ts 25.877333
[out#0/hls @ 0000020054ccdf00] sq: receive 1 ts 25.877333 queue head -1 ts N/A
[out#0/hls @ 0000020054ccdf00] sq: send 0 ts 24.625
[out#0/hls @ 0000020054ccdf00] sq: receive 0 ts 24.625 queue head -1 ts N/A
[h264 @ 0000020054cc1c80] nal_unit_type: 1(Coded slice of a non-IDR picture), nal_ref_idc: 2
[libx264 @ 0000020054ca7b00] frame= 513 QP=28.90 NAL=0 Slice:B Poc:274 I:8    P:1730 SKIP:6422 size=1731 bytes
[out#0/hls @ 0000020054ccdf00] sq: send 1 ts 25.898667
[out#0/hls @ 0000020054ccdf00] sq: receive 1 ts 25.898667 queue head -1 ts N/A
[out#0/hls @ 0000020054ccdf00] sq: send 0 ts 24.666667
[out#0/hls @ 0000020054ccdf00] sq: receive 0 ts 24.666667 queue head -1 ts N/A
[h264 @ 0000020054e28880] nal_unit_type: 1(Coded slice of a non-IDR picture), nal_ref_idc: 0
[libx264 @ 0000020054ca7b00] frame= 514 QP=29.43 NAL=0 Slice:B Poc:278 I:14   P:1562 SKIP:6584 size=1883 bytes
[out#0/hls @ 0000020054ccdf00] sq: send 1 ts 25.92
[out#0/hls @ 0000020054ccdf00] sq: receive 1 ts 25.92 queue head -1 ts N/A
[out#0/hls @ 0000020054ccdf00] sq: send 1 ts 25.941333
[out#0/hls @ 0000020054ccdf00] sq: receive 1 ts 25.941333 queue head -1 ts N/A
[h264 @ 0000020054e29240] nal_unit_type: 1(Coded slice of a non-IDR picture), nal_ref_idc: 0
[out#0/hls @ 0000020054ccdf00] sq: send 1 ts 25.962667
[out#0/hls @ 0000020054ccdf00] sq: receive 1 ts 25.962667 queue head -1 ts N/A
[out#0/hls @ 0000020054ccdf00] sq: send 1 ts 25.984
[out#0/hls @ 0000020054ccdf00] sq: receive 1 ts 25.984 queue head -1 ts N/A
[out#0/hls @ 0000020054ccdf00] sq: send 1 ts 26.005333
[out#0/hls @ 0000020054ccdf00] sq: receive 1 ts 26.005333 queue head -1 ts N/A
[out#0/hls @ 0000020054ccdf00] sq: send 1 ts 26.026667
[out#0/hls @ 0000020054ccdf00] sq: receive 1 ts 26.026667 queue head -1 ts N/A
[out#0/hls @ 0000020054ccdf00] sq: send 1 ts 26.048
[out#0/hls @ 0000020054ccdf00] sq: receive 1 ts 26.048 queue head -1 ts N/A
[out#0/hls @ 0000020054ccdf00] sq: send 0 ts 24.708333
[out#0/hls @ 0000020054ccdf00] sq: receive 0 ts 24.708333 queue head -1 ts N/A
[libx264 @ 0000020054ca7b00] frame= 515 QP=20.24 NAL=2 Slice:P Poc:288 I:500  P:2243 SKIP:5417 size=12063 bytes
[out#0/hls @ 0000020054ccdf00] sq: send 0 ts 24.75
[out#0/hls @ 0000020054ccdf00] sq: receive 0 ts 24.75 queue head -1 ts N/A
[h264 @ 0000020054f4d980] nal_unit_type: 1(Coded slice of a non-IDR picture), nal_ref_idc: 2
[libx264 @ 0000020054ca7b00] frame= 516 QP=26.31 NAL=2 Slice:B Poc:284 I:40   P:1652 SKIP:6468 size=4361 bytes
[out#0/hls @ 0000020054ccdf00] sq: send 0 ts 24.791667
[h264 @ 0000020054f4e480] nal_unit_type: 1(Coded slice of a non-IDR picture), nal_ref_idc: 2
[out#0/hls @ 0000020054ccdf00] sq: receive 0 ts 24.791667 queue head -1 ts N/A
[libx264 @ 0000020054ca7b00] frame= 517 QP=28.71 NAL=0 Slice:B Poc:282 I:7    P:998  SKIP:7155 size=1791 bytes
[out#0/hls @ 0000020054ccdf00] sq: send 0 ts 24.833333
[out#0/hls @ 0000020054ccdf00] sq: receive 0 ts 24.833333 queue head -1 ts N/A
[h264 @ 0000020054f0edc0] nal_unit_type: 1(Coded slice of a non-IDR picture), nal_ref_idc: 0
[libx264 @ 0000020054ca7b00] frame= 518 QP=27.32 NAL=0 Slice:B Poc:286 I:26   P:1049 SKIP:7085 size=2149 bytes
[out#0/hls @ 0000020054ccdf00] sq: send 0 ts 24.875
[out#0/hls @ 0000020054ccdf00] sq: receive 0 ts 24.875 queue head -1 ts N/A
[h264 @ 0000020054f0df00] nal_unit_type: 1(Coded slice of a non-IDR picture), nal_ref_idc: 2
[libx264 @ 0000020054ca7b00] frame= 519 QP=20.97 NAL=2 Slice:P Poc:296 I:583  P:2107 SKIP:5470 size=12500 bytes
[out#0/hls @ 0000020054ccdf00] sq: send 1 ts 26.069333
[out#0/hls @ 0000020054ccdf00] sq: receive 1 ts 26.069333 queue head -1 ts N/A
[out#0/hls @ 0000020054ccdf00] sq: send 1 ts 26.090667
[out#0/hls @ 0000020054ccdf00] sq: receive 1 ts 26.090667 queue head -1 ts N/A
[out#0/hls @ 0000020054ccdf00] sq: send 1 ts 26.112
[out#0/hls @ 0000020054ccdf00] sq: receive 1 ts 26.112 queue head -1 ts N/A
[out#0/hls @ 0000020054ccdf00] sq: send 1 ts 26.133333
[out#0/hls @ 0000020054ccdf00] sq: receive 1 ts 26.133333 queue head -1 ts N/A
[out#0/hls @ 0000020054ccdf00] sq: send 1 ts 26.154667
[h264 @ 0000020054f0f140] nal_unit_type: 1(Coded slice of a non-IDR picture), nal_ref_idc: 2
[out#0/hls @ 0000020054ccdf00] sq: receive 1 ts 26.154667 queue head -1 ts N/A
[out#0/hls @ 0000020054ccdf00] sq: send 1 ts 26.176
[out#0/hls @ 0000020054ccdf00] sq: receive 1 ts 26.176 queue head -1 ts N/A
[out#0/hls @ 0000020054ccdf00] sq: send 1 ts 26.197333
[out#0/hls @ 0000020054ccdf00] sq: receive 1 ts 26.197333 queue head -1 ts N/A
[out#0/hls @ 0000020054ccdf00] sq: send 1 ts 26.218667
[out#0/hls @ 0000020054ccdf00] sq: receive 1 ts 26.218667 queue head -1 ts N/A
[out#0/hls @ 0000020054ccdf00] sq: send 1 ts 26.24
[out#0/hls @ 0000020054ccdf00] sq: receive 1 ts 26.24 queue head -1 ts N/A
[out#0/hls @ 0000020054ccdf00] sq: send 1 ts 26.261333
[out#0/hls @ 0000020054ccdf00] sq: receive 1 ts 26.261333 queue head -1 ts N/A
[out#0/hls @ 0000020054ccdf00] sq: send 0 ts 24.916667
[out#0/hls @ 0000020054ccdf00] sq: receive 0 ts 24.916667 queue head -1 ts N/A
[libx264 @ 0000020054ca7b00] frame= 520 QP=26.30 NAL=2 Slice:B Poc:292 I:21   P:1540 SKIP:6599 size=3596 bytes
[out#0/hls @ 0000020054ccdf00] sq: send 0 ts 24.958333
[out#0/hls @ 0000020054ccdf00] sq: receive 0 ts 24.958333 queue head -1 ts N/A
[h264 @ 000002005514e980] nal_unit_type: 1(Coded slice of a non-IDR picture), nal_ref_idc: 0
[libx264 @ 0000020054ca7b00] frame= 521 QP=27.70 NAL=0 Slice:B Poc:290 I:33   P:1175 SKIP:6952 size=2592 bytes
[out#0/hls @ 0000020054ccdf00] sq: send 0 ts 25
[out#0/hls @ 0000020054ccdf00] sq: receive 0 ts 25 queue head -1 ts N/A
[libx264 @ 0000020054ca7b00] frame= 522 QP=27.58 NAL=0 Slice:B Poc:294 I:4    P:1206 SKIP:6950 size=1697 bytes
[h264 @ 0000020054cab3c0] nal_unit_type: 1(Coded slice of a non-IDR picture), nal_ref_idc: 2
[out#0/hls @ 0000020054ccdf00] sq: send 0 ts 25.041667
[out#0/hls @ 0000020054ccdf00] sq: receive 0 ts 25.041667 queue head -1 ts N/A
[h264 @ 0000020054d31000] nal_unit_type: 1(Coded slice of a non-IDR picture), nal_ref_idc: 2
[libx264 @ 0000020054ca7b00] frame= 523 QP=22.10 NAL=2 Slice:P Poc:304 I:537  P:2165 SKIP:5458 size=12735 bytes
[out#0/hls @ 0000020054ccdf00] sq: send 0 ts 25.083333
[out#0/hls @ 0000020054ccdf00] sq: receive 0 ts 25.083333 queue head -1 ts N/A
[h264 @ 0000020054d316c0] nal_unit_type: 1(Coded slice of a non-IDR picture), nal_ref_idc: 0
[libx264 @ 0000020054ca7b00] frame= 524 QP=25.99 NAL=2 Slice:B Poc:300 I:63   P:1738 SKIP:6359 size=4801 bytes
[out#0/hls @ 0000020054ccdf00] sq: send 1 ts 26.282667
[out#0/hls @ 0000020054ccdf00] sq: receive 1 ts 26.282667 queue head -1 ts N/A
[out#0/hls @ 0000020054ccdf00] sq: send 0 ts 25.125
[out#0/hls @ 0000020054ccdf00] sq: receive 0 ts 25.125 queue head -1 ts N/A
[h264 @ 0000020055207440] nal_unit_type: 1(Coded slice of a non-IDR picture), nal_ref_idc: 0
[libx264 @ 0000020054ca7b00] frame= 525 QP=28.50 NAL=0 Slice:B Poc:298 I:231  P:1108 SKIP:6821 size=5218 bytes
[out#0/hls @ 0000020054ccdf00] sq: send 1 ts 26.304
[out#0/hls @ 0000020054ccdf00] sq: receive 1 ts 26.304 queue head -1 ts N/A
[out#0/hls @ 0000020054ccdf00] sq: send 1 ts 26.325333
[out#0/hls @ 0000020054ccdf00] sq: receive 1 ts 26.325333 queue head -1 ts N/A
[out#0/hls @ 0000020054ccdf00] sq: send 1 ts 26.346667
[out#0/hls @ 0000020054ccdf00] sq: receive 1 ts 26.346667 queue head -1 ts N/A
[out#0/hls @ 0000020054ccdf00] sq: send 1 ts 26.368
[out#0/hls @ 0000020054ccdf00] sq: receive 1 ts 26.368 queue head -1 ts N/A
[out#0/hls @ 0000020054ccdf00] sq: send 1 ts 26.389333
[out#0/hls @ 0000020054ccdf00] sq: receive 1 ts 26.389333 queue head -1 ts N/A
[out#0/hls @ 0000020054ccdf00] sq: send 1 ts 26.410667
[out#0/hls @ 0000020054ccdf00] sq: receive 1 ts 26.410667 queue head -1 ts N/A
[out#0/hls @ 0000020054ccdf00] sq: send 1 ts 26.432
[h264 @ 0000020054f6de40] nal_unit_type: 1(Coded slice of a non-IDR picture), nal_ref_idc: 2
[out#0/hls @ 0000020054ccdf00] sq: receive 1 ts 26.432 queue head -1 ts N/A
[out#0/hls @ 0000020054ccdf00] sq: send 1 ts 26.453333
[out#0/hls @ 0000020054ccdf00] sq: receive 1 ts 26.453333 queue head -1 ts N/A
[out#0/hls @ 0000020054ccdf00] sq: send 1 ts 26.474667
[out#0/hls @ 0000020054ccdf00] sq: receive 1 ts 26.474667 queue head -1 ts N/A
[out#0/hls @ 0000020054ccdf00] sq: send 1 ts 26.496
[out#0/hls @ 0000020054ccdf00] sq: receive 1 ts 26.496 queue head -1 ts N/A
[libx264 @ 0000020054ca7b00] frame= 526 QP=27.63 NAL=0 Slice:B Poc:302 I:17   P:1162 SKIP:6981 size=2238 bytes
[out#0/hls @ 0000020054ccdf00] sq: send 1 ts 26.517333
[out#0/hls @ 0000020054ccdf00] sq: receive 1 ts 26.517333 queue head -1 ts N/A
[out#0/hls @ 0000020054ccdf00] sq: send 0 ts 25.166667
[out#0/hls @ 0000020054ccdf00] sq: receive 0 ts 25.166667 queue head -1 ts N/A
[out#0/hls @ 0000020054ccdf00] sq: send 0 ts 25.208333
[out#0/hls @ 0000020054ccdf00] sq: receive 0 ts 25.208333 queue head -1 ts N/A
[libx264 @ 0000020054ca7b00] frame= 527 QP=25.74 NAL=2 Slice:P Poc:310 I:10   P:823  SKIP:7327 size=2201 bytes
[out#0/hls @ 0000020054ccdf00] sq: send 0 ts 25.25
[out#0/hls @ 0000020054ccdf00] sq: receive 0 ts 25.25 queue head -1 ts N/A
[h264 @ 0000020054f6e940] nal_unit_type: 1(Coded slice of a non-IDR picture), nal_ref_idc: 2
[h264 @ 0000020054cc1180] nal_unit_type: 1(Coded slice of a non-IDR picture), nal_ref_idc: 0
[libx264 @ 0000020054ca7b00] frame= 528 QP=29.89 NAL=2 Slice:B Poc:306 I:4    P:572  SKIP:7584 size=1202 bytes
[out#0/hls @ 0000020054ccdf00] sq: send 1 ts 26.538667
[out#0/hls @ 0000020054ccdf00] sq: receive 1 ts 26.538667 queue head -1 ts N/A
[out#0/hls @ 0000020054ccdf00] sq: send 0 ts 25.291667
[out#0/hls @ 0000020054ccdf00] sq: receive 0 ts 25.291667 queue head -1 ts N/A
[h264 @ 0000020054cc1c80] nal_unit_type: 1(Coded slice of a non-IDR picture), nal_ref_idc: 0
[libx264 @ 0000020054ca7b00] frame= 529 QP=28.45 NAL=0 Slice:B Poc:308 I:3    P:735  SKIP:7422 size=1282 bytes
[out#0/hls @ 0000020054ccdf00] sq: send 1 ts 26.56
[out#0/hls @ 0000020054ccdf00] sq: receive 1 ts 26.56 queue head -1 ts N/A
[out#0/hls @ 0000020054ccdf00] sq: send 1 ts 26.581333
[out#0/hls @ 0000020054ccdf00] sq: receive 1 ts 26.581333 queue head -1 ts N/A
[out#0/hls @ 0000020054ccdf00] sq: send 1 ts 26.602667
[out#0/hls @ 0000020054ccdf00] sq: receive 1 ts 26.602667 queue head -1 ts N/A
[out#0/hls @ 0000020054ccdf00] sq: send 1 ts 26.624
[out#0/hls @ 0000020054ccdf00] sq: receive 1 ts 26.624 queue head -1 ts N/A
[out#0/hls @ 0000020054ccdf00] sq: send 1 ts 26.645333
[out#0/hls @ 0000020054ccdf00] sq: receive 1 ts 26.645333 queue head -1 ts N/A
[out#0/hls @ 0000020054ccdf00] sq: send 0 ts 25.333333
[out#0/hls @ 0000020054ccdf00] sq: receive 0 ts 25.333333 queue head -1 ts N/A
[h264 @ 0000020054e28880] nal_unit_type: 1(Coded slice of a non-IDR picture), nal_ref_idc: 2
[libx264 @ 0000020054ca7b00] frame= 530 QP=13.64 NAL=3 Slice:I Poc:0   I:8160 P:0    SKIP:0    size=191284 bytes
[out#0/hls @ 0000020054ccdf00] sq: send 0 ts 25.375
[out#0/hls @ 0000020054ccdf00] sq: receive 0 ts 25.375 queue head -1 ts N/A
[hls @ 000002005524e040] Opening './uploads/art/06bf5f12-7b13-4496-898b-37a6aac259cf/segment001.ts' for writing
[h264 @ 0000020054e29240] nal_unit_type: 1(Coded slice of a non-IDR picture), nal_ref_idc: 2
[file @ 0000020054e575c0] Setting default whitelist 'file,crypto,data'
[libx264 @ 0000020054ca7b00] frame= 531 QP=17.51 NAL=2 Slice:P Poc:8   I:36   P:3129 SKIP:4995 size=11124 bytes
[AVIOContext @ 0000020055b66c40] Statistics: 3312184 bytes written, 0 seeks, 13 writeouts
[out#0/hls @ 0000020054ccdf00] sq: send 0 ts 25.416667
[out#0/hls @ 0000020054ccdf00] sq: receive 0 ts 25.416667 queue head -1 ts N/A
[h264 @ 0000020054f4d980] nal_unit_type: 1(Coded slice of a non-IDR picture), nal_ref_idc: 0
[libx264 @ 0000020054ca7b00] frame= 532 QP=24.02 NAL=2 Slice:B Poc:4   I:2    P:1161 SKIP:6997 size=2322 bytes
[out#0/hls @ 0000020054ccdf00] sq: send 0 ts 25.458333
[out#0/hls @ 0000020054ccdf00] sq: receive 0 ts 25.458333 queue head -1 ts N/A
[h264 @ 0000020054f4e480] nal_unit_type: 1(Coded slice of a non-IDR picture), nal_ref_idc: 0
[libx264 @ 0000020054ca7b00] frame= 533 QP=24.38 NAL=0 Slice:B Poc:2   I:1    P:586  SKIP:7573 size=1055 bytes
[out#0/hls @ 0000020054ccdf00] sq: send 0 ts 25.5
[out#0/hls @ 0000020054ccdf00] sq: receive 0 ts 25.5 queue head -1 ts N/A
[h264 @ 0000020054f0edc0] nal_unit_type: 1(Coded slice of a non-IDR picture), nal_ref_idc: 2
[libx264 @ 0000020054ca7b00] frame= 534 QP=25.43 NAL=0 Slice:B Poc:6   I:2    P:595  SKIP:7563 size=1126 bytes
[out#0/hls @ 0000020054ccdf00] sq: send 1 ts 26.666667
[out#0/hls @ 0000020054ccdf00] sq: receive 1 ts 26.666667 queue head -1 ts N/A
[out#0/hls @ 0000020054ccdf00] sq: send 0 ts 25.541667
[out#0/hls @ 0000020054ccdf00] sq: receive 0 ts 25.541667 queue head -1 ts N/A
[h264 @ 0000020054f0df00] nal_unit_type: 1(Coded slice of a non-IDR picture), nal_ref_idc: 2
[libx264 @ 0000020054ca7b00] frame= 535 QP=17.90 NAL=2 Slice:P Poc:16  I:51   P:3068 SKIP:5041 size=12362 bytes
[out#0/hls @ 0000020054ccdf00] sq: send 0 ts 25.583333
[out#0/hls @ 0000020054ccdf00] sq: receive 0 ts 25.583333 queue head -1 ts N/A
[h264 @ 0000020054f0f140] nal_unit_type: 1(Coded slice of a non-IDR picture), nal_ref_idc: 0
[libx264 @ 0000020054ca7b00] frame= 536 QP=23.56 NAL=2 Slice:B Poc:12  I:18   P:1234 SKIP:6908 size=3043 bytes
[out#0/hls @ 0000020054ccdf00] sq: send 1 ts 26.688
[out#0/hls @ 0000020054ccdf00] sq: receive 1 ts 26.688 queue head -1 ts N/A
[out#0/hls @ 0000020054ccdf00] sq: send 1 ts 26.709333
[out#0/hls @ 0000020054ccdf00] sq: receive 1 ts 26.709333 queue head -1 ts N/A
[out#0/hls @ 0000020054ccdf00] sq: send 1 ts 26.730667
[out#0/hls @ 0000020054ccdf00] sq: receive 1 ts 26.730667 queue head -1 ts N/A
[out#0/hls @ 0000020054ccdf00] sq: send 1 ts 26.752
[out#0/hls @ 0000020054ccdf00] sq: receive 1 ts 26.752 queue head -1 ts N/A
[out#0/hls @ 0000020054ccdf00] sq: send 1 ts 26.773333
[out#0/hls @ 0000020054ccdf00] sq: receive 1 ts 26.773333 queue head -1 ts N/A
[out#0/hls @ 0000020054ccdf00] sq: send 1 ts 26.794667
[out#0/hls @ 0000020054ccdf00] sq: receive 1 ts 26.794667 queue head -1 ts N/A
[out#0/hls @ 0000020054ccdf00] sq: send 1 ts 26.816
[out#0/hls @ 0000020054ccdf00] sq: receive 1 ts 26.816 queue head -1 ts N/A
[out#0/hls @ 0000020054ccdf00] sq: send 1 ts 26.837333
[out#0/hls @ 0000020054ccdf00] sq: receive 1 ts 26.837333 queue head -1 ts N/A
[out#0/hls @ 0000020054ccdf00] sq: send 1 ts 26.858667
[out#0/hls @ 0000020054ccdf00] sq: receive 1 ts 26.858667 queue head -1 ts N/A
[h264 @ 000002005514e980] nal_unit_type: 1(Coded slice of a non-IDR picture), nal_ref_idc: 0
[out#0/hls @ 0000020054ccdf00] sq: send 1 ts 26.88
[out#0/hls @ 0000020054ccdf00] sq: receive 1 ts 26.88 queue head -1 ts N/A
[out#0/hls @ 0000020054ccdf00] sq: send 1 ts 26.901333
[out#0/hls @ 0000020054ccdf00] sq: receive 1 ts 26.901333 queue head -1 ts N/A
[out#0/hls @ 0000020054ccdf00] sq: send 0 ts 25.625
[out#0/hls @ 0000020054ccdf00] sq: receive 0 ts 25.625 queue head -1 ts N/A
[libx264 @ 0000020054ca7b00] frame= 537 QP=24.65 NAL=0 Slice:B Poc:10  I:5    P:686  SKIP:7469 size=1428 bytes
[out#0/hls @ 0000020054ccdf00] sq: send 1 ts 26.922667
[out#0/hls @ 0000020054ccdf00] sq: receive 1 ts 26.922667 queue head -1 ts N/A
[h264 @ 0000020054cab3c0] nal_unit_type: 1(Coded slice of a non-IDR picture), nal_ref_idc: 2
[out#0/hls @ 0000020054ccdf00] sq: send 0 ts 25.666667
[out#0/hls @ 0000020054ccdf00] sq: receive 0 ts 25.666667 queue head -1 ts N/A
[libx264 @ 0000020054ca7b00] frame= 538 QP=25.05 NAL=0 Slice:B Poc:14  I:14   P:662  SKIP:7484 size=1556 bytes
[out#0/hls @ 0000020054ccdf00] sq: send 0 ts 25.708333
[out#0/hls @ 0000020054ccdf00] sq: receive 0 ts 25.708333 queue head -1 ts N/A
[h264 @ 0000020054d31000] nal_unit_type: 1(Coded slice of a non-IDR picture), nal_ref_idc: 2
[libx264 @ 0000020054ca7b00] frame= 539 QP=17.13 NAL=2 Slice:P Poc:20  I:238  P:2723 SKIP:5199 size=12393 bytes
[out#0/hls @ 0000020054ccdf00] sq: send 0 ts 25.75
[out#0/hls @ 0000020054ccdf00] sq: receive 0 ts 25.75 queue head -1 ts N/A
[h264 @ 0000020054d316c0] nal_unit_type: 1(Coded slice of a non-IDR picture), nal_ref_idc: 0
[libx264 @ 0000020054ca7b00] frame= 540 QP=23.39 NAL=0 Slice:B Poc:18  I:26   P:1134 SKIP:7000 size=2679 bytes
[out#0/hls @ 0000020054ccdf00] sq: send 1 ts 26.944
[out#0/hls @ 0000020054ccdf00] sq: receive 1 ts 26.944 queue head -1 ts N/A
[out#0/hls @ 0000020054ccdf00] sq: send 0 ts 25.791667
[out#0/hls @ 0000020054ccdf00] sq: receive 0 ts 25.791667 queue head -1 ts N/A
[h264 @ 0000020055207440] nal_unit_type: 5(IDR), nal_ref_idc: 3
[libx264 @ 0000020054ca7b00] frame= 541 QP=17.30 NAL=2 Slice:P Poc:28  I:205  P:3672 SKIP:4283 size=17241 bytes
[out#0/hls @ 0000020054ccdf00] sq: send 1 ts 26.965333
[out#0/hls @ 0000020054ccdf00] sq: receive 1 ts 26.965333 queue head -1 ts N/A
[out#0/hls @ 0000020054ccdf00] sq: send 1 ts 26.986667
[out#0/hls @ 0000020054ccdf00] sq: receive 1 ts 26.986667 queue head -1 ts N/A
[out#0/hls @ 0000020054ccdf00] sq: send 1 ts 27.008
[out#0/hls @ 0000020054ccdf00] sq: receive 1 ts 27.008 queue head -1 ts N/A
[out#0/hls @ 0000020054ccdf00] sq: send 1 ts 27.029333
[out#0/hls @ 0000020054ccdf00] sq: receive 1 ts 27.029333 queue head -1 ts N/A
[out#0/hls @ 0000020054ccdf00] sq: send 0 ts 25.833333
[out#0/hls @ 0000020054ccdf00] sq: receive 0 ts 25.833333 queue head -1 ts N/A
[h264 @ 0000020054f6de40] nal_unit_type: 1(Coded slice of a non-IDR picture), nal_ref_idc: 2
[libx264 @ 0000020054ca7b00] frame= 542 QP=23.13 NAL=2 Slice:B Poc:24  I:38   P:2865 SKIP:5257 size=5423 bytes
[out#0/hls @ 0000020054ccdf00] sq: send 1 ts 27.050667
[out#0/hls @ 0000020054ccdf00] sq: receive 1 ts 27.050667 queue head -1 ts N/A
[out#0/hls @ 0000020054ccdf00] sq: send 1 ts 27.072
[out#0/hls @ 0000020054ccdf00] sq: receive 1 ts 27.072 queue head -1 ts N/A
[out#0/hls @ 0000020054ccdf00] sq: send 1 ts 27.093333
[out#0/hls @ 0000020054ccdf00] sq: receive 1 ts 27.093333 queue head -1 ts N/A
[out#0/hls @ 0000020054ccdf00] sq: send 1 ts 27.114667
[out#0/hls @ 0000020054ccdf00] sq: receive 1 ts 27.114667 queue head -1 ts N/A
[out#0/hls @ 0000020054ccdf00] sq: send 1 ts 27.136
[out#0/hls @ 0000020054ccdf00] sq: receive 1 ts 27.136 queue head -1 ts N/A
[out#0/hls @ 0000020054ccdf00] sq: send 1 ts 27.157333
[out#0/hls @ 0000020054ccdf00] sq: receive 1 ts 27.157333 queue head -1 ts N/A
[out#0/hls @ 0000020054ccdf00] sq: send 1 ts 27.178667
[out#0/hls @ 0000020054ccdf00] sq: receive 1 ts 27.178667 queue head -1 ts N/A
[out#0/hls @ 0000020054ccdf00] sq: send 0 ts 25.875
[out#0/hls @ 0000020054ccdf00] sq: receive 0 ts 25.875 queue head -1 ts N/A
[h264 @ 0000020054f6e940] nal_unit_type: 1(Coded slice of a non-IDR picture), nal_ref_idc: 2
[libx264 @ 0000020054ca7b00] frame= 543 QP=24.74 NAL=0 Slice:B Poc:22  I:33   P:1058 SKIP:7069 size=2754 bytes
[out#0/hls @ 0000020054ccdf00] sq: send 1 ts 27.2
[out#0/hls @ 0000020054ccdf00] sq: receive 1 ts 27.2 queue head -1 ts N/A
[out#0/hls @ 0000020054ccdf00] sq: send 0 ts 25.916667
[out#0/hls @ 0000020054ccdf00] sq: receive 0 ts 25.916667 queue head -1 ts N/A
[h264 @ 0000020054cc1180] nal_unit_type: 1(Coded slice of a non-IDR picture), nal_ref_idc: 0
[libx264 @ 0000020054ca7b00] frame= 544 QP=23.75 NAL=0 Slice:B Poc:26  I:8    P:1200 SKIP:6952 size=2322 bytes
[out#0/hls @ 0000020054ccdf00] sq: send 1 ts 27.221333
[out#0/hls @ 0000020054ccdf00] sq: receive 1 ts 27.221333 queue head -1 ts N/A
[out#0/hls @ 0000020054ccdf00] sq: send 0 ts 25.958333
[out#0/hls @ 0000020054ccdf00] sq: receive 0 ts 25.958333 queue head -1 ts N/A
[h264 @ 0000020054cc1c80] nal_unit_type: 1(Coded slice of a non-IDR picture), nal_ref_idc: 0
[libx264 @ 0000020054ca7b00] frame= 545 QP=17.50 NAL=2 Slice:P Poc:36  I:376  P:2700 SKIP:5084 size=16996 bytes
[out#0/hls @ 0000020054ccdf00] sq: send 1 ts 27.242667
[out#0/hls @ 0000020054ccdf00] sq: receive 1 ts 27.242667 queue head -1 ts N/A
[out#0/hls @ 0000020054ccdf00] sq: send 1 ts 27.264
[out#0/hls @ 0000020054ccdf00] sq: receive 1 ts 27.264 queue head -1 ts N/A
[out#0/hls @ 0000020054ccdf00] sq: send 1 ts 27.285333
[out#0/hls @ 0000020054ccdf00] sq: receive 1 ts 27.285333 queue head -1 ts N/A
[out#0/hls @ 0000020054ccdf00] sq: send 1 ts 27.306667
[out#0/hls @ 0000020054ccdf00] sq: receive 1 ts 27.306667 queue head -1 ts N/A
[out#0/hls @ 0000020054ccdf00] sq: send 1 ts 27.328
[out#0/hls @ 0000020054ccdf00] sq: receive 1 ts 27.328 queue head -1 ts N/A
[out#0/hls @ 0000020054ccdf00] sq: send 1 ts 27.349333
[out#0/hls @ 0000020054ccdf00] sq: receive 1 ts 27.349333 queue head -1 ts N/A
[out#0/hls @ 0000020054ccdf00] sq: send 0 ts 26
[out#0/hls @ 0000020054ccdf00] sq: receive 0 ts 26 queue head -1 ts N/A
[h264 @ 0000020054e28880] nal_unit_type: 1(Coded slice of a non-IDR picture), nal_ref_idc: 2
[libx264 @ 0000020054ca7b00] frame= 546 QP=23.15 NAL=2 Slice:B Poc:32  I:35   P:2187 SKIP:5938 size=5408 bytes
[out#0/hls @ 0000020054ccdf00] sq: send 0 ts 26.041667
[out#0/hls @ 0000020054ccdf00] sq: receive 0 ts 26.041667 queue head -1 ts N/A
[h264 @ 0000020054e29240] nal_unit_type: 1(Coded slice of a non-IDR picture), nal_ref_idc: 2
[libx264 @ 0000020054ca7b00] frame= 547 QP=24.10 NAL=0 Slice:B Poc:30  I:20   P:911  SKIP:7229 size=2669 bytes
[out#0/hls @ 0000020054ccdf00] sq: send 0 ts 26.083333
[out#0/hls @ 0000020054ccdf00] sq: receive 0 ts 26.083333 queue head -1 ts N/A
[h264 @ 0000020054f4d980] nal_unit_type: 1(Coded slice of a non-IDR picture), nal_ref_idc: 0
[libx264 @ 0000020054ca7b00] frame= 548 QP=24.55 NAL=0 Slice:B Poc:34  I:27   P:1001 SKIP:7132 size=2716 bytes
[out#0/hls @ 0000020054ccdf00] sq: send 0 ts 26.125
[out#0/hls @ 0000020054ccdf00] sq: receive 0 ts 26.125 queue head -1 ts N/A
[h264 @ 0000020054f4e480] nal_unit_type: 1(Coded slice of a non-IDR picture), nal_ref_idc: 0
frame=  549 fps=106 q=28.0 size=N/A time=00:00:22.79 bitrate=N/A speed=4.41x    [libx264 @ 0000020054ca7b00] frame= 549 QP=17.29 NAL=2 Slice:P Poc:44  I:541  P:3157 SKIP:4462 size=21314 bytes
[out#0/hls @ 0000020054ccdf00] sq: send 1 ts 27.370667
[out#0/hls @ 0000020054ccdf00] sq: receive 1 ts 27.370667 queue head -1 ts N/A
[out#0/hls @ 0000020054ccdf00] sq: send 1 ts 27.392
[out#0/hls @ 0000020054ccdf00] sq: receive 1 ts 27.392 queue head -1 ts N/A
[out#0/hls @ 0000020054ccdf00] sq: send 1 ts 27.413333
[out#0/hls @ 0000020054ccdf00] sq: receive 1 ts 27.413333 queue head -1 ts N/A
[out#0/hls @ 0000020054ccdf00] sq: send 1 ts 27.434667
[out#0/hls @ 0000020054ccdf00] sq: receive 1 ts 27.434667 queue head -1 ts N/A
[out#0/hls @ 0000020054ccdf00] sq: send 1 ts 27.456
[out#0/hls @ 0000020054ccdf00] sq: receive 1 ts 27.456 queue head -1 ts N/A
[out#0/hls @ 0000020054ccdf00] sq: send 1 ts 27.477333
[out#0/hls @ 0000020054ccdf00] sq: receive 1 ts 27.477333 queue head -1 ts N/A
[h264 @ 0000020054f0edc0] nal_unit_type: 1(Coded slice of a non-IDR picture), nal_ref_idc: 2
[out#0/hls @ 0000020054ccdf00] sq: send 1 ts 27.498667
[out#0/hls @ 0000020054ccdf00] sq: receive 1 ts 27.498667 queue head -1 ts N/A
[out#0/hls @ 0000020054ccdf00] sq: send 1 ts 27.52
[out#0/hls @ 0000020054ccdf00] sq: receive 1 ts 27.52 queue head -1 ts N/A
[out#0/hls @ 0000020054ccdf00] sq: send 0 ts 26.166667
[out#0/hls @ 0000020054ccdf00] sq: receive 0 ts 26.166667 queue head -1 ts N/A
[libx264 @ 0000020054ca7b00] frame= 550 QP=23.72 NAL=2 Slice:B Poc:40  I:67   P:2382 SKIP:5711 size=6091 bytes
[out#0/hls @ 0000020054ccdf00] sq: send 0 ts 26.208333
[out#0/hls @ 0000020054ccdf00] sq: receive 0 ts 26.208333 queue head -1 ts N/A
[h264 @ 0000020054f0df00] nal_unit_type: 1(Coded slice of a non-IDR picture), nal_ref_idc: 2
[libx264 @ 0000020054ca7b00] frame= 551 QP=23.61 NAL=0 Slice:B Poc:38  I:17   P:1132 SKIP:7011 size=2838 bytes
[out#0/hls @ 0000020054ccdf00] sq: send 1 ts 27.541333
[out#0/hls @ 0000020054ccdf00] sq: receive 1 ts 27.541333 queue head -1 ts N/A
[out#0/hls @ 0000020054ccdf00] sq: send 1 ts 27.562667
[out#0/hls @ 0000020054ccdf00] sq: receive 1 ts 27.562667 queue head -1 ts N/A
[out#0/hls @ 0000020054ccdf00] sq: send 0 ts 26.25
[out#0/hls @ 0000020054ccdf00] sq: receive 0 ts 26.25 queue head -1 ts N/A
[h264 @ 0000020054f0f140] nal_unit_type: 1(Coded slice of a non-IDR picture), nal_ref_idc: 0
[libx264 @ 0000020054ca7b00] frame= 552 QP=24.30 NAL=0 Slice:B Poc:42  I:23   P:1120 SKIP:7017 size=2919 bytes
[out#0/hls @ 0000020054ccdf00] sq: send 1 ts 27.584
[out#0/hls @ 0000020054ccdf00] sq: receive 1 ts 27.584 queue head -1 ts N/A
[out#0/hls @ 0000020054ccdf00] sq: send 0 ts 26.291667
[out#0/hls @ 0000020054ccdf00] sq: receive 0 ts 26.291667 queue head -1 ts N/A
[h264 @ 000002005514e980] nal_unit_type: 1(Coded slice of a non-IDR picture), nal_ref_idc: 0
[libx264 @ 0000020054ca7b00] frame= 553 QP=17.01 NAL=2 Slice:P Poc:52  I:322  P:4482 SKIP:3356 size=22152 bytes
[out#0/hls @ 0000020054ccdf00] sq: send 0 ts 26.333333
[out#0/hls @ 0000020054ccdf00] sq: receive 0 ts 26.333333 queue head -1 ts N/A
[h264 @ 0000020054cab3c0] nal_unit_type: 1(Coded slice of a non-IDR picture), nal_ref_idc: 2
[libx264 @ 0000020054ca7b00] frame= 554 QP=23.02 NAL=2 Slice:B Poc:48  I:58   P:3082 SKIP:5020 size=6403 bytes
[out#0/hls @ 0000020054ccdf00] sq: send 0 ts 26.375
[out#0/hls @ 0000020054ccdf00] sq: receive 0 ts 26.375 queue head -1 ts N/A
[h264 @ 0000020054d31000] nal_unit_type: 1(Coded slice of a non-IDR picture), nal_ref_idc: 2
[libx264 @ 0000020054ca7b00] frame= 555 QP=23.72 NAL=0 Slice:B Poc:46  I:12   P:1343 SKIP:6805 size=2858 bytes
[out#0/hls @ 0000020054ccdf00] sq: send 0 ts 26.416667
[out#0/hls @ 0000020054ccdf00] sq: receive 0 ts 26.416667 queue head -1 ts N/A
[libx264 @ 0000020054ca7b00] frame= 556 QP=25.61 NAL=0 Slice:B Poc:50  I:15   P:1243 SKIP:6902 size=3008 bytes
[out#0/hls @ 0000020054ccdf00] sq: send 0 ts 26.458333
[out#0/hls @ 0000020054ccdf00] sq: receive 0 ts 26.458333 queue head -1 ts N/A
[h264 @ 0000020054d316c0] nal_unit_type: 1(Coded slice of a non-IDR picture), nal_ref_idc: 0
[libx264 @ 0000020054ca7b00] frame= 557 QP=16.96 NAL=2 Slice:P Poc:60  I:396  P:3281 SKIP:4483 size=19839 bytes
[out#0/hls @ 0000020054ccdf00] sq: send 0 ts 26.5
[out#0/hls @ 0000020054ccdf00] sq: receive 0 ts 26.5 queue head -1 ts N/A
[h264 @ 0000020055207440] nal_unit_type: 1(Coded slice of a non-IDR picture), nal_ref_idc: 0
[h264 @ 0000020054f6de40] nal_unit_type: 1(Coded slice of a non-IDR picture), nal_ref_idc: 2
[libx264 @ 0000020054ca7b00] frame= 558 QP=23.77 NAL=2 Slice:B Poc:56  I:76   P:2320 SKIP:5764 size=6029 bytes
[out#0/hls @ 0000020054ccdf00] sq: send 1 ts 27.605333
[out#0/hls @ 0000020054ccdf00] sq: receive 1 ts 27.605333 queue head -1 ts N/A
[out#0/hls @ 0000020054ccdf00] sq: send 1 ts 27.626667
[out#0/hls @ 0000020054ccdf00] sq: receive 1 ts 27.626667 queue head -1 ts N/A
[out#0/hls @ 0000020054ccdf00] sq: send 1 ts 27.648
[out#0/hls @ 0000020054ccdf00] sq: receive 1 ts 27.648 queue head -1 ts N/A
[out#0/hls @ 0000020054ccdf00] sq: send 1 ts 27.669333
[out#0/hls @ 0000020054ccdf00] sq: receive 1 ts 27.669333 queue head -1 ts N/A
[out#0/hls @ 0000020054ccdf00] sq: send 1 ts 27.690667
[out#0/hls @ 0000020054ccdf00] sq: receive 1 ts 27.690667 queue head -1 ts N/A
[out#0/hls @ 0000020054ccdf00] sq: send 1 ts 27.712
[out#0/hls @ 0000020054ccdf00] sq: receive 1 ts 27.712 queue head -1 ts N/A
[out#0/hls @ 0000020054ccdf00] sq: send 1 ts 27.733333
[out#0/hls @ 0000020054ccdf00] sq: receive 1 ts 27.733333 queue head -1 ts N/A
[out#0/hls @ 0000020054ccdf00] sq: send 1 ts 27.754667
[out#0/hls @ 0000020054ccdf00] sq: receive 1 ts 27.754667 queue head -1 ts N/A
[out#0/hls @ 0000020054ccdf00] sq: send 1 ts 27.776
[h264 @ 0000020054f6e940] nal_unit_type: 1(Coded slice of a non-IDR picture), nal_ref_idc: 2
[out#0/hls @ 0000020054ccdf00] sq: receive 1 ts 27.776 queue head -1 ts N/A
[out#0/hls @ 0000020054ccdf00] sq: send 1 ts 27.797333
[out#0/hls @ 0000020054ccdf00] sq: receive 1 ts 27.797333 queue head -1 ts N/A
[out#0/hls @ 0000020054ccdf00] sq: send 1 ts 27.818667
[out#0/hls @ 0000020054ccdf00] sq: receive 1 ts 27.818667 queue head -1 ts N/A
[libx264 @ 0000020054ca7b00] frame= 559 QP=25.64 NAL=0 Slice:B Poc:54  I:51   P:1119 SKIP:6990 size=3305 bytes
[out#0/hls @ 0000020054ccdf00] sq: send 1 ts 27.84
[out#0/hls @ 0000020054ccdf00] sq: receive 1 ts 27.84 queue head -1 ts N/A
[out#0/hls @ 0000020054ccdf00] sq: send 0 ts 26.541667
[out#0/hls @ 0000020054ccdf00] sq: receive 0 ts 26.541667 queue head -1 ts N/A
[out#0/hls @ 0000020054ccdf00] sq: send 1 ts 27.861333
[out#0/hls @ 0000020054ccdf00] sq: receive 1 ts 27.861333 queue head -1 ts N/A
[h264 @ 0000020054cc1180] nal_unit_type: 1(Coded slice of a non-IDR picture), nal_ref_idc: 0
[out#0/hls @ 0000020054ccdf00] sq: send 0 ts 26.583333
[out#0/hls @ 0000020054ccdf00] sq: receive 0 ts 26.583333 queue head -1 ts N/A
[libx264 @ 0000020054ca7b00] frame= 560 QP=24.72 NAL=0 Slice:B Poc:58  I:36   P:1254 SKIP:6870 size=2860 bytes
[out#0/hls @ 0000020054ccdf00] sq: send 1 ts 27.882667
[out#0/hls @ 0000020054ccdf00] sq: receive 1 ts 27.882667 queue head -1 ts N/A
[out#0/hls @ 0000020054ccdf00] sq: send 1 ts 27.904
[out#0/hls @ 0000020054ccdf00] sq: receive 1 ts 27.904 queue head -1 ts N/A
[h264 @ 0000020054cc1c80] nal_unit_type: 1(Coded slice of a non-IDR picture), nal_ref_idc: 0
[out#0/hls @ 0000020054ccdf00] sq: send 0 ts 26.625
[out#0/hls @ 0000020054ccdf00] sq: receive 0 ts 26.625 queue head -1 ts N/A
[libx264 @ 0000020054ca7b00] frame= 561 QP=16.86 NAL=2 Slice:P Poc:68  I:314  P:3154 SKIP:4692 size=18844 bytes
[out#0/hls @ 0000020054ccdf00] sq: send 1 ts 27.925333
[out#0/hls @ 0000020054ccdf00] sq: receive 1 ts 27.925333 queue head -1 ts N/A
[out#0/hls @ 0000020054ccdf00] sq: send 1 ts 27.946667
[out#0/hls @ 0000020054ccdf00] sq: receive 1 ts 27.946667 queue head -1 ts N/A
[out#0/hls @ 0000020054ccdf00] sq: send 1 ts 27.968
[out#0/hls @ 0000020054ccdf00] sq: receive 1 ts 27.968 queue head -1 ts N/A
[out#0/hls @ 0000020054ccdf00] sq: send 1 ts 27.989333
[out#0/hls @ 0000020054ccdf00] sq: receive 1 ts 27.989333 queue head -1 ts N/A
[out#0/hls @ 0000020054ccdf00] sq: send 1 ts 28.010667
[out#0/hls @ 0000020054ccdf00] sq: receive 1 ts 28.010667 queue head -1 ts N/A
[out#0/hls @ 0000020054ccdf00] sq: send 0 ts 26.666667
[out#0/hls @ 0000020054ccdf00] sq: receive 0 ts 26.666667 queue head -1 ts N/A
[h264 @ 0000020054e28880] nal_unit_type: 1(Coded slice of a non-IDR picture), nal_ref_idc: 2
[libx264 @ 0000020054ca7b00] frame= 562 QP=23.89 NAL=2 Slice:B Poc:64  I:89   P:2329 SKIP:5742 size=5181 bytes
[out#0/hls @ 0000020054ccdf00] sq: send 0 ts 26.708333
[out#0/hls @ 0000020054ccdf00] sq: receive 0 ts 26.708333 queue head -1 ts N/A
[h264 @ 0000020054e29240] nal_unit_type: 1(Coded slice of a non-IDR picture), nal_ref_idc: 2
[libx264 @ 0000020054ca7b00] frame= 563 QP=26.02 NAL=0 Slice:B Poc:62  I:72   P:1017 SKIP:7071 size=3149 bytes
[out#0/hls @ 0000020054ccdf00] sq: send 1 ts 28.032
[out#0/hls @ 0000020054ccdf00] sq: receive 1 ts 28.032 queue head -1 ts N/A
[out#0/hls @ 0000020054ccdf00] sq: send 1 ts 28.053333
[out#0/hls @ 0000020054ccdf00] sq: receive 1 ts 28.053333 queue head -1 ts N/A
[h264 @ 0000020054f4d980] nal_unit_type: 1(Coded slice of a non-IDR picture), nal_ref_idc: 0
[out#0/hls @ 0000020054ccdf00] sq: send 1 ts 28.074667
[out#0/hls @ 0000020054ccdf00] sq: receive 1 ts 28.074667 queue head -1 ts N/A
[out#0/hls @ 0000020054ccdf00] sq: send 1 ts 28.096
[out#0/hls @ 0000020054ccdf00] sq: receive 1 ts 28.096 queue head -1 ts N/A
[out#0/hls @ 0000020054ccdf00] sq: send 0 ts 26.75
[libx264 @ 0000020054ca7b00] frame= 564 QP=24.08 NAL=0 Slice:B Poc:66  I:25   P:1439 SKIP:6696 size=2455 bytes
[out#0/hls @ 0000020054ccdf00] sq: receive 0 ts 26.75 queue head -1 ts N/A
[out#0/hls @ 0000020054ccdf00] sq: send 0 ts 26.791667
[out#0/hls @ 0000020054ccdf00] sq: receive 0 ts 26.791667 queue head -1 ts N/A
[h264 @ 0000020054f4e480] nal_unit_type: 1(Coded slice of a non-IDR picture), nal_ref_idc: 0
[libx264 @ 0000020054ca7b00] frame= 565 QP=16.89 NAL=2 Slice:P Poc:76  I:130  P:3222 SKIP:4808 size=15045 bytes
[out#0/hls @ 0000020054ccdf00] sq: send 0 ts 26.833333
[out#0/hls @ 0000020054ccdf00] sq: receive 0 ts 26.833333 queue head -1 ts N/A
[h264 @ 0000020054f0edc0] nal_unit_type: 1(Coded slice of a non-IDR picture), nal_ref_idc: 2
[libx264 @ 0000020054ca7b00] frame= 566 QP=22.64 NAL=2 Slice:B Poc:72  I:12   P:2220 SKIP:5928 size=3701 bytes
[out#0/hls @ 0000020054ccdf00] sq: send 1 ts 28.117333
[out#0/hls @ 0000020054ccdf00] sq: receive 1 ts 28.117333 queue head -1 ts N/A
[out#0/hls @ 0000020054ccdf00] sq: send 0 ts 26.875
[out#0/hls @ 0000020054ccdf00] sq: receive 0 ts 26.875 queue head -1 ts N/A
[h264 @ 0000020054f0df00] nal_unit_type: 1(Coded slice of a non-IDR picture), nal_ref_idc: 2
[libx264 @ 0000020054ca7b00] frame= 567 QP=24.57 NAL=0 Slice:B Poc:70  I:11   P:952  SKIP:7197 size=1926 bytes
[out#0/hls @ 0000020054ccdf00] sq: send 1 ts 28.138667
[out#0/hls @ 0000020054ccdf00] sq: receive 1 ts 28.138667 queue head -1 ts N/A
[out#0/hls @ 0000020054ccdf00] sq: send 0 ts 26.916667
[out#0/hls @ 0000020054ccdf00] sq: receive 0 ts 26.916667 queue head -1 ts N/A
[h264 @ 0000020054f0f140] nal_unit_type: 1(Coded slice of a non-IDR picture), nal_ref_idc: 0
[libx264 @ 0000020054ca7b00] frame= 568 QP=22.92 NAL=0 Slice:B Poc:74  I:2    P:1164 SKIP:6994 size=1422 bytes
[out#0/hls @ 0000020054ccdf00] sq: send 0 ts 26.958333
[out#0/hls @ 0000020054ccdf00] sq: receive 0 ts 26.958333 queue head -1 ts N/A
[h264 @ 000002005514e980] nal_unit_type: 1(Coded slice of a non-IDR picture), nal_ref_idc: 0
[libx264 @ 0000020054ca7b00] frame= 569 QP=16.70 NAL=2 Slice:P Poc:84  I:57   P:3929 SKIP:4174 size=15916 bytes
[out#0/hls @ 0000020054ccdf00] sq: send 1 ts 28.16
[out#0/hls @ 0000020054ccdf00] sq: receive 1 ts 28.16 queue head -1 ts N/A
[out#0/hls @ 0000020054ccdf00] sq: send 0 ts 27
[out#0/hls @ 0000020054ccdf00] sq: receive 0 ts 27 queue head -1 ts N/A
[h264 @ 0000020054cab3c0] nal_unit_type: 1(Coded slice of a non-IDR picture), nal_ref_idc: 2
[libx264 @ 0000020054ca7b00] frame= 570 QP=23.30 NAL=2 Slice:B Poc:80  I:3    P:2684 SKIP:5473 size=3203 bytes
[out#0/hls @ 0000020054ccdf00] sq: send 1 ts 28.181333
[out#0/hls @ 0000020054ccdf00] sq: receive 1 ts 28.181333 queue head -1 ts N/A
[out#0/hls @ 0000020054ccdf00] sq: send 1 ts 28.202667
[out#0/hls @ 0000020054ccdf00] sq: receive 1 ts 28.202667 queue head -1 ts N/A
[out#0/hls @ 0000020054ccdf00] sq: send 1 ts 28.224
[out#0/hls @ 0000020054ccdf00] sq: receive 1 ts 28.224 queue head -1 ts N/A
[out#0/hls @ 0000020054ccdf00] sq: send 1 ts 28.245333
[out#0/hls @ 0000020054ccdf00] sq: receive 1 ts 28.245333 queue head -1 ts N/A
[out#0/hls @ 0000020054ccdf00] sq: send 1 ts 28.266667
[out#0/hls @ 0000020054ccdf00] sq: receive 1 ts 28.266667 queue head -1 ts N/A
[out#0/hls @ 0000020054ccdf00] sq: send 1 ts 28.288
[out#0/hls @ 0000020054ccdf00] sq: receive 1 ts 28.288 queue head -1 ts N/A
[out#0/hls @ 0000020054ccdf00] sq: send 1 ts 28.309333
[out#0/hls @ 0000020054ccdf00] sq: receive 1 ts 28.309333 queue head -1 ts N/A
[out#0/hls @ 0000020054ccdf00] sq: send 1 ts 28.330667
[out#0/hls @ 0000020054ccdf00] sq: receive 1 ts 28.330667 queue head -1 ts N/A
[out#0/hls @ 0000020054ccdf00] sq: send 1 ts 28.352
[out#0/hls @ 0000020054ccdf00] sq: receive 1 ts 28.352 queue head -1 ts N/A
[h264 @ 0000020054d31000] nal_unit_type: 1(Coded slice of a non-IDR picture), nal_ref_idc: 2
[libx264 @ 0000020054ca7b00] frame= 571 QP=24.75 NAL=0 Slice:B Poc:78  I:4    P:1303 SKIP:6853 size=1544 bytes
[out#0/hls @ 0000020054ccdf00] sq: send 1 ts 28.373333
[out#0/hls @ 0000020054ccdf00] sq: receive 1 ts 28.373333 queue head -1 ts N/A
[out#0/hls @ 0000020054ccdf00] sq: send 1 ts 28.394667
[out#0/hls @ 0000020054ccdf00] sq: receive 1 ts 28.394667 queue head -1 ts N/A
[libx264 @ 0000020054ca7b00] frame= 572 QP=22.32 NAL=0 Slice:B Poc:82  I:4    P:1493 SKIP:6663 size=1481 bytes
[libx264 @ 0000020054ca7b00] frame= 573 QP=17.15 NAL=2 Slice:P Poc:92  I:30   P:2795 SKIP:5335 size=10264 bytes
[out#0/hls @ 0000020054ccdf00] sq: send 0 ts 27.041667
[out#0/hls @ 0000020054ccdf00] sq: receive 0 ts 27.041667 queue head -1 ts N/A
[out#0/hls @ 0000020054ccdf00] sq: send 0 ts 27.083333
[out#0/hls @ 0000020054ccdf00] sq: receive 0 ts 27.083333 queue head -1 ts N/A
[out#0/hls @ 0000020054ccdf00] sq: send 0 ts 27.125
[out#0/hls @ 0000020054ccdf00] sq: receive 0 ts 27.125 queue head -1 ts N/A
[out#0/hls @ 0000020054ccdf00] sq: send 0 ts 27.166667
[out#0/hls @ 0000020054ccdf00] sq: receive 0 ts 27.166667 queue head -1 ts N/A
[h264 @ 0000020054d316c0] nal_unit_type: 1(Coded slice of a non-IDR picture), nal_ref_idc: 0
[h264 @ 0000020055207440] nal_unit_type: 1(Coded slice of a non-IDR picture), nal_ref_idc: 0
[h264 @ 0000020054f6de40] nal_unit_type: 1(Coded slice of a non-IDR picture), nal_ref_idc: 2
[libx264 @ 0000020054ca7b00] frame= 574 QP=23.83 NAL=2 Slice:B Poc:88  I:0    P:1976 SKIP:6184 size=2524 bytes
[out#0/hls @ 0000020054ccdf00] sq: send 1 ts 28.416
[out#0/hls @ 0000020054ccdf00] sq: receive 1 ts 28.416 queue head -1 ts N/A
[out#0/hls @ 0000020054ccdf00] sq: send 1 ts 28.437333
[out#0/hls @ 0000020054ccdf00] sq: receive 1 ts 28.437333 queue head -1 ts N/A
[out#0/hls @ 0000020054ccdf00] sq: send 1 ts 28.458667
[out#0/hls @ 0000020054ccdf00] sq: receive 1 ts 28.458667 queue head -1 ts N/A
[out#0/hls @ 0000020054ccdf00] sq: send 1 ts 28.48
[out#0/hls @ 0000020054ccdf00] sq: receive 1 ts 28.48 queue head -1 ts N/A
[out#0/hls @ 0000020054ccdf00] sq: send 1 ts 28.501333
[out#0/hls @ 0000020054ccdf00] sq: receive 1 ts 28.501333 queue head -1 ts N/A
[h264 @ 0000020054f6e940] nal_unit_type: 1(Coded slice of a non-IDR picture), nal_ref_idc: 2
[out#0/hls @ 0000020054ccdf00] sq: send 1 ts 28.522667
[out#0/hls @ 0000020054ccdf00] sq: receive 1 ts 28.522667 queue head -1 ts N/A
[out#0/hls @ 0000020054ccdf00] sq: send 1 ts 28.544
[out#0/hls @ 0000020054ccdf00] sq: receive 1 ts 28.544 queue head -1 ts N/A
[libx264 @ 0000020054ca7b00] frame= 575 QP=22.48 NAL=0 Slice:B Poc:86  I:6    P:1190 SKIP:6964 size=1296 bytes
[out#0/hls @ 0000020054ccdf00] sq: send 0 ts 27.208333
[out#0/hls @ 0000020054ccdf00] sq: receive 0 ts 27.208333 queue head -1 ts N/A
[out#0/hls @ 0000020054ccdf00] sq: send 0 ts 27.25
[out#0/hls @ 0000020054ccdf00] sq: receive 0 ts 27.25 queue head -1 ts N/A
[h264 @ 0000020054cc1180] nal_unit_type: 1(Coded slice of a non-IDR picture), nal_ref_idc: 0
[libx264 @ 0000020054ca7b00] frame= 576 QP=23.67 NAL=0 Slice:B Poc:90  I:4    P:1375 SKIP:6781 size=1307 bytes
[out#0/hls @ 0000020054ccdf00] sq: send 1 ts 28.565333
[out#0/hls @ 0000020054ccdf00] sq: receive 1 ts 28.565333 queue head -1 ts N/A
[out#0/hls @ 0000020054ccdf00] sq: send 0 ts 27.291667
[out#0/hls @ 0000020054ccdf00] sq: receive 0 ts 27.291667 queue head -1 ts N/A
[h264 @ 0000020054cc1c80] nal_unit_type: 1(Coded slice of a non-IDR picture), nal_ref_idc: 0
[libx264 @ 0000020054ca7b00] frame= 577 QP=17.70 NAL=2 Slice:P Poc:100 I:582  P:2205 SKIP:5373 size=14410 bytes
[out#0/hls @ 0000020054ccdf00] sq: send 1 ts 28.586667
[out#0/hls @ 0000020054ccdf00] sq: receive 1 ts 28.586667 queue head -1 ts N/A
[out#0/hls @ 0000020054ccdf00] sq: send 0 ts 27.333333
[out#0/hls @ 0000020054ccdf00] sq: receive 0 ts 27.333333 queue head -1 ts N/A
[h264 @ 0000020054e28880] nal_unit_type: 1(Coded slice of a non-IDR picture), nal_ref_idc: 2
[libx264 @ 0000020054ca7b00] frame= 578 QP=23.77 NAL=2 Slice:B Poc:96  I:77   P:1832 SKIP:6251 size=4671 bytes
[out#0/hls @ 0000020054ccdf00] sq: send 0 ts 27.375
[out#0/hls @ 0000020054ccdf00] sq: receive 0 ts 27.375 queue head -1 ts N/A
[h264 @ 0000020054e29240] nal_unit_type: 1(Coded slice of a non-IDR picture), nal_ref_idc: 2
[libx264 @ 0000020054ca7b00] frame= 579 QP=25.14 NAL=0 Slice:B Poc:94  I:20   P:987  SKIP:7153 size=2060 bytes
[out#0/hls @ 0000020054ccdf00] sq: send 0 ts 27.416667
[out#0/hls @ 0000020054ccdf00] sq: receive 0 ts 27.416667 queue head -1 ts N/A
[h264 @ 0000020054f4d980] nal_unit_type: 1(Coded slice of a non-IDR picture), nal_ref_idc: 0
[libx264 @ 0000020054ca7b00] frame= 580 QP=25.68 NAL=0 Slice:B Poc:98  I:161  P:931  SKIP:7068 size=3973 bytes
[out#0/hls @ 0000020054ccdf00] sq: send 1 ts 28.608
[out#0/hls @ 0000020054ccdf00] sq: receive 1 ts 28.608 queue head -1 ts N/A
[out#0/hls @ 0000020054ccdf00] sq: send 1 ts 28.629333
[out#0/hls @ 0000020054ccdf00] sq: receive 1 ts 28.629333 queue head -1 ts N/A
[out#0/hls @ 0000020054ccdf00] sq: send 1 ts 28.650667
[out#0/hls @ 0000020054ccdf00] sq: receive 1 ts 28.650667 queue head -1 ts N/A
[h264 @ 0000020054f4e480] nal_unit_type: 1(Coded slice of a non-IDR picture), nal_ref_idc: 0
[out#0/hls @ 0000020054ccdf00] sq: send 1 ts 28.672
[out#0/hls @ 0000020054ccdf00] sq: receive 1 ts 28.672 queue head -1 ts N/A
[out#0/hls @ 0000020054ccdf00] sq: send 1 ts 28.693333
[out#0/hls @ 0000020054ccdf00] sq: receive 1 ts 28.693333 queue head -1 ts N/A
[out#0/hls @ 0000020054ccdf00] sq: send 1 ts 28.714667
[out#0/hls @ 0000020054ccdf00] sq: receive 1 ts 28.714667 queue head -1 ts N/A
[out#0/hls @ 0000020054ccdf00] sq: send 1 ts 28.736
[out#0/hls @ 0000020054ccdf00] sq: receive 1 ts 28.736 queue head -1 ts N/A
[out#0/hls @ 0000020054ccdf00] sq: send 1 ts 28.757333
[out#0/hls @ 0000020054ccdf00] sq: receive 1 ts 28.757333 queue head -1 ts N/A
[out#0/hls @ 0000020054ccdf00] sq: send 1 ts 28.778667
[out#0/hls @ 0000020054ccdf00] sq: receive 1 ts 28.778667 queue head -1 ts N/A
[out#0/hls @ 0000020054ccdf00] sq: send 1 ts 28.8
[out#0/hls @ 0000020054ccdf00] sq: receive 1 ts 28.8 queue head -1 ts N/A
[out#0/hls @ 0000020054ccdf00] sq: send 0 ts 27.458333
[out#0/hls @ 0000020054ccdf00] sq: receive 0 ts 27.458333 queue head -1 ts N/A
[libx264 @ 0000020054ca7b00] frame= 581 QP=17.16 NAL=2 Slice:P Poc:108 I:501  P:3375 SKIP:4284 size=16855 bytes
[out#0/hls @ 0000020054ccdf00] sq: send 0 ts 27.5
[out#0/hls @ 0000020054ccdf00] sq: receive 0 ts 27.5 queue head -1 ts N/A
[h264 @ 0000020054f0edc0] nal_unit_type: 1(Coded slice of a non-IDR picture), nal_ref_idc: 2
[libx264 @ 0000020054ca7b00] frame= 582 QP=22.56 NAL=2 Slice:B Poc:104 I:42   P:2392 SKIP:5726 size=4821 bytes
[out#0/hls @ 0000020054ccdf00] sq: send 0 ts 27.541667
[out#0/hls @ 0000020054ccdf00] sq: receive 0 ts 27.541667 queue head -1 ts N/A
[h264 @ 0000020054f0df00] nal_unit_type: 1(Coded slice of a non-IDR picture), nal_ref_idc: 2
[libx264 @ 0000020054ca7b00] frame= 583 QP=24.98 NAL=0 Slice:B Poc:102 I:58   P:994  SKIP:7108 size=3149 bytes
[out#0/hls @ 0000020054ccdf00] sq: send 1 ts 28.821333
[out#0/hls @ 0000020054ccdf00] sq: receive 1 ts 28.821333 queue head -1 ts N/A
[out#0/hls @ 0000020054ccdf00] sq: send 0 ts 27.583333
[out#0/hls @ 0000020054ccdf00] sq: receive 0 ts 27.583333 queue head -1 ts N/A
[h264 @ 0000020054f0f140] nal_unit_type: 1(Coded slice of a non-IDR picture), nal_ref_idc: 0
[libx264 @ 0000020054ca7b00] frame= 584 QP=24.10 NAL=0 Slice:B Poc:106 I:13   P:1342 SKIP:6805 size=2145 bytes
[out#0/hls @ 0000020054ccdf00] sq: send 1 ts 28.842667
[out#0/hls @ 0000020054ccdf00] sq: receive 1 ts 28.842667 queue head -1 ts N/A
[out#0/hls @ 0000020054ccdf00] sq: send 0 ts 27.625
[out#0/hls @ 0000020054ccdf00] sq: receive 0 ts 27.625 queue head -1 ts N/A
[h264 @ 000002005514e980] nal_unit_type: 1(Coded slice of a non-IDR picture), nal_ref_idc: 0
[libx264 @ 0000020054ca7b00] frame= 585 QP=17.25 NAL=2 Slice:P Poc:116 I:773  P:3299 SKIP:4088 size=18119 bytes
[out#0/hls @ 0000020054ccdf00] sq: send 0 ts 27.666667
[out#0/hls @ 0000020054ccdf00] sq: receive 0 ts 27.666667 queue head -1 ts N/A
[h264 @ 0000020054cab3c0] nal_unit_type: 1(Coded slice of a non-IDR picture), nal_ref_idc: 2
[libx264 @ 0000020054ca7b00] frame= 586 QP=22.27 NAL=2 Slice:B Poc:112 I:16   P:2477 SKIP:5667 size=3825 bytes
[out#0/hls @ 0000020054ccdf00] sq: send 1 ts 28.864
[out#0/hls @ 0000020054ccdf00] sq: receive 1 ts 28.864 queue head -1 ts N/A
[out#0/hls @ 0000020054ccdf00] sq: send 0 ts 27.708333
[out#0/hls @ 0000020054ccdf00] sq: receive 0 ts 27.708333 queue head -1 ts N/A
[h264 @ 0000020054d31000] nal_unit_type: 1(Coded slice of a non-IDR picture), nal_ref_idc: 2
[libx264 @ 0000020054ca7b00] frame= 587 QP=23.87 NAL=0 Slice:B Poc:110 I:6    P:1252 SKIP:6902 size=1740 bytes
[out#0/hls @ 0000020054ccdf00] sq: send 1 ts 28.885333
[out#0/hls @ 0000020054ccdf00] sq: receive 1 ts 28.885333 queue head -1 ts N/A
[out#0/hls @ 0000020054ccdf00] sq: send 1 ts 28.906667
[out#0/hls @ 0000020054ccdf00] sq: receive 1 ts 28.906667 queue head -1 ts N/A
[out#0/hls @ 0000020054ccdf00] sq: send 1 ts 28.928
[out#0/hls @ 0000020054ccdf00] sq: receive 1 ts 28.928 queue head -1 ts N/A
[out#0/hls @ 0000020054ccdf00] sq: send 1 ts 28.949333
[out#0/hls @ 0000020054ccdf00] sq: receive 1 ts 28.949333 queue head -1 ts N/A
[out#0/hls @ 0000020054ccdf00] sq: send 1 ts 28.970667
[out#0/hls @ 0000020054ccdf00] sq: receive 1 ts 28.970667 queue head -1 ts N/A
[out#0/hls @ 0000020054ccdf00] sq: send 1 ts 28.992
[out#0/hls @ 0000020054ccdf00] sq: receive 1 ts 28.992 queue head -1 ts N/A
[out#0/hls @ 0000020054ccdf00] sq: send 1 ts 29.013333
[out#0/hls @ 0000020054ccdf00] sq: receive 1 ts 29.013333 queue head -1 ts N/A
[out#0/hls @ 0000020054ccdf00] sq: send 1 ts 29.034667
[out#0/hls @ 0000020054ccdf00] sq: receive 1 ts 29.034667 queue head -1 ts N/A
[out#0/hls @ 0000020054ccdf00] sq: send 1 ts 29.056
[out#0/hls @ 0000020054ccdf00] sq: receive 1 ts 29.056 queue head -1 ts N/A
[h264 @ 0000020054d316c0] nal_unit_type: 1(Coded slice of a non-IDR picture), nal_ref_idc: 0
[out#0/hls @ 0000020054ccdf00] sq: send 0 ts 27.75
[out#0/hls @ 0000020054ccdf00] sq: receive 0 ts 27.75 queue head -1 ts N/A
[libx264 @ 0000020054ca7b00] frame= 588 QP=24.79 NAL=0 Slice:B Poc:114 I:229  P:999  SKIP:6932 size=4971 bytes
[out#0/hls @ 0000020054ccdf00] sq: send 0 ts 27.791667
[out#0/hls @ 0000020054ccdf00] sq: receive 0 ts 27.791667 queue head -1 ts N/A
[libx264 @ 0000020054ca7b00] frame= 589 QP=17.63 NAL=2 Slice:P Poc:120 I:530  P:2557 SKIP:5073 size=14335 bytes
[out#0/hls @ 0000020054ccdf00] sq: send 0 ts 27.833333
[out#0/hls @ 0000020054ccdf00] sq: receive 0 ts 27.833333 queue head -1 ts N/A
[h264 @ 0000020055207440] nal_unit_type: 1(Coded slice of a non-IDR picture), nal_ref_idc: 0
[h264 @ 0000020054f6de40] nal_unit_type: 1(Coded slice of a non-IDR picture), nal_ref_idc: 2
[libx264 @ 0000020054ca7b00] frame= 590 QP=24.53 NAL=0 Slice:B Poc:118 I:45   P:929  SKIP:7186 size=3170 bytes
[out#0/hls @ 0000020054ccdf00] sq: send 1 ts 29.077333
[out#0/hls @ 0000020054ccdf00] sq: receive 1 ts 29.077333 queue head -1 ts N/A
[out#0/hls @ 0000020054ccdf00] sq: send 1 ts 29.098667
[out#0/hls @ 0000020054ccdf00] sq: receive 1 ts 29.098667 queue head -1 ts N/A
[out#0/hls @ 0000020054ccdf00] sq: send 1 ts 29.12
[out#0/hls @ 0000020054ccdf00] sq: receive 1 ts 29.12 queue head -1 ts N/A
[out#0/hls @ 0000020054ccdf00] sq: send 1 ts 29.141333
[out#0/hls @ 0000020054ccdf00] sq: receive 1 ts 29.141333 queue head -1 ts N/A
[out#0/hls @ 0000020054ccdf00] sq: send 1 ts 29.162667
[out#0/hls @ 0000020054ccdf00] sq: receive 1 ts 29.162667 queue head -1 ts N/A
[out#0/hls @ 0000020054ccdf00] sq: send 1 ts 29.184
[out#0/hls @ 0000020054ccdf00] sq: receive 1 ts 29.184 queue head -1 ts N/A
[h264 @ 0000020054f6e940] nal_unit_type: 1(Coded slice of a non-IDR picture), nal_ref_idc: 2
[out#0/hls @ 0000020054ccdf00] sq: send 1 ts 29.205333
[out#0/hls @ 0000020054ccdf00] sq: receive 1 ts 29.205333 queue head -1 ts N/A
[out#0/hls @ 0000020054ccdf00] sq: send 1 ts 29.226667
[out#0/hls @ 0000020054ccdf00] sq: receive 1 ts 29.226667 queue head -1 ts N/A
[out#0/hls @ 0000020054ccdf00] sq: send 0 ts 27.875
[out#0/hls @ 0000020054ccdf00] sq: receive 0 ts 27.875 queue head -1 ts N/A
[libx264 @ 0000020054ca7b00] frame= 591 QP=17.70 NAL=2 Slice:P Poc:124 I:724  P:2016 SKIP:5420 size=13444 bytes
[out#0/hls @ 0000020054ccdf00] sq: send 0 ts 27.916667
[out#0/hls @ 0000020054ccdf00] sq: receive 0 ts 27.916667 queue head -1 ts N/A
[h264 @ 0000020054cc1180] nal_unit_type: 1(Coded slice of a non-IDR picture), nal_ref_idc: 0
[libx264 @ 0000020054ca7b00] frame= 592 QP=25.29 NAL=0 Slice:B Poc:122 I:89   P:884  SKIP:7187 size=3362 bytes
[out#0/hls @ 0000020054ccdf00] sq: send 1 ts 29.248
[out#0/hls @ 0000020054ccdf00] sq: receive 1 ts 29.248 queue head -1 ts N/A
[out#0/hls @ 0000020054ccdf00] sq: send 0 ts 27.958333
[out#0/hls @ 0000020054ccdf00] sq: receive 0 ts 27.958333 queue head -1 ts N/A
[h264 @ 0000020054cc1c80] nal_unit_type: 1(Coded slice of a non-IDR picture), nal_ref_idc: 0
[libx264 @ 0000020054ca7b00] frame= 593 QP=17.31 NAL=2 Slice:P Poc:132 I:702  P:2335 SKIP:5123 size=17531 bytes
[out#0/hls @ 0000020054ccdf00] sq: send 1 ts 29.269333
[out#0/hls @ 0000020054ccdf00] sq: receive 1 ts 29.269333 queue head -1 ts N/A
[out#0/hls @ 0000020054ccdf00] sq: send 0 ts 28
[out#0/hls @ 0000020054ccdf00] sq: receive 0 ts 28 queue head -1 ts N/A
[h264 @ 0000020054e28880] nal_unit_type: 1(Coded slice of a non-IDR picture), nal_ref_idc: 2
[libx264 @ 0000020054ca7b00] frame= 594 QP=23.92 NAL=2 Slice:B Poc:128 I:260  P:1693 SKIP:6207 size=5748 bytes
[out#0/hls @ 0000020054ccdf00] sq: send 0 ts 28.041667
[out#0/hls @ 0000020054ccdf00] sq: receive 0 ts 28.041667 queue head -1 ts N/A
[h264 @ 0000020054e29240] nal_unit_type: 1(Coded slice of a non-IDR picture), nal_ref_idc: 2
[libx264 @ 0000020054ca7b00] frame= 595 QP=24.92 NAL=0 Slice:B Poc:126 I:203  P:830  SKIP:7127 size=3750 bytes
[out#0/hls @ 0000020054ccdf00] sq: send 0 ts 28.083333
[out#0/hls @ 0000020054ccdf00] sq: receive 0 ts 28.083333 queue head -1 ts N/A
[h264 @ 0000020054f4d980] nal_unit_type: 1(Coded slice of a non-IDR picture), nal_ref_idc: 0
[libx264 @ 0000020054ca7b00] frame= 596 QP=24.37 NAL=0 Slice:B Poc:130 I:20   P:1017 SKIP:7123 size=2414 bytes
[out#0/hls @ 0000020054ccdf00] sq: send 1 ts 29.290667
[out#0/hls @ 0000020054ccdf00] sq: receive 1 ts 29.290667 queue head -1 ts N/A
[out#0/hls @ 0000020054ccdf00] sq: send 1 ts 29.312
[out#0/hls @ 0000020054ccdf00] sq: receive 1 ts 29.312 queue head -1 ts N/A
[out#0/hls @ 0000020054ccdf00] sq: send 1 ts 29.333333
[out#0/hls @ 0000020054ccdf00] sq: receive 1 ts 29.333333 queue head -1 ts N/A
[out#0/hls @ 0000020054ccdf00] sq: send 1 ts 29.354667
[out#0/hls @ 0000020054ccdf00] sq: receive 1 ts 29.354667 queue head -1 ts N/A
[out#0/hls @ 0000020054ccdf00] sq: send 1 ts 29.376
[out#0/hls @ 0000020054ccdf00] sq: receive 1 ts 29.376 queue head -1 ts N/A
[out#0/hls @ 0000020054ccdf00] sq: send 1 ts 29.397333
[out#0/hls @ 0000020054ccdf00] sq: receive 1 ts 29.397333 queue head -1 ts N/A
[out#0/hls @ 0000020054ccdf00] sq: send 1 ts 29.418667
[out#0/hls @ 0000020054ccdf00] sq: receive 1 ts 29.418667 queue head -1 ts N/A
[out#0/hls @ 0000020054ccdf00] sq: send 0 ts 28.125
[out#0/hls @ 0000020054ccdf00] sq: receive 0 ts 28.125 queue head -1 ts N/A
[h264 @ 0000020054f4e480] nal_unit_type: 1(Coded slice of a non-IDR picture), nal_ref_idc: 0
[libx264 @ 0000020054ca7b00] frame= 597 QP=17.11 NAL=2 Slice:P Poc:140 I:252  P:3161 SKIP:4747 size=15325 bytes
[out#0/hls @ 0000020054ccdf00] sq: send 1 ts 29.44
[out#0/hls @ 0000020054ccdf00] sq: receive 1 ts 29.44 queue head -1 ts N/A
[out#0/hls @ 0000020054ccdf00] sq: send 0 ts 28.166667
[out#0/hls @ 0000020054ccdf00] sq: receive 0 ts 28.166667 queue head -1 ts N/A
[h264 @ 0000020054f0edc0] nal_unit_type: 1(Coded slice of a non-IDR picture), nal_ref_idc: 2
[libx264 @ 0000020054ca7b00] frame= 598 QP=24.13 NAL=2 Slice:B Poc:136 I:20   P:2122 SKIP:6018 size=4437 bytes
[out#0/hls @ 0000020054ccdf00] sq: send 1 ts 29.461333
[out#0/hls @ 0000020054ccdf00] sq: receive 1 ts 29.461333 queue head -1 ts N/A
[out#0/hls @ 0000020054ccdf00] sq: send 1 ts 29.482667
[out#0/hls @ 0000020054ccdf00] sq: receive 1 ts 29.482667 queue head -1 ts N/A
[out#0/hls @ 0000020054ccdf00] sq: send 1 ts 29.504
[out#0/hls @ 0000020054ccdf00] sq: receive 1 ts 29.504 queue head -1 ts N/A
[out#0/hls @ 0000020054ccdf00] sq: send 0 ts 28.208333
[h264 @ 0000020054f0df00] nal_unit_type: 1(Coded slice of a non-IDR picture), nal_ref_idc: 2
[out#0/hls @ 0000020054ccdf00] sq: receive 0 ts 28.208333 queue head -1 ts N/A
[libx264 @ 0000020054ca7b00] frame= 599 QP=25.00 NAL=0 Slice:B Poc:134 I:3    P:971  SKIP:7186 size=1805 bytes
[out#0/hls @ 0000020054ccdf00] sq: send 1 ts 29.525333
[out#0/hls @ 0000020054ccdf00] sq: receive 1 ts 29.525333 queue head -1 ts N/A
[out#0/hls @ 0000020054ccdf00] sq: send 0 ts 28.25
[out#0/hls @ 0000020054ccdf00] sq: receive 0 ts 28.25 queue head -1 ts N/A
[h264 @ 0000020054f0f140] nal_unit_type: 1(Coded slice of a non-IDR picture), nal_ref_idc: 0
[libx264 @ 0000020054ca7b00] frame= 600 QP=24.60 NAL=0 Slice:B Poc:138 I:8    P:1019 SKIP:7133 size=2156 bytes
[out#0/hls @ 0000020054ccdf00] sq: send 1 ts 29.546667
[out#0/hls @ 0000020054ccdf00] sq: receive 1 ts 29.546667 queue head -1 ts N/A
[out#0/hls @ 0000020054ccdf00] sq: send 0 ts 28.291667
[out#0/hls @ 0000020054ccdf00] sq: receive 0 ts 28.291667 queue head -1 ts N/A
[h264 @ 000002005514e980] nal_unit_type: 1(Coded slice of a non-IDR picture), nal_ref_idc: 0
[libx264 @ 0000020054ca7b00] frame= 601 QP=17.05 NAL=2 Slice:P Poc:148 I:318  P:3394 SKIP:4448 size=18015 bytes
[h264 @ 0000020054cab3c0] nal_unit_type: 1(Coded slice of a non-IDR picture), nal_ref_idc: 2
[out#0/hls @ 0000020054ccdf00] sq: send 1 ts 29.568
[out#0/hls @ 0000020054ccdf00] sq: receive 1 ts 29.568 queue head -1 ts N/A
[out#0/hls @ 0000020054ccdf00] sq: send 1 ts 29.589333
[out#0/hls @ 0000020054ccdf00] sq: receive 1 ts 29.589333 queue head -1 ts N/A
[out#0/hls @ 0000020054ccdf00] sq: send 1 ts 29.610667
[out#0/hls @ 0000020054ccdf00] sq: receive 1 ts 29.610667 queue head -1 ts N/A
[out#0/hls @ 0000020054ccdf00] sq: send 1 ts 29.632
[out#0/hls @ 0000020054ccdf00] sq: receive 1 ts 29.632 queue head -1 ts N/A
[out#0/hls @ 0000020054ccdf00] sq: send 1 ts 29.653333
[out#0/hls @ 0000020054ccdf00] sq: receive 1 ts 29.653333 queue head -1 ts N/A
[out#0/hls @ 0000020054ccdf00] sq: send 1 ts 29.674667
[out#0/hls @ 0000020054ccdf00] sq: receive 1 ts 29.674667 queue head -1 ts N/A
[out#0/hls @ 0000020054ccdf00] sq: send 0 ts 28.333333
[out#0/hls @ 0000020054ccdf00] sq: receive 0 ts 28.333333 queue head -1 ts N/A
[libx264 @ 0000020054ca7b00] frame= 602 QP=23.35 NAL=2 Slice:B Poc:144 I:164  P:2469 SKIP:5527 size=5937 bytes
[out#0/hls @ 0000020054ccdf00] sq: send 0 ts 28.375
[out#0/hls @ 0000020054ccdf00] sq: receive 0 ts 28.375 queue head -1 ts N/A
[h264 @ 0000020054d31000] nal_unit_type: 1(Coded slice of a non-IDR picture), nal_ref_idc: 2
[libx264 @ 0000020054ca7b00] frame= 603 QP=24.46 NAL=0 Slice:B Poc:142 I:25   P:988  SKIP:7147 size=2365 bytes
[out#0/hls @ 0000020054ccdf00] sq: send 1 ts 29.696
[out#0/hls @ 0000020054ccdf00] sq: receive 1 ts 29.696 queue head -1 ts N/A
[out#0/hls @ 0000020054ccdf00] sq: send 0 ts 28.416667
[out#0/hls @ 0000020054ccdf00] sq: receive 0 ts 28.416667 queue head -1 ts N/A
[h264 @ 0000020054d316c0] nal_unit_type: 1(Coded slice of a non-IDR picture), nal_ref_idc: 0
[libx264 @ 0000020054ca7b00] frame= 604 QP=24.23 NAL=0 Slice:B Poc:146 I:115  P:1041 SKIP:7004 size=3095 bytes
[out#0/hls @ 0000020054ccdf00] sq: send 1 ts 29.717333
[out#0/hls @ 0000020054ccdf00] sq: receive 1 ts 29.717333 queue head -1 ts N/A
[out#0/hls @ 0000020054ccdf00] sq: send 1 ts 29.738667
[out#0/hls @ 0000020054ccdf00] sq: receive 1 ts 29.738667 queue head -1 ts N/A
[out#0/hls @ 0000020054ccdf00] sq: send 1 ts 29.76
[out#0/hls @ 0000020054ccdf00] sq: receive 1 ts 29.76 queue head -1 ts N/A
[h264 @ 0000020055207440] nal_unit_type: 1(Coded slice of a non-IDR picture), nal_ref_idc: 0
[out#0/hls @ 0000020054ccdf00] sq: send 0 ts 28.458333
[out#0/hls @ 0000020054ccdf00] sq: receive 0 ts 28.458333 queue head -1 ts N/A
[libx264 @ 0000020054ca7b00] frame= 605 QP=17.36 NAL=2 Slice:P Poc:156 I:240  P:2717 SKIP:5203 size=13089 bytes
[out#0/hls @ 0000020054ccdf00] sq: send 0 ts 28.5
[out#0/hls @ 0000020054ccdf00] sq: receive 0 ts 28.5 queue head -1 ts N/A
[h264 @ 0000020054f6de40] nal_unit_type: 1(Coded slice of a non-IDR picture), nal_ref_idc: 2
[libx264 @ 0000020054ca7b00] frame= 606 QP=23.60 NAL=2 Slice:B Poc:152 I:17   P:1901 SKIP:6242 size=3335 bytes
[out#0/hls @ 0000020054ccdf00] sq: send 0 ts 28.541667
[out#0/hls @ 0000020054ccdf00] sq: receive 0 ts 28.541667 queue head -1 ts N/A
[h264 @ 0000020054f6e940] nal_unit_type: 1(Coded slice of a non-IDR picture), nal_ref_idc: 2
[libx264 @ 0000020054ca7b00] frame= 607 QP=25.54 NAL=0 Slice:B Poc:150 I:13   P:951  SKIP:7196 size=1843 bytes
[out#0/hls @ 0000020054ccdf00] sq: send 1 ts 29.781333
[out#0/hls @ 0000020054ccdf00] sq: receive 1 ts 29.781333 queue head -1 ts N/A
[out#0/hls @ 0000020054ccdf00] sq: send 0 ts 28.583333
[out#0/hls @ 0000020054ccdf00] sq: receive 0 ts 28.583333 queue head -1 ts N/A
[h264 @ 0000020054cc1180] nal_unit_type: 1(Coded slice of a non-IDR picture), nal_ref_idc: 0
[libx264 @ 0000020054ca7b00] frame= 608 QP=24.78 NAL=0 Slice:B Poc:154 I:4    P:1143 SKIP:7013 size=1555 bytes
[out#0/hls @ 0000020054ccdf00] sq: send 1 ts 29.802667
[out#0/hls @ 0000020054ccdf00] sq: receive 1 ts 29.802667 queue head -1 ts N/A
[out#0/hls @ 0000020054ccdf00] sq: send 0 ts 28.625
[out#0/hls @ 0000020054ccdf00] sq: receive 0 ts 28.625 queue head -1 ts N/A
[h264 @ 0000020054cc1c80] nal_unit_type: 1(Coded slice of a non-IDR picture), nal_ref_idc: 0
[libx264 @ 0000020054ca7b00] frame= 609 QP=17.68 NAL=2 Slice:P Poc:164 I:197  P:2764 SKIP:5199 size=10925 bytes
[out#0/hls @ 0000020054ccdf00] sq: send 0 ts 28.666667
[out#0/hls @ 0000020054ccdf00] sq: receive 0 ts 28.666667 queue head -1 ts N/A
[h264 @ 0000020054e28880] nal_unit_type: 1(Coded slice of a non-IDR picture), nal_ref_idc: 2
[libx264 @ 0000020054ca7b00] frame= 610 QP=23.91 NAL=2 Slice:B Poc:160 I:3    P:1860 SKIP:6297 size=2946 bytes
[out#0/hls @ 0000020054ccdf00] sq: send 1 ts 29.824
[out#0/hls @ 0000020054ccdf00] sq: receive 1 ts 29.824 queue head -1 ts N/A
[out#0/hls @ 0000020054ccdf00] sq: send 1 ts 29.845333
[out#0/hls @ 0000020054ccdf00] sq: receive 1 ts 29.845333 queue head -1 ts N/A
[out#0/hls @ 0000020054ccdf00] sq: send 1 ts 29.866667
[out#0/hls @ 0000020054ccdf00] sq: receive 1 ts 29.866667 queue head -1 ts N/A
[out#0/hls @ 0000020054ccdf00] sq: send 1 ts 29.888
[out#0/hls @ 0000020054ccdf00] sq: receive 1 ts 29.888 queue head -1 ts N/A
[out#0/hls @ 0000020054ccdf00] sq: send 1 ts 29.909333
[out#0/hls @ 0000020054ccdf00] sq: receive 1 ts 29.909333 queue head -1 ts N/A
[out#0/hls @ 0000020054ccdf00] sq: send 1 ts 29.930667
[out#0/hls @ 0000020054ccdf00] sq: receive 1 ts 29.930667 queue head -1 ts N/A
[out#0/hls @ 0000020054ccdf00] sq: send 1 ts 29.952
[out#0/hls @ 0000020054ccdf00] sq: receive 1 ts 29.952 queue head -1 ts N/A
[out#0/hls @ 0000020054ccdf00] sq: send 1 ts 29.973333
[out#0/hls @ 0000020054ccdf00] sq: receive 1 ts 29.973333 queue head -1 ts N/A
[out#0/hls @ 0000020054ccdf00] sq: send 1 ts 29.994667
[out#0/hls @ 0000020054ccdf00] sq: receive 1 ts 29.994667 queue head -1 ts N/A
[out#0/hls @ 0000020054ccdf00] sq: send 1 ts 30.016
[out#0/hls @ 0000020054ccdf00] sq: receive 1 ts 30.016 queue head -1 ts N/A
[out#0/hls @ 0000020054ccdf00] sq: send 1 ts 30.037333
[out#0/hls @ 0000020054ccdf00] sq: receive 1 ts 30.037333 queue head -1 ts N/A
[out#0/hls @ 0000020054ccdf00] sq: send 1 ts 30.058667
[out#0/hls @ 0000020054ccdf00] sq: receive 1 ts 30.058667 queue head -1 ts N/A
[out#0/hls @ 0000020054ccdf00] sq: send 0 ts 28.708333
[out#0/hls @ 0000020054ccdf00] sq: receive 0 ts 28.708333 queue head -1 ts N/A
[h264 @ 0000020054e29240] nal_unit_type: 1(Coded slice of a non-IDR picture), nal_ref_idc: 2
[libx264 @ 0000020054ca7b00] frame= 611 QP=24.22 NAL=0 Slice:B Poc:158 I:2    P:1181 SKIP:6977 size=1358 bytes
[out#0/hls @ 0000020054ccdf00] sq: send 0 ts 28.75
[out#0/hls @ 0000020054ccdf00] sq: receive 0 ts 28.75 queue head -1 ts N/A
[h264 @ 0000020054f4d980] nal_unit_type: 1(Coded slice of a non-IDR picture), nal_ref_idc: 0
[libx264 @ 0000020054ca7b00] frame= 612 QP=26.35 NAL=0 Slice:B Poc:162 I:58   P:1112 SKIP:6990 size=2648 bytes
[out#0/hls @ 0000020054ccdf00] sq: send 1 ts 30.08
[out#0/hls @ 0000020054ccdf00] sq: receive 1 ts 30.08 queue head -1 ts N/A
[out#0/hls @ 0000020054ccdf00] sq: send 1 ts 30.101333
[out#0/hls @ 0000020054ccdf00] sq: receive 1 ts 30.101333 queue head -1 ts N/A
[h264 @ 0000020054f4e480] nal_unit_type: 1(Coded slice of a non-IDR picture), nal_ref_idc: 0
[out#0/hls @ 0000020054ccdf00] sq: send 1 ts 30.122667
[out#0/hls @ 0000020054ccdf00] sq: receive 1 ts 30.122667 queue head -1 ts N/A
[out#0/hls @ 0000020054ccdf00] sq: send 1 ts 30.144
[out#0/hls @ 0000020054ccdf00] sq: receive 1 ts 30.144 queue head -1 ts N/A
[out#0/hls @ 0000020054ccdf00] sq: send 0 ts 28.791667
[out#0/hls @ 0000020054ccdf00] sq: receive 0 ts 28.791667 queue head -1 ts N/A
[libx264 @ 0000020054ca7b00] frame= 613 QP=17.99 NAL=2 Slice:P Poc:172 I:420  P:3403 SKIP:4337 size=13959 bytes
[out#0/hls @ 0000020054ccdf00] sq: send 0 ts 28.833333
[out#0/hls @ 0000020054ccdf00] sq: receive 0 ts 28.833333 queue head -1 ts N/A
[h264 @ 0000020054f0edc0] nal_unit_type: 1(Coded slice of a non-IDR picture), nal_ref_idc: 2
[libx264 @ 0000020054ca7b00] frame= 614 QP=23.03 NAL=2 Slice:B Poc:168 I:48   P:2558 SKIP:5554 size=4929 bytes
[out#0/hls @ 0000020054ccdf00] sq: send 1 ts 30.165333
[out#0/hls @ 0000020054ccdf00] sq: receive 1 ts 30.165333 queue head -1 ts N/A
[out#0/hls @ 0000020054ccdf00] sq: send 1 ts 30.186667
[out#0/hls @ 0000020054ccdf00] sq: receive 1 ts 30.186667 queue head -1 ts N/A
[out#0/hls @ 0000020054ccdf00] sq: send 0 ts 28.875
[out#0/hls @ 0000020054ccdf00] sq: receive 0 ts 28.875 queue head -1 ts N/A
frame=  615 fps=108 q=28.0 size=N/A time=00:00:25.54 bitrate=N/A speed=4.49x    [h264 @ 0000020054f0df00] nal_unit_type: 1(Coded slice of a non-IDR picture), nal_ref_idc: 2
[libx264 @ 0000020054ca7b00] frame= 615 QP=24.69 NAL=0 Slice:B Poc:166 I:30   P:1258 SKIP:6872 size=2494 bytes
[out#0/hls @ 0000020054ccdf00] sq: send 1 ts 30.208
[out#0/hls @ 0000020054ccdf00] sq: receive 1 ts 30.208 queue head -1 ts N/A
[out#0/hls @ 0000020054ccdf00] sq: send 0 ts 28.916667
[out#0/hls @ 0000020054ccdf00] sq: receive 0 ts 28.916667 queue head -1 ts N/A
[h264 @ 0000020054f0f140] nal_unit_type: 1(Coded slice of a non-IDR picture), nal_ref_idc: 0
[libx264 @ 0000020054ca7b00] frame= 616 QP=24.96 NAL=0 Slice:B Poc:170 I:23   P:1418 SKIP:6719 size=2675 bytes
[out#0/hls @ 0000020054ccdf00] sq: send 0 ts 28.958333
[out#0/hls @ 0000020054ccdf00] sq: receive 0 ts 28.958333 queue head -1 ts N/A
[h264 @ 000002005514e980] nal_unit_type: 1(Coded slice of a non-IDR picture), nal_ref_idc: 0
[libx264 @ 0000020054ca7b00] frame= 617 QP=18.48 NAL=2 Slice:P Poc:174 I:371  P:1516 SKIP:6273 size=7867 bytes
[out#0/hls @ 0000020054ccdf00] sq: send 0 ts 29
[out#0/hls @ 0000020054ccdf00] sq: receive 0 ts 29 queue head -1 ts N/A
[h264 @ 0000020054cab3c0] nal_unit_type: 1(Coded slice of a non-IDR picture), nal_ref_idc: 2
[libx264 @ 0000020054ca7b00] scene cut at 644 Icost:2647993 Pcost:2637153 ratio:0.0041 bias:0.2195 gop:114 (imb:7499 pmb:289)
[libx264 @ 0000020054ca7b00] frame= 618 QP=18.25 NAL=2 Slice:P Poc:176 I:833  P:2147 SKIP:5180 size=14073 bytes
[out#0/hls @ 0000020054ccdf00] sq: send 1 ts 30.229333
[out#0/hls @ 0000020054ccdf00] sq: receive 1 ts 30.229333 queue head -1 ts N/A
[out#0/hls @ 0000020054ccdf00] sq: send 1 ts 30.250667
[out#0/hls @ 0000020054ccdf00] sq: receive 1 ts 30.250667 queue head -1 ts N/A
[out#0/hls @ 0000020054ccdf00] sq: send 1 ts 30.272
[out#0/hls @ 0000020054ccdf00] sq: receive 1 ts 30.272 queue head -1 ts N/A
[out#0/hls @ 0000020054ccdf00] sq: send 1 ts 30.293333
[out#0/hls @ 0000020054ccdf00] sq: receive 1 ts 30.293333 queue head -1 ts N/A
[out#0/hls @ 0000020054ccdf00] sq: send 1 ts 30.314667
[out#0/hls @ 0000020054ccdf00] sq: receive 1 ts 30.314667 queue head -1 ts N/A
[out#0/hls @ 0000020054ccdf00] sq: send 1 ts 30.336
[out#0/hls @ 0000020054ccdf00] sq: receive 1 ts 30.336 queue head -1 ts N/A
[out#0/hls @ 0000020054ccdf00] sq: send 1 ts 30.357333
[out#0/hls @ 0000020054ccdf00] sq: receive 1 ts 30.357333 queue head -1 ts N/A
[out#0/hls @ 0000020054ccdf00] sq: send 1 ts 30.378667
[h264 @ 0000020054d31000] nal_unit_type: 1(Coded slice of a non-IDR picture), nal_ref_idc: 2
[out#0/hls @ 0000020054ccdf00] sq: receive 1 ts 30.378667 queue head -1 ts N/A
[out#0/hls @ 0000020054ccdf00] sq: send 0 ts 29.041667
[out#0/hls @ 0000020054ccdf00] sq: receive 0 ts 29.041667 queue head -1 ts N/A
[libx264 @ 0000020054ca7b00] frame= 619 QP=18.70 NAL=2 Slice:P Poc:178 I:895  P:1183 SKIP:6082 size=11667 bytes
[out#0/hls @ 0000020054ccdf00] sq: send 0 ts 29.083333
[out#0/hls @ 0000020054ccdf00] sq: receive 0 ts 29.083333 queue head -1 ts N/A
[h264 @ 0000020054d316c0] nal_unit_type: 1(Coded slice of a non-IDR picture), nal_ref_idc: 0
[libx264 @ 0000020054ca7b00] frame= 620 QP=18.26 NAL=2 Slice:P Poc:182 I:965  P:2404 SKIP:4791 size=19179 bytes
[out#0/hls @ 0000020054ccdf00] sq: send 1 ts 30.4
[out#0/hls @ 0000020054ccdf00] sq: receive 1 ts 30.4 queue head -1 ts N/A
[out#0/hls @ 0000020054ccdf00] sq: send 0 ts 29.125
[out#0/hls @ 0000020054ccdf00] sq: receive 0 ts 29.125 queue head -1 ts N/A
[h264 @ 0000020055207440] nal_unit_type: 1(Coded slice of a non-IDR picture), nal_ref_idc: 2
[libx264 @ 0000020054ca7b00] frame= 621 QP=26.25 NAL=0 Slice:B Poc:180 I:496  P:827  SKIP:6837 size=7203 bytes
[out#0/hls @ 0000020054ccdf00] sq: send 0 ts 29.166667
[out#0/hls @ 0000020054ccdf00] sq: receive 0 ts 29.166667 queue head -1 ts N/A
[h264 @ 0000020054f6de40] nal_unit_type: 1(Coded slice of a non-IDR picture), nal_ref_idc: 2
[libx264 @ 0000020054ca7b00] frame= 622 QP=18.54 NAL=2 Slice:P Poc:184 I:573  P:1209 SKIP:6378 size=10630 bytes
[out#0/hls @ 0000020054ccdf00] sq: send 0 ts 29.208333
[out#0/hls @ 0000020054ccdf00] sq: receive 0 ts 29.208333 queue head -1 ts N/A
[h264 @ 0000020054f6e940] nal_unit_type: 1(Coded slice of a non-IDR picture), nal_ref_idc: 0
[libx264 @ 0000020054ca7b00] frame= 623 QP=18.13 NAL=2 Slice:P Poc:188 I:518  P:2149 SKIP:5493 size=14844 bytes
[out#0/hls @ 0000020054ccdf00] sq: send 1 ts 30.421333
[out#0/hls @ 0000020054ccdf00] sq: receive 1 ts 30.421333 queue head -1 ts N/A
[out#0/hls @ 0000020054ccdf00] sq: send 1 ts 30.442667
[out#0/hls @ 0000020054ccdf00] sq: receive 1 ts 30.442667 queue head -1 ts N/A
[out#0/hls @ 0000020054ccdf00] sq: send 1 ts 30.464
[out#0/hls @ 0000020054ccdf00] sq: receive 1 ts 30.464 queue head -1 ts N/A
[out#0/hls @ 0000020054ccdf00] sq: send 1 ts 30.485333
[out#0/hls @ 0000020054ccdf00] sq: receive 1 ts 30.485333 queue head -1 ts N/A
[out#0/hls @ 0000020054ccdf00] sq: send 1 ts 30.506667
[out#0/hls @ 0000020054ccdf00] sq: receive 1 ts 30.506667 queue head -1 ts N/A
[out#0/hls @ 0000020054ccdf00] sq: send 1 ts 30.528
[out#0/hls @ 0000020054ccdf00] sq: receive 1 ts 30.528 queue head -1 ts N/A
[out#0/hls @ 0000020054ccdf00] sq: send 1 ts 30.549333
[out#0/hls @ 0000020054ccdf00] sq: receive 1 ts 30.549333 queue head -1 ts N/A
[out#0/hls @ 0000020054ccdf00] sq: send 1 ts 30.570667
[out#0/hls @ 0000020054ccdf00] sq: receive 1 ts 30.570667 queue head -1 ts N/A
[out#0/hls @ 0000020054ccdf00] sq: send 1 ts 30.592
[out#0/hls @ 0000020054ccdf00] sq: receive 1 ts 30.592 queue head -1 ts N/A
[h264 @ 0000020054cc1180] nal_unit_type: 1(Coded slice of a non-IDR picture), nal_ref_idc: 0
[out#0/hls @ 0000020054ccdf00] sq: send 0 ts 29.25
[out#0/hls @ 0000020054ccdf00] sq: receive 0 ts 29.25 queue head -1 ts N/A
[libx264 @ 0000020054ca7b00] frame= 624 QP=24.95 NAL=0 Slice:B Poc:186 I:92   P:932  SKIP:7136 size=3990 bytes
[out#0/hls @ 0000020054ccdf00] sq: send 0 ts 29.291667
[out#0/hls @ 0000020054ccdf00] sq: receive 0 ts 29.291667 queue head -1 ts N/A
[h264 @ 0000020054cc1c80] nal_unit_type: 1(Coded slice of a non-IDR picture), nal_ref_idc: 2
[libx264 @ 0000020054ca7b00] frame= 625 QP=18.35 NAL=2 Slice:P Poc:196 I:293  P:2300 SKIP:5567 size=15428 bytes
[out#0/hls @ 0000020054ccdf00] sq: send 1 ts 30.613333
[out#0/hls @ 0000020054ccdf00] sq: receive 1 ts 30.613333 queue head -1 ts N/A
[out#0/hls @ 0000020054ccdf00] sq: send 0 ts 29.333333
[out#0/hls @ 0000020054ccdf00] sq: receive 0 ts 29.333333 queue head -1 ts N/A
[h264 @ 0000020054e28880] nal_unit_type: 5(IDR), nal_ref_idc: 3
[libx264 @ 0000020054ca7b00] frame= 626 QP=23.76 NAL=2 Slice:B Poc:192 I:27   P:1176 SKIP:6957 size=3513 bytes
[out#0/hls @ 0000020054ccdf00] sq: send 1 ts 30.634667
[out#0/hls @ 0000020054ccdf00] sq: receive 1 ts 30.634667 queue head -1 ts N/A
[out#0/hls @ 0000020054ccdf00] sq: send 0 ts 29.375
[out#0/hls @ 0000020054ccdf00] sq: receive 0 ts 29.375 queue head -1 ts N/A
[h264 @ 0000020054e29240] nal_unit_type: 1(Coded slice of a non-IDR picture), nal_ref_idc: 2
[libx264 @ 0000020054ca7b00] frame= 627 QP=25.48 NAL=0 Slice:B Poc:190 I:27   P:966  SKIP:7167 size=3300 bytes
[out#0/hls @ 0000020054ccdf00] sq: send 1 ts 30.656
[out#0/hls @ 0000020054ccdf00] sq: receive 1 ts 30.656 queue head -1 ts N/A
[out#0/hls @ 0000020054ccdf00] sq: send 0 ts 29.416667
[out#0/hls @ 0000020054ccdf00] sq: receive 0 ts 29.416667 queue head -1 ts N/A
[h264 @ 0000020054f4d980] nal_unit_type: 1(Coded slice of a non-IDR picture), nal_ref_idc: 2
[libx264 @ 0000020054ca7b00] frame= 628 QP=24.97 NAL=0 Slice:B Poc:194 I:7    P:700  SKIP:7453 size=1445 bytes
[out#0/hls @ 0000020054ccdf00] sq: send 1 ts 30.677333
[out#0/hls @ 0000020054ccdf00] sq: receive 1 ts 30.677333 queue head -1 ts N/A
[out#0/hls @ 0000020054ccdf00] sq: send 0 ts 29.458333
[out#0/hls @ 0000020054ccdf00] sq: receive 0 ts 29.458333 queue head -1 ts N/A
[h264 @ 0000020054f4e480] nal_unit_type: 1(Coded slice of a non-IDR picture), nal_ref_idc: 0
[libx264 @ 0000020054ca7b00] frame= 629 QP=18.62 NAL=2 Slice:P Poc:204 I:116  P:3022 SKIP:5022 size=13090 bytes
[out#0/hls @ 0000020054ccdf00] sq: send 0 ts 29.5
[out#0/hls @ 0000020054ccdf00] sq: receive 0 ts 29.5 queue head -1 ts N/A
[h264 @ 0000020054f0edc0] nal_unit_type: 1(Coded slice of a non-IDR picture), nal_ref_idc: 0
[libx264 @ 0000020054ca7b00] frame= 630 QP=22.87 NAL=2 Slice:B Poc:200 I:19   P:1106 SKIP:7035 size=2853 bytes
[out#0/hls @ 0000020054ccdf00] sq: send 0 ts 29.541667
[out#0/hls @ 0000020054ccdf00] sq: receive 0 ts 29.541667 queue head -1 ts N/A
[h264 @ 0000020054f0df00] nal_unit_type: 1(Coded slice of a non-IDR picture), nal_ref_idc: 2
[libx264 @ 0000020054ca7b00] frame= 631 QP=24.46 NAL=0 Slice:B Poc:198 I:8    P:601  SKIP:7551 size=1165 bytes
[out#0/hls @ 0000020054ccdf00] sq: send 1 ts 30.698667
[out#0/hls @ 0000020054ccdf00] sq: receive 1 ts 30.698667 queue head -1 ts N/A
[out#0/hls @ 0000020054ccdf00] sq: send 1 ts 30.72
[out#0/hls @ 0000020054ccdf00] sq: receive 1 ts 30.72 queue head -1 ts N/A
[out#0/hls @ 0000020054ccdf00] sq: send 1 ts 30.741333
[out#0/hls @ 0000020054ccdf00] sq: receive 1 ts 30.741333 queue head -1 ts N/A
[out#0/hls @ 0000020054ccdf00] sq: send 1 ts 30.762667
[out#0/hls @ 0000020054ccdf00] sq: receive 1 ts 30.762667 queue head -1 ts N/A
[out#0/hls @ 0000020054ccdf00] sq: send 1 ts 30.784
[h264 @ 0000020054f0f140] nal_unit_type: 1(Coded slice of a non-IDR picture), nal_ref_idc: 2
[out#0/hls @ 0000020054ccdf00] sq: receive 1 ts 30.784 queue head -1 ts N/A
[out#0/hls @ 0000020054ccdf00] sq: send 1 ts 30.805333
[out#0/hls @ 0000020054ccdf00] sq: receive 1 ts 30.805333 queue head -1 ts N/A
[out#0/hls @ 0000020054ccdf00] sq: send 1 ts 30.826667
[out#0/hls @ 0000020054ccdf00] sq: receive 1 ts 30.826667 queue head -1 ts N/A
[out#0/hls @ 0000020054ccdf00] sq: send 1 ts 30.848
[out#0/hls @ 0000020054ccdf00] sq: receive 1 ts 30.848 queue head -1 ts N/A
[out#0/hls @ 0000020054ccdf00] sq: send 1 ts 30.869333
[out#0/hls @ 0000020054ccdf00] sq: receive 1 ts 30.869333 queue head -1 ts N/A
[out#0/hls @ 0000020054ccdf00] sq: send 0 ts 29.583333
[out#0/hls @ 0000020054ccdf00] sq: receive 0 ts 29.583333 queue head -1 ts N/A
[libx264 @ 0000020054ca7b00] frame= 632 QP=24.22 NAL=0 Slice:B Poc:202 I:20   P:726  SKIP:7414 size=2023 bytes
[out#0/hls @ 0000020054ccdf00] sq: send 0 ts 29.625
[out#0/hls @ 0000020054ccdf00] sq: receive 0 ts 29.625 queue head -1 ts N/A
[h264 @ 000002005514e980] nal_unit_type: 1(Coded slice of a non-IDR picture), nal_ref_idc: 0
[libx264 @ 0000020054ca7b00] frame= 633 QP=19.51 NAL=2 Slice:P Poc:212 I:127  P:1899 SKIP:6134 size=9466 bytes
[out#0/hls @ 0000020054ccdf00] sq: send 1 ts 30.890667
[out#0/hls @ 0000020054ccdf00] sq: receive 1 ts 30.890667 queue head -1 ts N/A
[out#0/hls @ 0000020054ccdf00] sq: send 1 ts 30.912
[out#0/hls @ 0000020054ccdf00] sq: receive 1 ts 30.912 queue head -1 ts N/A
[out#0/hls @ 0000020054ccdf00] sq: send 1 ts 30.933333
[out#0/hls @ 0000020054ccdf00] sq: receive 1 ts 30.933333 queue head -1 ts N/A
[out#0/hls @ 0000020054ccdf00] sq: send 1 ts 30.954667
[out#0/hls @ 0000020054ccdf00] sq: receive 1 ts 30.954667 queue head -1 ts N/A
[out#0/hls @ 0000020054ccdf00] sq: send 1 ts 30.976
[out#0/hls @ 0000020054ccdf00] sq: receive 1 ts 30.976 queue head -1 ts N/A
[out#0/hls @ 0000020054ccdf00] sq: send 1 ts 30.997333
[out#0/hls @ 0000020054ccdf00] sq: receive 1 ts 30.997333 queue head -1 ts N/A
[out#0/hls @ 0000020054ccdf00] sq: send 1 ts 31.018667
[out#0/hls @ 0000020054ccdf00] sq: receive 1 ts 31.018667 queue head -1 ts N/A
[out#0/hls @ 0000020054ccdf00] sq: send 0 ts 29.666667
[out#0/hls @ 0000020054ccdf00] sq: receive 0 ts 29.666667 queue head -1 ts N/A
[h264 @ 0000020054cab3c0] nal_unit_type: 1(Coded slice of a non-IDR picture), nal_ref_idc: 0
[libx264 @ 0000020054ca7b00] frame= 634 QP=23.40 NAL=2 Slice:B Poc:208 I:68   P:962  SKIP:7130 size=3273 bytes
[out#0/hls @ 0000020054ccdf00] sq: send 0 ts 29.708333
[out#0/hls @ 0000020054ccdf00] sq: receive 0 ts 29.708333 queue head -1 ts N/A
[h264 @ 0000020054d31000] nal_unit_type: 1(Coded slice of a non-IDR picture), nal_ref_idc: 2
[libx264 @ 0000020054ca7b00] frame= 635 QP=24.16 NAL=0 Slice:B Poc:206 I:21   P:682  SKIP:7457 size=1920 bytes
[out#0/hls @ 0000020054ccdf00] sq: send 0 ts 29.75
[out#0/hls @ 0000020054ccdf00] sq: receive 0 ts 29.75 queue head -1 ts N/A
[h264 @ 0000020054d316c0] nal_unit_type: 1(Coded slice of a non-IDR picture), nal_ref_idc: 2
[libx264 @ 0000020054ca7b00] frame= 636 QP=23.80 NAL=0 Slice:B Poc:210 I:13   P:558  SKIP:7589 size=1419 bytes
[out#0/hls @ 0000020054ccdf00] sq: send 0 ts 29.791667
[out#0/hls @ 0000020054ccdf00] sq: receive 0 ts 29.791667 queue head -1 ts N/A
[h264 @ 0000020055207440] nal_unit_type: 1(Coded slice of a non-IDR picture), nal_ref_idc: 0
[libx264 @ 0000020054ca7b00] frame= 637 QP=21.50 NAL=2 Slice:P Poc:220 I:33   P:1256 SKIP:6871 size=4625 bytes
[out#0/hls @ 0000020054ccdf00] sq: send 1 ts 31.04
[out#0/hls @ 0000020054ccdf00] sq: receive 1 ts 31.04 queue head -1 ts N/A
[out#0/hls @ 0000020054ccdf00] sq: send 1 ts 31.061333
[out#0/hls @ 0000020054ccdf00] sq: receive 1 ts 31.061333 queue head -1 ts N/A
[out#0/hls @ 0000020054ccdf00] sq: send 1 ts 31.082667
[out#0/hls @ 0000020054ccdf00] sq: receive 1 ts 31.082667 queue head -1 ts N/A
[out#0/hls @ 0000020054ccdf00] sq: send 1 ts 31.104
[out#0/hls @ 0000020054ccdf00] sq: receive 1 ts 31.104 queue head -1 ts N/A
[out#0/hls @ 0000020054ccdf00] sq: send 1 ts 31.125333
[out#0/hls @ 0000020054ccdf00] sq: receive 1 ts 31.125333 queue head -1 ts N/A
[out#0/hls @ 0000020054ccdf00] sq: send 0 ts 29.833333
[h264 @ 0000020054f6de40] nal_unit_type: 1(Coded slice of a non-IDR picture), nal_ref_idc: 0
[out#0/hls @ 0000020054ccdf00] sq: receive 0 ts 29.833333 queue head -1 ts N/A
[libx264 @ 0000020054ca7b00] frame= 638 QP=22.57 NAL=2 Slice:B Poc:216 I:24   P:854  SKIP:7282 size=2262 bytes
[out#0/hls @ 0000020054ccdf00] sq: send 1 ts 31.146667
[out#0/hls @ 0000020054ccdf00] sq: receive 1 ts 31.146667 queue head -1 ts N/A
[out#0/hls @ 0000020054ccdf00] sq: send 1 ts 31.168
[out#0/hls @ 0000020054ccdf00] sq: receive 1 ts 31.168 queue head -1 ts N/A
[out#0/hls @ 0000020054ccdf00] sq: send 0 ts 29.875
[out#0/hls @ 0000020054ccdf00] sq: receive 0 ts 29.875 queue head -1 ts N/A
[h264 @ 0000020054f6e940] nal_unit_type: 1(Coded slice of a non-IDR picture), nal_ref_idc: 2
[libx264 @ 0000020054ca7b00] frame= 639 QP=24.82 NAL=0 Slice:B Poc:214 I:8    P:562  SKIP:7590 size=1285 bytes
[out#0/hls @ 0000020054ccdf00] sq: send 1 ts 31.189333
[out#0/hls @ 0000020054ccdf00] sq: receive 1 ts 31.189333 queue head -1 ts N/A
[out#0/hls @ 0000020054ccdf00] sq: send 1 ts 31.210667
[out#0/hls @ 0000020054ccdf00] sq: receive 1 ts 31.210667 queue head -1 ts N/A
[h264 @ 0000020054cc1180] nal_unit_type: 1(Coded slice of a non-IDR picture), nal_ref_idc: 2
[out#0/hls @ 0000020054ccdf00] sq: send 1 ts 31.232
[out#0/hls @ 0000020054ccdf00] sq: receive 1 ts 31.232 queue head -1 ts N/A
[out#0/hls @ 0000020054ccdf00] sq: send 1 ts 31.253333
[out#0/hls @ 0000020054ccdf00] sq: receive 1 ts 31.253333 queue head -1 ts N/A
[out#0/hls @ 0000020054ccdf00] sq: send 0 ts 29.916667
[out#0/hls @ 0000020054ccdf00] sq: receive 0 ts 29.916667 queue head -1 ts N/A
[libx264 @ 0000020054ca7b00] frame= 640 QP=22.85 NAL=0 Slice:B Poc:218 I:1    P:447  SKIP:7712 size=1022 bytes
[out#0/hls @ 0000020054ccdf00] sq: send 0 ts 29.958333
[out#0/hls @ 0000020054ccdf00] sq: receive 0 ts 29.958333 queue head -1 ts N/A
[h264 @ 0000020054cc1c80] nal_unit_type: 1(Coded slice of a non-IDR picture), nal_ref_idc: 0
[libx264 @ 0000020054ca7b00] frame= 641 QP=24.17 NAL=2 Slice:P Poc:226 I:26   P:643  SKIP:7491 size=2135 bytes
[out#0/hls @ 0000020054ccdf00] sq: send 1 ts 31.274667
[out#0/hls @ 0000020054ccdf00] sq: receive 1 ts 31.274667 queue head -1 ts N/A
[out#0/hls @ 0000020054ccdf00] sq: send 1 ts 31.296
[out#0/hls @ 0000020054ccdf00] sq: receive 1 ts 31.296 queue head -1 ts N/A
[out#0/hls @ 0000020054ccdf00] sq: send 0 ts 30
[out#0/hls @ 0000020054ccdf00] sq: receive 0 ts 30 queue head -1 ts N/A
[h264 @ 0000020054e28880] nal_unit_type: 1(Coded slice of a non-IDR picture), nal_ref_idc: 0
[libx264 @ 0000020054ca7b00] frame= 642 QP=25.64 NAL=2 Slice:B Poc:222 I:7    P:594  SKIP:7559 size=1550 bytes
[out#0/hls @ 0000020054ccdf00] sq: send 1 ts 31.317333
[out#0/hls @ 0000020054ccdf00] sq: receive 1 ts 31.317333 queue head -1 ts N/A
[out#0/hls @ 0000020054ccdf00] sq: send 1 ts 31.338667
[out#0/hls @ 0000020054ccdf00] sq: receive 1 ts 31.338667 queue head -1 ts N/A
[h264 @ 0000020054e29240] nal_unit_type: 1(Coded slice of a non-IDR picture), nal_ref_idc: 2
[out#0/hls @ 0000020054ccdf00] sq: send 0 ts 30.041667
[out#0/hls @ 0000020054ccdf00] sq: receive 0 ts 30.041667 queue head -1 ts N/A
[libx264 @ 0000020054ca7b00] frame= 643 QP=23.27 NAL=0 Slice:B Poc:224 I:8    P:450  SKIP:7702 size=1102 bytes
[out#0/hls @ 0000020054ccdf00] sq: send 0 ts 30.083333
[out#0/hls @ 0000020054ccdf00] sq: receive 0 ts 30.083333 queue head -1 ts N/A
[h264 @ 0000020054f4d980] nal_unit_type: 1(Coded slice of a non-IDR picture), nal_ref_idc: 2
[libx264 @ 0000020054ca7b00] frame= 644 QP=18.08 NAL=3 Slice:I Poc:0   I:8160 P:0    SKIP:0    size=187413 bytes
[out#0/hls @ 0000020054ccdf00] sq: send 0 ts 30.125
[out#0/hls @ 0000020054ccdf00] sq: receive 0 ts 30.125 queue head -1 ts N/A
[h264 @ 0000020054f4e480] nal_unit_type: 1(Coded slice of a non-IDR picture), nal_ref_idc: 0
[libx264 @ 0000020054ca7b00] frame= 645 QP=21.65 NAL=2 Slice:P Poc:8   I:612  P:4783 SKIP:2765 size=22281 bytes
[out#0/hls @ 0000020054ccdf00] sq: send 0 ts 30.166667
[out#0/hls @ 0000020054ccdf00] sq: receive 0 ts 30.166667 queue head -1 ts N/A
[h264 @ 0000020054f0edc0] nal_unit_type: 1(Coded slice of a non-IDR picture), nal_ref_idc: 0
[libx264 @ 0000020054ca7b00] frame= 646 QP=24.77 NAL=2 Slice:B Poc:4   I:40   P:3340 SKIP:4780 size=7313 bytes
[out#0/hls @ 0000020054ccdf00] sq: send 0 ts 30.208333
[out#0/hls @ 0000020054ccdf00] sq: receive 0 ts 30.208333 queue head -1 ts N/A
[h264 @ 0000020054f0df00] nal_unit_type: 1(Coded slice of a non-IDR picture), nal_ref_idc: 2
[libx264 @ 0000020054ca7b00] frame= 647 QP=26.35 NAL=0 Slice:B Poc:2   I:9    P:2797 SKIP:5354 size=4251 bytes
[out#0/hls @ 0000020054ccdf00] sq: send 0 ts 30.25
[out#0/hls @ 0000020054ccdf00] sq: receive 0 ts 30.25 queue head -1 ts N/A
[h264 @ 0000020054f0f140] nal_unit_type: 1(Coded slice of a non-IDR picture), nal_ref_idc: 2
[libx264 @ 0000020054ca7b00] frame= 648 QP=26.73 NAL=0 Slice:B Poc:6   I:114  P:2695 SKIP:5351 size=6186 bytes
[out#0/hls @ 0000020054ccdf00] sq: send 0 ts 30.291667
[out#0/hls @ 0000020054ccdf00] sq: receive 0 ts 30.291667 queue head -1 ts N/A
[h264 @ 000002005514e980] nal_unit_type: 1(Coded slice of a non-IDR picture), nal_ref_idc: 0
[libx264 @ 0000020054ca7b00] frame= 649 QP=21.34 NAL=2 Slice:P Poc:12  I:1047 P:4248 SKIP:2865 size=24767 bytes
[out#0/hls @ 0000020054ccdf00] sq: send 1 ts 31.36
[out#0/hls @ 0000020054ccdf00] sq: receive 1 ts 31.36 queue head -1 ts N/A
[out#0/hls @ 0000020054ccdf00] sq: send 1 ts 31.381333
[out#0/hls @ 0000020054ccdf00] sq: receive 1 ts 31.381333 queue head -1 ts N/A
[out#0/hls @ 0000020054ccdf00] sq: send 1 ts 31.402667
[out#0/hls @ 0000020054ccdf00] sq: receive 1 ts 31.402667 queue head -1 ts N/A
[out#0/hls @ 0000020054ccdf00] sq: send 1 ts 31.424
[out#0/hls @ 0000020054ccdf00] sq: receive 1 ts 31.424 queue head -1 ts N/A
[out#0/hls @ 0000020054ccdf00] sq: send 1 ts 31.445333
[out#0/hls @ 0000020054ccdf00] sq: receive 1 ts 31.445333 queue head -1 ts N/A
[out#0/hls @ 0000020054ccdf00] sq: send 1 ts 31.466667
[out#0/hls @ 0000020054ccdf00] sq: receive 1 ts 31.466667 queue head -1 ts N/A
[out#0/hls @ 0000020054ccdf00] sq: send 1 ts 31.488
[out#0/hls @ 0000020054ccdf00] sq: receive 1 ts 31.488 queue head -1 ts N/A
[out#0/hls @ 0000020054ccdf00] sq: send 1 ts 31.509333
[out#0/hls @ 0000020054ccdf00] sq: receive 1 ts 31.509333 queue head -1 ts N/A
[h264 @ 0000020054cab3c0] nal_unit_type: 1(Coded slice of a non-IDR picture), nal_ref_idc: 0
[out#0/hls @ 0000020054ccdf00] sq: send 1 ts 31.530667
[out#0/hls @ 0000020054ccdf00] sq: receive 1 ts 31.530667 queue head -1 ts N/A
[out#0/hls @ 0000020054ccdf00] sq: send 1 ts 31.552
[out#0/hls @ 0000020054ccdf00] sq: receive 1 ts 31.552 queue head -1 ts N/A
[out#0/hls @ 0000020054ccdf00] sq: send 1 ts 31.573333
[out#0/hls @ 0000020054ccdf00] sq: receive 1 ts 31.573333 queue head -1 ts N/A
[out#0/hls @ 0000020054ccdf00] sq: send 1 ts 31.594667
[out#0/hls @ 0000020054ccdf00] sq: receive 1 ts 31.594667 queue head -1 ts N/A
[out#0/hls @ 0000020054ccdf00] sq: send 1 ts 31.616
[out#0/hls @ 0000020054ccdf00] sq: receive 1 ts 31.616 queue head -1 ts N/A
[out#0/hls @ 0000020054ccdf00] sq: send 1 ts 31.637333
[out#0/hls @ 0000020054ccdf00] sq: receive 1 ts 31.637333 queue head -1 ts N/A
[out#0/hls @ 0000020054ccdf00] sq: send 1 ts 31.658667
[out#0/hls @ 0000020054ccdf00] sq: receive 1 ts 31.658667 queue head -1 ts N/A
[out#0/hls @ 0000020054ccdf00] sq: send 1 ts 31.68
[out#0/hls @ 0000020054ccdf00] sq: receive 1 ts 31.68 queue head -1 ts N/A
[out#0/hls @ 0000020054ccdf00] sq: send 0 ts 30.333333
[out#0/hls @ 0000020054ccdf00] sq: receive 0 ts 30.333333 queue head -1 ts N/A
[libx264 @ 0000020054ca7b00] frame= 650 QP=26.18 NAL=0 Slice:B Poc:10  I:283  P:2615 SKIP:5262 size=8554 bytes
[out#0/hls @ 0000020054ccdf00] sq: send 0 ts 30.375
[out#0/hls @ 0000020054ccdf00] sq: receive 0 ts 30.375 queue head -1 ts N/A
[h264 @ 0000020054d31000] nal_unit_type: 1(Coded slice of a non-IDR picture), nal_ref_idc: 2
[libx264 @ 0000020054ca7b00] frame= 651 QP=20.76 NAL=2 Slice:P Poc:20  I:1355 P:5745 SKIP:1060 size=36324 bytes
[out#0/hls @ 0000020054ccdf00] sq: send 1 ts 31.701333
[out#0/hls @ 0000020054ccdf00] sq: receive 1 ts 31.701333 queue head -1 ts N/A
[out#0/hls @ 0000020054ccdf00] sq: send 0 ts 30.416667
[out#0/hls @ 0000020054ccdf00] sq: receive 0 ts 30.416667 queue head -1 ts N/A
[h264 @ 0000020054d316c0] nal_unit_type: 1(Coded slice of a non-IDR picture), nal_ref_idc: 2
[libx264 @ 0000020054ca7b00] frame= 652 QP=24.33 NAL=2 Slice:B Poc:16  I:146  P:4136 SKIP:3878 size=11212 bytes
[out#0/hls @ 0000020054ccdf00] sq: send 1 ts 31.722667
[out#0/hls @ 0000020054ccdf00] sq: receive 1 ts 31.722667 queue head -1 ts N/A
[out#0/hls @ 0000020054ccdf00] sq: send 1 ts 31.744
[out#0/hls @ 0000020054ccdf00] sq: receive 1 ts 31.744 queue head -1 ts N/A
[out#0/hls @ 0000020054ccdf00] sq: send 1 ts 31.765333
[out#0/hls @ 0000020054ccdf00] sq: receive 1 ts 31.765333 queue head -1 ts N/A
[out#0/hls @ 0000020054ccdf00] sq: send 0 ts 30.458333
[out#0/hls @ 0000020054ccdf00] sq: receive 0 ts 30.458333 queue head -1 ts N/A
[h264 @ 0000020055207440] nal_unit_type: 1(Coded slice of a non-IDR picture), nal_ref_idc: 0
[libx264 @ 0000020054ca7b00] frame= 653 QP=26.56 NAL=0 Slice:B Poc:14  I:96   P:2645 SKIP:5419 size=6139 bytes
[out#0/hls @ 0000020054ccdf00] sq: send 1 ts 31.786667
[out#0/hls @ 0000020054ccdf00] sq: receive 1 ts 31.786667 queue head -1 ts N/A
[out#0/hls @ 0000020054ccdf00] sq: send 0 ts 30.5
[out#0/hls @ 0000020054ccdf00] sq: receive 0 ts 30.5 queue head -1 ts N/A
[h264 @ 0000020054f6de40] nal_unit_type: 1(Coded slice of a non-IDR picture), nal_ref_idc: 0
[libx264 @ 0000020054ca7b00] frame= 654 QP=26.13 NAL=0 Slice:B Poc:18  I:17   P:3219 SKIP:4924 size=6026 bytes
[out#0/hls @ 0000020054ccdf00] sq: send 1 ts 31.808
[out#0/hls @ 0000020054ccdf00] sq: receive 1 ts 31.808 queue head -1 ts N/A
[out#0/hls @ 0000020054ccdf00] sq: send 0 ts 30.541667
[out#0/hls @ 0000020054ccdf00] sq: receive 0 ts 30.541667 queue head -1 ts N/A
[h264 @ 0000020054f6e940] nal_unit_type: 5(IDR), nal_ref_idc: 3
[libx264 @ 0000020054ca7b00] frame= 655 QP=20.28 NAL=2 Slice:P Poc:28  I:1125 P:6129 SKIP:906  size=36852 bytes
[out#0/hls @ 0000020054ccdf00] sq: send 1 ts 31.829333
[out#0/hls @ 0000020054ccdf00] sq: receive 1 ts 31.829333 queue head -1 ts N/A
[out#0/hls @ 0000020054ccdf00] sq: send 1 ts 31.850667
[out#0/hls @ 0000020054ccdf00] sq: receive 1 ts 31.850667 queue head -1 ts N/A
[out#0/hls @ 0000020054ccdf00] sq: send 1 ts 31.872
[out#0/hls @ 0000020054ccdf00] sq: receive 1 ts 31.872 queue head -1 ts N/A
[in#0/mov,mp4,m4a,3gp,3g2,mj2 @ 0000020054c9f8c0] EOF while reading input
[h264 @ 0000020054cc1180] nal_unit_type: 1(Coded slice of a non-IDR picture), nal_ref_idc: 2
[out#0/hls @ 0000020054ccdf00] sq: send 0 ts 30.583333
[out#0/hls @ 0000020054ccdf00] sq: receive 0 ts 30.583333 queue head -1 ts N/A
[in#0/mov,mp4,m4a,3gp,3g2,mj2 @ 0000020054c9f8c0] Terminating thread with return code 0 (success)
[aist#0:1/aac @ 0000020054d68980] [dec:aac @ 0000020055b638c0] Decoder thread received EOF packet
[aist#0:1/aac @ 0000020054d68980] [dec:aac @ 0000020055b638c0] Decoder returned EOF, finishing
[aist#0:1/aac @ 0000020054d68980] [dec:aac @ 0000020055b638c0] Terminating thread with return code 0 (success)
[libx264 @ 0000020054ca7b00] frame= 656 QP=24.59 NAL=2 Slice:B Poc:24  I:262  P:4192 SKIP:3706 size=11777 bytes
[out#0/hls @ 0000020054ccdf00] sq: send 1 ts 31.893333
[out#0/hls @ 0000020054ccdf00] sq: receive 1 ts 31.893333 queue head -1 ts N/A
[out#0/hls @ 0000020054ccdf00] sq: send 1 ts 31.914667
[out#0/hls @ 0000020054ccdf00] sq: receive 1 ts 31.914667 queue head -1 ts N/A
[out#0/hls @ 0000020054ccdf00] sq: send 1 ts 31.936
[out#0/hls @ 0000020054ccdf00] sq: receive 1 ts 31.936 queue head -1 ts N/A
[out#0/hls @ 0000020054ccdf00] sq: send 1 ts 31.957333
[h264 @ 0000020054cc1c80] nal_unit_type: 1(Coded slice of a non-IDR picture), nal_ref_idc: 2
[out#0/hls @ 0000020054ccdf00] sq: receive 1 ts 31.957333 queue head -1 ts N/A
[out#0/hls @ 0000020054ccdf00] sq: send 1 ts 31.978667
[out#0/hls @ 0000020054ccdf00] sq: receive 1 ts 31.978667 queue head -1 ts N/A
[out#0/hls @ 0000020054ccdf00] sq: send 1 ts 32
[out#0/hls @ 0000020054ccdf00] sq: receive 1 ts 32 queue head -1 ts N/A
[out_#0:1 @ 000002005654a480] EOF on sink link out_#0:1:default.
[af#0:1 @ 0000020055102d80] Filtergraph returned EOF, finishing
[af#0:1 @ 0000020055102d80] All consumers returned EOF
[out#0/hls @ 0000020054ccdf00] sq: 1 EOF
[out#0/hls @ 0000020054ccdf00] sq: finish 1; head ts 32
[out#0/hls @ 0000020054ccdf00] sq: send 0 ts 30.625
[out#0/hls @ 0000020054ccdf00] sq: receive 0 ts 30.625 queue head -1 ts N/A
[libx264 @ 0000020054ca7b00] frame= 657 QP=26.24 NAL=0 Slice:B Poc:22  I:128  P:3154 SKIP:4878 size=7289 bytes
[out#0/hls @ 0000020054ccdf00] sq: send 0 ts 30.666667
[out#0/hls @ 0000020054ccdf00] sq: receive 0 ts 30.666667 queue head -1 ts N/A
[h264 @ 0000020054e28880] nal_unit_type: 1(Coded slice of a non-IDR picture), nal_ref_idc: 0
[libx264 @ 0000020054ca7b00] frame= 658 QP=26.30 NAL=0 Slice:B Poc:26  I:132  P:2849 SKIP:5179 size=6723 bytes
[out#0/hls @ 0000020054ccdf00] sq: 1 EOF
[af#0:1 @ 0000020055102d80] Terminating thread with return code 0 (success)
[out#0/hls @ 0000020054ccdf00] sq: send 0 ts 30.708333
[out#0/hls @ 0000020054ccdf00] sq: receive 0 ts 30.708333 queue head -1 ts N/A
[h264 @ 0000020054e29240] nal_unit_type: 1(Coded slice of a non-IDR picture), nal_ref_idc: 0
[libx264 @ 0000020054ca7b00] frame= 659 QP=20.27 NAL=2 Slice:P Poc:36  I:228  P:6681 SKIP:1251 size=28605 bytes
[out#0/hls @ 0000020054ccdf00] sq: send 0 ts 30.75
[out#0/hls @ 0000020054ccdf00] sq: receive 0 ts 30.75 queue head -1 ts N/A
[h264 @ 0000020054f4d980] nal_unit_type: 1(Coded slice of a non-IDR picture), nal_ref_idc: 2
[libx264 @ 0000020054ca7b00] frame= 660 QP=24.25 NAL=2 Slice:B Poc:32  I:34   P:4303 SKIP:3823 size=8704 bytes
[out#0/hls @ 0000020054ccdf00] sq: send 0 ts 30.791667
[out#0/hls @ 0000020054ccdf00] sq: receive 0 ts 30.791667 queue head -1 ts N/A
[h264 @ 0000020054f4e480] nal_unit_type: 1(Coded slice of a non-IDR picture), nal_ref_idc: 2
[libx264 @ 0000020054ca7b00] frame= 661 QP=25.95 NAL=0 Slice:B Poc:30  I:21   P:2928 SKIP:5211 size=4874 bytes
[out#0/hls @ 0000020054ccdf00] sq: send 0 ts 30.833333
[out#0/hls @ 0000020054ccdf00] sq: receive 0 ts 30.833333 queue head -1 ts N/A
[h264 @ 0000020054f0edc0] nal_unit_type: 1(Coded slice of a non-IDR picture), nal_ref_idc: 0
[libx264 @ 0000020054ca7b00] frame= 662 QP=26.10 NAL=0 Slice:B Poc:34  I:15   P:2977 SKIP:5168 size=4588 bytes
[out#0/hls @ 0000020054ccdf00] sq: send 0 ts 30.875
[out#0/hls @ 0000020054ccdf00] sq: receive 0 ts 30.875 queue head -1 ts N/A
[h264 @ 0000020054f0df00] nal_unit_type: 1(Coded slice of a non-IDR picture), nal_ref_idc: 0
[libx264 @ 0000020054ca7b00] frame= 663 QP=20.07 NAL=2 Slice:P Poc:44  I:1216 P:5991 SKIP:953  size=40915 bytes
[out#0/hls @ 0000020054ccdf00] sq: send 0 ts 30.916667
[out#0/hls @ 0000020054ccdf00] sq: receive 0 ts 30.916667 queue head -1 ts N/A
[h264 @ 0000020054f0f140] nal_unit_type: 1(Coded slice of a non-IDR picture), nal_ref_idc: 2
[libx264 @ 0000020054ca7b00] frame= 664 QP=24.57 NAL=2 Slice:B Poc:40  I:322  P:4016 SKIP:3822 size=11364 bytes
[out#0/hls @ 0000020054ccdf00] sq: send 0 ts 30.958333
[vist#0:0/h264 @ 0000020054f6edc0] [dec:h264 @ 0000020054cadd80] Decoder thread received EOF packet
[out#0/hls @ 0000020054ccdf00] sq: receive 0 ts 30.958333 queue head -1 ts N/A
[libx264 @ 0000020054ca7b00] frame= 665 QP=26.49 NAL=0 Slice:B Poc:38  I:137  P:2956 SKIP:5067 size=6508 bytes
[out#0/hls @ 0000020054ccdf00] sq: send 0 ts 31
[out#0/hls @ 0000020054ccdf00] sq: receive 0 ts 31 queue head -1 ts N/A
[libx264 @ 0000020054ca7b00] frame= 666 QP=26.52 NAL=0 Slice:B Poc:42  I:204  P:2580 SKIP:5376 size=7204 bytes
[out#0/hls @ 0000020054ccdf00] sq: send 0 ts 31.041667
[out#0/hls @ 0000020054ccdf00] sq: receive 0 ts 31.041667 queue head -1 ts N/A
[libx264 @ 0000020054ca7b00] frame= 667 QP=19.71 NAL=2 Slice:P Poc:52  I:838  P:6364 SKIP:958  size=36357 bytes
[out#0/hls @ 0000020054ccdf00] sq: send 0 ts 31.083333
[out#0/hls @ 0000020054ccdf00] sq: receive 0 ts 31.083333 queue head -1 ts N/A
[libx264 @ 0000020054ca7b00] frame= 668 QP=24.60 NAL=2 Slice:B Poc:48  I:284  P:4029 SKIP:3847 size=11485 bytes
[out#0/hls @ 0000020054ccdf00] sq: send 0 ts 31.125
[out#0/hls @ 0000020054ccdf00] sq: receive 0 ts 31.125 queue head -1 ts N/A
[libx264 @ 0000020054ca7b00] frame= 669 QP=26.29 NAL=0 Slice:B Poc:46  I:68   P:2872 SKIP:5220 size=6454 bytes
[out#0/hls @ 0000020054ccdf00] sq: send 0 ts 31.166667
[out#0/hls @ 0000020054ccdf00] sq: receive 0 ts 31.166667 queue head -1 ts N/A
[libx264 @ 0000020054ca7b00] frame= 670 QP=26.05 NAL=0 Slice:B Poc:50  I:79   P:2909 SKIP:5172 size=5844 bytes
[out#0/hls @ 0000020054ccdf00] sq: send 0 ts 31.208333
[out#0/hls @ 0000020054ccdf00] sq: receive 0 ts 31.208333 queue head -1 ts N/A
[libx264 @ 0000020054ca7b00] frame= 671 QP=19.25 NAL=2 Slice:P Poc:60  I:539  P:6861 SKIP:760  size=39287 bytes
[out#0/hls @ 0000020054ccdf00] sq: send 0 ts 31.25
[out#0/hls @ 0000020054ccdf00] sq: receive 0 ts 31.25 queue head -1 ts N/A
[libx264 @ 0000020054ca7b00] frame= 672 QP=24.28 NAL=2 Slice:B Poc:56  I:146  P:4584 SKIP:3430 size=10774 bytes
[out#0/hls @ 0000020054ccdf00] sq: send 0 ts 31.291667
[out#0/hls @ 0000020054ccdf00] sq: receive 0 ts 31.291667 queue head -1 ts N/A
[libx264 @ 0000020054ca7b00] frame= 673 QP=26.24 NAL=0 Slice:B Poc:54  I:47   P:2709 SKIP:5404 size=5462 bytes
[out#0/hls @ 0000020054ccdf00] sq: send 0 ts 31.333333
[out#0/hls @ 0000020054ccdf00] sq: receive 0 ts 31.333333 queue head -1 ts N/A
[libx264 @ 0000020054ca7b00] frame= 674 QP=26.64 NAL=0 Slice:B Poc:58  I:36   P:2238 SKIP:5886 size=4327 bytes
[out#0/hls @ 0000020054ccdf00] sq: send 0 ts 31.375
[out#0/hls @ 0000020054ccdf00] sq: receive 0 ts 31.375 queue head -1 ts N/A
frame=  675 fps=109 q=28.0 size=N/A time=00:00:28.04 bitrate=N/A speed=4.52x    [libx264 @ 0000020054ca7b00] frame= 675 QP=18.71 NAL=2 Slice:P Poc:64  I:174  P:6884 SKIP:1102 size=35345 bytes
[out#0/hls @ 0000020054ccdf00] sq: send 0 ts 31.416667
[out#0/hls @ 0000020054ccdf00] sq: receive 0 ts 31.416667 queue head -1 ts N/A
[libx264 @ 0000020054ca7b00] frame= 676 QP=27.02 NAL=0 Slice:B Poc:62  I:12   P:1997 SKIP:6151 size=3225 bytes
[out#0/hls @ 0000020054ccdf00] sq: send 0 ts 31.458333
[out#0/hls @ 0000020054ccdf00] sq: receive 0 ts 31.458333 queue head -1 ts N/A
[libx264 @ 0000020054ca7b00] frame= 677 QP=18.45 NAL=2 Slice:P Poc:68  I:216  P:5417 SKIP:2527 size=24701 bytes
[out#0/hls @ 0000020054ccdf00] sq: send 0 ts 31.5
[out#0/hls @ 0000020054ccdf00] sq: receive 0 ts 31.5 queue head -1 ts N/A
[libx264 @ 0000020054ca7b00] frame= 678 QP=27.31 NAL=0 Slice:B Poc:66  I:26   P:2003 SKIP:6131 size=3300 bytes
[out#0/hls @ 0000020054ccdf00] sq: send 0 ts 31.541667
[out#0/hls @ 0000020054ccdf00] sq: receive 0 ts 31.541667 queue head -1 ts N/A
[libx264 @ 0000020054ca7b00] frame= 679 QP=18.24 NAL=2 Slice:P Poc:72  I:306  P:5370 SKIP:2484 size=28213 bytes
[out#0/hls @ 0000020054ccdf00] sq: send 0 ts 31.583333
[out#0/hls @ 0000020054ccdf00] sq: receive 0 ts 31.583333 queue head -1 ts N/A
[libx264 @ 0000020054ca7b00] frame= 680 QP=27.45 NAL=0 Slice:B Poc:70  I:31   P:1561 SKIP:6568 size=3201 bytes
[out#0/hls @ 0000020054ccdf00] sq: send 0 ts 31.625
[out#0/hls @ 0000020054ccdf00] sq: receive 0 ts 31.625 queue head -1 ts N/A
[libx264 @ 0000020054ca7b00] frame= 681 QP=18.21 NAL=2 Slice:P Poc:76  I:489  P:3838 SKIP:3833 size=21555 bytes
[out#0/hls @ 0000020054ccdf00] sq: send 0 ts 31.666667
[vist#0:0/h264 @ 0000020054f6edc0] [dec:h264 @ 0000020054cadd80] Decoder returned EOF, finishing
[out#0/hls @ 0000020054ccdf00] sq: receive 0 ts 31.666667 queue head -1 ts N/A
[libx264 @ 0000020054ca7b00] frame= 682 QP=28.80 NAL=0 Slice:B Poc:74  I:72   P:1386 SKIP:6702 size=3882 bytes
[out#0/hls @ 0000020054ccdf00] sq: send 0 ts 31.708333
[vist#0:0/h264 @ 0000020054f6edc0] [dec:h264 @ 0000020054cadd80] Terminating thread with return code 0 (success)
[out#0/hls @ 0000020054ccdf00] sq: receive 0 ts 31.708333 queue head -1 ts N/A
[libx264 @ 0000020054ca7b00] frame= 683 QP=17.96 NAL=2 Slice:P Poc:80  I:368  P:4077 SKIP:3715 size=23984 bytes
[out#0/hls @ 0000020054ccdf00] sq: send 0 ts 31.75
[out#0/hls @ 0000020054ccdf00] sq: receive 0 ts 31.75 queue head -1 ts N/A
[libx264 @ 0000020054ca7b00] frame= 684 QP=28.57 NAL=0 Slice:B Poc:78  I:76   P:1120 SKIP:6964 size=3523 bytes
[out#0/hls @ 0000020054ccdf00] sq: send 0 ts 31.791667
[out#0/hls @ 0000020054ccdf00] sq: receive 0 ts 31.791667 queue head -1 ts N/A
[libx264 @ 0000020054ca7b00] frame= 685 QP=18.08 NAL=2 Slice:P Poc:84  I:246  P:3216 SKIP:4698 size=17028 bytes
[out#0/hls @ 0000020054ccdf00] sq: send 0 ts 31.833333
[out#0/hls @ 0000020054ccdf00] sq: receive 0 ts 31.833333 queue head -1 ts N/A
[libx264 @ 0000020054ca7b00] frame= 686 QP=28.20 NAL=0 Slice:B Poc:82  I:38   P:981  SKIP:7141 size=2769 bytes
[out#0/hls @ 0000020054ccdf00] sq: send 0 ts 31.875
[out#0/hls @ 0000020054ccdf00] sq: receive 0 ts 31.875 queue head -1 ts N/A
[libx264 @ 0000020054ca7b00] frame= 687 QP=17.92 NAL=2 Slice:P Poc:92  I:282  P:4862 SKIP:3016 size=22920 bytes
[out#0/hls @ 0000020054ccdf00] sq: send 0 ts 31.916667
[out#0/hls @ 0000020054ccdf00] sq: receive 0 ts 31.916667 queue head -1 ts N/A
[libx264 @ 0000020054ca7b00] frame= 688 QP=24.53 NAL=2 Slice:B Poc:88  I:73   P:3102 SKIP:4985 size=5544 bytes
[out#0/hls @ 0000020054ccdf00] sq: send 0 ts 31.958333
[out#0/hls @ 0000020054ccdf00] sq: receive 0 ts 31.958333 queue head -1 ts N/A
[libx264 @ 0000020054ca7b00] frame= 689 QP=28.98 NAL=0 Slice:B Poc:86  I:72   P:1890 SKIP:6198 size=3215 bytes
[out#0/hls @ 0000020054ccdf00] sq: send 0 ts 32
[out#0/hls @ 0000020054ccdf00] sq: receive 0 ts 32 queue head -1 ts N/A
[libx264 @ 0000020054ca7b00] frame= 690 QP=26.90 NAL=0 Slice:B Poc:90  I:67   P:2020 SKIP:6073 size=2955 bytes
[out_#0:0 @ 000002005654b680] EOF on sink link out_#0:0:default.
[vf#0:0 @ 0000020054f50200] Filtergraph returned EOF, finishing
[vf#0:0 @ 0000020054f50200] All consumers returned EOF
[out#0/hls @ 0000020054ccdf00] sq: 0 EOF
[out#0/hls @ 0000020054ccdf00] sq: finish 0; head ts 32
[out#0/hls @ 0000020054ccdf00] sq: finish queue
[aost#0:1/aac @ 0000020054f4f000] Encoder thread received EOF
[aost#0:1/aac @ 0000020054f4f000] Terminating thread with return code 0 (success)
[out#0/hls @ 0000020054ccdf00] sq: 0 EOF
[out#0/hls @ 0000020054ccdf00] sq: finish queue
[vf#0:0 @ 0000020054f50200] Terminating thread with return code 0 (success)
[libx264 @ 0000020054ca7b00] frame= 691 QP=17.82 NAL=2 Slice:P Poc:100 I:332  P:5341 SKIP:2487 size=29310 bytes
[libx264 @ 0000020054ca7b00] frame= 692 QP=24.99 NAL=2 Slice:B Poc:96  I:59   P:2950 SKIP:5151 size=5597 bytes
[libx264 @ 0000020054ca7b00] frame= 693 QP=27.72 NAL=0 Slice:B Poc:94  I:45   P:1630 SKIP:6485 size=3474 bytes
[libx264 @ 0000020054ca7b00] frame= 694 QP=27.96 NAL=0 Slice:B Poc:98  I:11   P:1861 SKIP:6288 size=2622 bytes
[libx264 @ 0000020054ca7b00] frame= 695 QP=18.10 NAL=2 Slice:P Poc:108 I:155  P:4050 SKIP:3955 size=18633 bytes
[libx264 @ 0000020054ca7b00] frame= 696 QP=24.82 NAL=2 Slice:B Poc:104 I:6    P:2699 SKIP:5455 size=4088 bytes
[libx264 @ 0000020054ca7b00] frame= 697 QP=28.62 NAL=0 Slice:B Poc:102 I:6    P:1885 SKIP:6269 size=2177 bytes
[libx264 @ 0000020054ca7b00] frame= 698 QP=26.58 NAL=0 Slice:B Poc:106 I:39   P:1836 SKIP:6285 size=2964 bytes
[libx264 @ 0000020054ca7b00] frame= 699 QP=18.29 NAL=2 Slice:P Poc:116 I:155  P:4006 SKIP:3999 size=17462 bytes
[vost#0:0/libx264 @ 0000020054ca7880] Encoder thread received EOF
[libx264 @ 0000020054ca7b00] frame= 700 QP=25.18 NAL=2 Slice:B Poc:112 I:34   P:2393 SKIP:5733 size=4506 bytes
[libx264 @ 0000020054ca7b00] frame= 701 QP=28.12 NAL=0 Slice:B Poc:110 I:21   P:1707 SKIP:6432 size=2535 bytes
[libx264 @ 0000020054ca7b00] frame= 702 QP=26.39 NAL=0 Slice:B Poc:114 I:2    P:1644 SKIP:6514 size=2305 bytes
[libx264 @ 0000020054ca7b00] frame= 703 QP=18.49 NAL=2 Slice:P Poc:124 I:177  P:4474 SKIP:3509 size=19696 bytes
[libx264 @ 0000020054ca7b00] scene cut at 729 Icost:2425346 Pcost:2362316 ratio:0.0260 bias:0.1810 gop:85 (imb:618 pmb:7170)
[libx264 @ 0000020054ca7b00] frame= 704 QP=25.35 NAL=2 Slice:B Poc:120 I:14   P:3029 SKIP:5117 size=4276 bytes
[libx264 @ 0000020054ca7b00] frame= 705 QP=27.55 NAL=0 Slice:B Poc:118 I:12   P:2097 SKIP:6051 size=2901 bytes
[libx264 @ 0000020054ca7b00] frame= 706 QP=28.42 NAL=0 Slice:B Poc:122 I:4    P:2061 SKIP:6095 size=2120 bytes
[libx264 @ 0000020054ca7b00] frame= 707 QP=18.98 NAL=2 Slice:P Poc:132 I:21   P:3142 SKIP:4997 size=11212 bytes
[libx264 @ 0000020054ca7b00] frame= 708 QP=24.67 NAL=2 Slice:B Poc:128 I:1    P:2183 SKIP:5976 size=3002 bytes
[libx264 @ 0000020054ca7b00] frame= 709 QP=28.27 NAL=0 Slice:B Poc:126 I:6    P:1653 SKIP:6501 size=1928 bytes
[libx264 @ 0000020054ca7b00] frame= 710 QP=28.06 NAL=0 Slice:B Poc:130 I:3    P:1852 SKIP:6305 size=1805 bytes
[libx264 @ 0000020054ca7b00] frame= 711 QP=19.86 NAL=2 Slice:P Poc:140 I:9    P:2266 SKIP:5885 size=6919 bytes
[libx264 @ 0000020054ca7b00] frame= 712 QP=24.99 NAL=2 Slice:B Poc:136 I:1    P:1611 SKIP:6548 size=2216 bytes
[libx264 @ 0000020054ca7b00] frame= 713 QP=28.94 NAL=0 Slice:B Poc:134 I:1    P:1377 SKIP:6782 size=1431 bytes
[libx264 @ 0000020054ca7b00] frame= 714 QP=27.82 NAL=0 Slice:B Poc:138 I:1    P:1429 SKIP:6730 size=1393 bytes
[libx264 @ 0000020054ca7b00] frame= 715 QP=20.98 NAL=2 Slice:P Poc:148 I:9    P:1524 SKIP:6627 size=4381 bytes
[libx264 @ 0000020054ca7b00] frame= 716 QP=25.38 NAL=2 Slice:B Poc:144 I:1    P:1186 SKIP:6973 size=1892 bytes
[libx264 @ 0000020054ca7b00] frame= 717 QP=27.51 NAL=0 Slice:B Poc:142 I:3    P:995  SKIP:7162 size=1194 bytes
[libx264 @ 0000020054ca7b00] frame= 718 QP=28.54 NAL=0 Slice:B Poc:146 I:4    P:989  SKIP:7167 size=1324 bytes
[libx264 @ 0000020054ca7b00] frame= 719 QP=23.05 NAL=2 Slice:P Poc:156 I:3    P:1232 SKIP:6925 size=3081 bytes
[libx264 @ 0000020054ca7b00] frame= 720 QP=27.10 NAL=2 Slice:B Poc:152 I:0    P:1137 SKIP:7023 size=1909 bytes
[libx264 @ 0000020054ca7b00] scene cut at 758 Icost:860608 Pcost:795585 ratio:0.0756 bias:0.1066 gop:29 (imb:2538 pmb:5250)
[libx264 @ 0000020054ca7b00] frame= 721 QP=29.00 NAL=0 Slice:B Poc:150 I:1    P:1019 SKIP:7140 size=1237 bytes
[libx264 @ 0000020054ca7b00] frame= 722 QP=28.19 NAL=0 Slice:B Poc:154 I:3    P:1096 SKIP:7061 size=1229 bytes
[libx264 @ 0000020054ca7b00] frame= 723 QP=9.00 NAL=2 Slice:P Poc:164 I:1    P:0    SKIP:8159 size=88 bytes
[libx264 @ 0000020054ca7b00] frame= 724 QP=13.00 NAL=2 Slice:B Poc:160 I:0    P:1    SKIP:8159 size=72 bytes
[libx264 @ 0000020054ca7b00] frame= 725 QP=30.68 NAL=0 Slice:B Poc:158 I:1    P:276  SKIP:7883 size=920 bytes
[libx264 @ 0000020054ca7b00] frame= 726 QP=13.00 NAL=0 Slice:B Poc:162 I:0    P:0    SKIP:8160 size=68 bytes
[libx264 @ 0000020054ca7b00] frame= 727 QP=9.00 NAL=2 Slice:P Poc:168 I:0    P:0    SKIP:8160 size=78 bytes
[libx264 @ 0000020054ca7b00] frame= 728 QP=13.00 NAL=0 Slice:B Poc:166 I:0    P:0    SKIP:8160 size=68 bytes
[libx264 @ 0000020054ca7b00] frame= 729 QP=15.31 NAL=3 Slice:I Poc:0   I:8160 P:0    SKIP:0    size=26850 bytes
[hls @ 000002005524e040] Opening './uploads/art/06bf5f12-7b13-4496-898b-37a6aac259cf/segment002.ts' for writing
[file @ 0000020054e57400] Setting default whitelist 'file,crypto,data'
[libx264 @ 0000020054ca7b00] frame= 730 QP=14.83 NAL=2 Slice:P Poc:8   I:4    P:4    SKIP:8152 size=100 bytes
[libx264 @ 0000020054ca7b00] frame= 731 QP=12.00 NAL=2 Slice:B Poc:4   I:0    P:3    SKIP:8157 size=70 bytes
[libx264 @ 0000020054ca7b00] frame= 732 QP=13.00 NAL=0 Slice:B Poc:2   I:0    P:2    SKIP:8158 size=70 bytes
[libx264 @ 0000020054ca7b00] frame= 733 QP=13.00 NAL=0 Slice:B Poc:6   I:0    P:0    SKIP:8160 size=68 bytes
[libx264 @ 0000020054ca7b00] frame= 734 QP=13.10 NAL=2 Slice:P Poc:16  I:1    P:0    SKIP:8159 size=82 bytes
[libx264 @ 0000020054ca7b00] frame= 735 QP=12.00 NAL=2 Slice:B Poc:12  I:0    P:0    SKIP:8160 size=70 bytes
[AVIOContext @ 0000020055b66980] Statistics: 2100900 bytes written, 0 seeks, 9 writeouts
[libx264 @ 0000020054ca7b00] frame= 736 QP=13.00 NAL=0 Slice:B Poc:10  I:0    P:0    SKIP:8160 size=68 bytes
[libx264 @ 0000020054ca7b00] frame= 737 QP=13.00 NAL=0 Slice:B Poc:14  I:0    P:0    SKIP:8160 size=68 bytes
[libx264 @ 0000020054ca7b00] frame= 738 QP=13.10 NAL=2 Slice:P Poc:24  I:1    P:0    SKIP:8159 size=82 bytes
[libx264 @ 0000020054ca7b00] frame= 739 QP=12.00 NAL=2 Slice:B Poc:20  I:0    P:0    SKIP:8160 size=70 bytes
[libx264 @ 0000020054ca7b00] frame= 740 QP=13.00 NAL=0 Slice:B Poc:18  I:0    P:0    SKIP:8160 size=68 bytes
[libx264 @ 0000020054ca7b00] frame= 741 QP=13.00 NAL=0 Slice:B Poc:22  I:0    P:0    SKIP:8160 size=68 bytes
[libx264 @ 0000020054ca7b00] frame= 742 QP=9.00 NAL=2 Slice:P Poc:32  I:0    P:0    SKIP:8160 size=77 bytes
[libx264 @ 0000020054ca7b00] frame= 743 QP=12.00 NAL=2 Slice:B Poc:28  I:0    P:0    SKIP:8160 size=70 bytes
[libx264 @ 0000020054ca7b00] frame= 744 QP=13.00 NAL=0 Slice:B Poc:26  I:0    P:0    SKIP:8160 size=68 bytes
[libx264 @ 0000020054ca7b00] frame= 745 QP=13.00 NAL=0 Slice:B Poc:30  I:0    P:0    SKIP:8160 size=68 bytes
[libx264 @ 0000020054ca7b00] frame= 746 QP=9.00 NAL=2 Slice:P Poc:40  I:0    P:0    SKIP:8160 size=77 bytes
[libx264 @ 0000020054ca7b00] frame= 747 QP=12.00 NAL=2 Slice:B Poc:36  I:0    P:0    SKIP:8160 size=70 bytes
[libx264 @ 0000020054ca7b00] frame= 748 QP=13.00 NAL=0 Slice:B Poc:34  I:0    P:0    SKIP:8160 size=68 bytes
[libx264 @ 0000020054ca7b00] frame= 749 QP=13.00 NAL=0 Slice:B Poc:38  I:0    P:0    SKIP:8160 size=68 bytes
[libx264 @ 0000020054ca7b00] frame= 750 QP=7.27 NAL=2 Slice:P Poc:48  I:0    P:1    SKIP:8159 size=83 bytes
[libx264 @ 0000020054ca7b00] frame= 751 QP=12.00 NAL=2 Slice:B Poc:44  I:0    P:0    SKIP:8160 size=70 bytes
[libx264 @ 0000020054ca7b00] frame= 752 QP=13.00 NAL=0 Slice:B Poc:42  I:0    P:0    SKIP:8160 size=68 bytes
[libx264 @ 0000020054ca7b00] frame= 753 QP=13.00 NAL=0 Slice:B Poc:46  I:0    P:0    SKIP:8160 size=68 bytes
[libx264 @ 0000020054ca7b00] frame= 754 QP=9.00 NAL=2 Slice:P Poc:56  I:0    P:0    SKIP:8160 size=77 bytes
[libx264 @ 0000020054ca7b00] frame= 755 QP=12.00 NAL=2 Slice:B Poc:52  I:0    P:0    SKIP:8160 size=70 bytes
[libx264 @ 0000020054ca7b00] frame= 756 QP=13.00 NAL=0 Slice:B Poc:50  I:0    P:0    SKIP:8160 size=68 bytes
[libx264 @ 0000020054ca7b00] frame= 757 QP=13.00 NAL=0 Slice:B Poc:54  I:0    P:0    SKIP:8160 size=68 bytes
[libx264 @ 0000020054ca7b00] frame= 758 QP=15.81 NAL=3 Slice:I Poc:0   I:8160 P:0    SKIP:0    size=19246 bytes
[libx264 @ 0000020054ca7b00] frame= 759 QP=14.80 NAL=2 Slice:P Poc:8   I:6    P:19   SKIP:8135 size=128 bytes
[libx264 @ 0000020054ca7b00] frame= 760 QP=16.94 NAL=2 Slice:B Poc:4   I:0    P:20   SKIP:8140 size=94 bytes
[libx264 @ 0000020054ca7b00] frame= 761 QP=13.00 NAL=0 Slice:B Poc:2   I:0    P:11   SKIP:8149 size=78 bytes
[libx264 @ 0000020054ca7b00] frame= 762 QP=13.00 NAL=0 Slice:B Poc:6   I:0    P:1    SKIP:8159 size=69 bytes
[libx264 @ 0000020054ca7b00] frame= 763 QP=14.98 NAL=2 Slice:P Poc:16  I:0    P:1    SKIP:8159 size=81 bytes
[libx264 @ 0000020054ca7b00] frame= 764 QP=16.94 NAL=2 Slice:B Poc:12  I:0    P:8    SKIP:8152 size=83 bytes
[libx264 @ 0000020054ca7b00] frame= 765 QP=13.00 NAL=0 Slice:B Poc:10  I:0    P:0    SKIP:8160 size=68 bytes
[libx264 @ 0000020054ca7b00] frame= 766 QP=13.00 NAL=0 Slice:B Poc:14  I:0    P:0    SKIP:8160 size=68 bytes
[libx264 @ 0000020054ca7b00] frame= 767 QP=13.00 NAL=2 Slice:P Poc:18  I:0    P:0    SKIP:8160 size=76 bytes
[vost#0:0/libx264 @ 0000020054ca7880] Terminating thread with return code 0 (success)
[out#0/hls @ 0000020054ccdf00] All streams finished
[out#0/hls @ 0000020054ccdf00] Terminating thread with return code 0 (success)
[hls @ 000002005524e040] Opening './uploads/art/06bf5f12-7b13-4496-898b-37a6aac259cf/segment003.ts' for writing
[file @ 0000020054e56a80] Setting default whitelist 'file,crypto,data'
[AVIOContext @ 0000020057940f80] Statistics: 57152 bytes written, 0 seeks, 1 writeouts
[hls @ 000002005524e040] Opening './uploads/art/06bf5f12-7b13-4496-898b-37a6aac259cf/index.m3u8' for writing
[file @ 0000020054e56d40] Setting default whitelist 'file,crypto,data'
EXT-X-MEDIA-SEQUENCE:0
[AVIOContext @ 00000200579401c0] Statistics: 244 bytes written, 0 seeks, 1 writeouts
[out#0/hls @ 0000020054ccdf00] Output file #0 (./uploads/art/06bf5f12-7b13-4496-898b-37a6aac259cf/index.m3u8):
[out#0/hls @ 0000020054ccdf00]   Output stream #0:0 (video): 768 frames encoded; 768 packets muxed (9783237 bytes); 
[out#0/hls @ 0000020054ccdf00]   Output stream #0:1 (audio): 1500 frames encoded (1536000 samples); 1501 packets muxed (399135 bytes); 
[out#0/hls @ 0000020054ccdf00]   Total: 2269 packets (10182372 bytes) muxed
[out#0/hls @ 0000020054ccdf00] video:9554KiB audio:390KiB subtitle:0KiB other streams:0KiB global headers:0KiB muxing overhead: unknown
frame=  768 fps=118 q=-1.0 Lsize=N/A time=00:00:31.91 bitrate=N/A speed=4.91x    
[libx264 @ 0000020054ca7b00] frame I:8     Avg QP:16.45  size:119849
[libx264 @ 0000020054ca7b00] frame P:212   Avg QP:19.19  size: 29128
[libx264 @ 0000020054ca7b00] frame B:548   Avg QP:25.80  size:  4833
[libx264 @ 0000020054ca7b00] consecutive B-frames:  1.7%  8.6%  2.7% 87.0%
[libx264 @ 0000020054ca7b00] mb I  I16..4: 25.3% 34.1% 40.6%
[libx264 @ 0000020054ca7b00] mb P  I16..4:  1.5%  2.7%  1.8%  P16..4: 28.0%  9.2%  5.6%  0.0%  0.0%    skip:51.3%
[libx264 @ 0000020054ca7b00] mb B  I16..4:  0.2%  0.2%  0.1%  B16..8: 17.9%  1.8%  0.4%  direct: 0.8%  skip:78.6%  L0:39.9% L1:55.8% BI: 4.3%
[libx264 @ 0000020054ca7b00] 8x8 transform intra:40.1% inter:59.3%
[libx264 @ 0000020054ca7b00] coded y,uvDC,uvAC intra: 48.9% 56.8% 32.1% inter: 5.7% 8.3% 0.5%
[libx264 @ 0000020054ca7b00] i16 v,h,dc,p: 47% 21%  8% 24%
[libx264 @ 0000020054ca7b00] i8 v,h,dc,ddl,ddr,vr,hd,vl,hu: 26% 23% 25%  3%  5%  4%  6%  3%  5%
[libx264 @ 0000020054ca7b00] i4 v,h,dc,ddl,ddr,vr,hd,vl,hu: 24% 27% 14%  5%  7%  6%  7%  5%  6%
[libx264 @ 0000020054ca7b00] i8c dc,h,v,p: 56% 23% 17%  5%
[libx264 @ 0000020054ca7b00] Weighted P-Frames: Y:0.5% UV:0.5%
[libx264 @ 0000020054ca7b00] ref P L0: 70.6%  8.2% 16.5%  4.7%
[libx264 @ 0000020054ca7b00] ref B L0: 88.8%  9.1%  2.1%
[libx264 @ 0000020054ca7b00] ref B L1: 96.4%  3.6%
[libx264 @ 0000020054ca7b00] kb/s:2445.64
[aac @ 0000020054f0e280] Qavg: 16071.970
[in#0/mov,mp4,m4a,3gp,3g2,mj2 @ 0000020054c9f8c0] Input file #0 (uploads\file-fe6560c7-2155-44d6-9ad5-9033099f61da.mp4):
[in#0/mov,mp4,m4a,3gp,3g2,mj2 @ 0000020054c9f8c0]   Input stream #0:0 (video): 768 packets read (11411616 bytes); 768 frames decoded; 0 decode errors; 
[in#0/mov,mp4,m4a,3gp,3g2,mj2 @ 0000020054c9f8c0]   Input stream #0:1 (audio): 1501 packets read (500959 bytes); 1500 frames decoded; 0 decode errors (1536000 samples); 
[in#0/mov,mp4,m4a,3gp,3g2,mj2 @ 0000020054c9f8c0]   Total: 2269 packets (11912575 bytes) demuxed
[AVIOContext @ 0000020054cae000] Statistics: 11975675 bytes read, 2 seeks
